sheet_year,block_label,block_month,block_year,berth_label,berth_name,berth_length_ft,group_label,row_index,start_col,start_day,end_day,span_days,span_source,start_date,end_date,date_valid,raw_value,fill
1997,AUGUST 1997,8,1997,North Pier West - 410',North Pier West,410,"",4,C,2,2,1,single,1997-08-02,1997-08-02,true,F/V Swift Dory,"solid|fg=indexed=""44"" |bg=indexed=""64"""
1997,AUGUST 1997,8,1997,North Pier West - 410',North Pier West,410,"",4,L,11,11,1,single,1997-08-11,1997-08-11,true,Community sail day,"solid|fg=indexed=""43"" |bg=indexed=""64"""
1997,AUGUST 1997,8,1997,North Pier West - 410',North Pier West,410,"",4,AA,26,28,3,fill_run,1997-08-26,1997-08-28,true,S/V IRON PETREL,"solid|fg=indexed=""44"" |bg=indexed=""64"""
1997,AUGUST 1997,8,1997,North Pier East - 240',North Pier East,240,"",6,D,3,4,2,fill_run,1997-08-03,1997-08-04,true,F/V Deep Cove,"solid|fg=indexed=""44"" |bg=indexed=""64"""
1997,AUGUST 1997,8,1997,North Pier East - 240',North Pier East,240,"",6,AB,27,30,4,fill_run,1997-08-27,1997-08-30,true,Tug WESTERN CURRENT,"solid|fg=indexed=""44"" |bg=indexed=""64"""
1997,AUGUST 1997,8,1997,South Float West - 90',South Float West,90,"",8,H,7,9,3,fill_run,1997-08-07,1997-08-09,true,M/V Swift Petrel,"solid|fg=indexed=""44"" |bg=indexed=""64"""
1997,AUGUST 1997,8,1997,South Float East - 90',South Float East,90,"",9,C,2,5,4,fill_run,1997-08-02,1997-08-05,true,S/V FAR HORIZON,"solid|fg=indexed=""44"" |bg=indexed=""64"""
1997,AUGUST 1997,8,1997,South Float East - 90',South Float East,90,"",9,Q,16,17,2,fill_run,1997-08-16,1997-08-17,true,S/V FAR HORIZON,"solid|fg=indexed=""44"" |bg=indexed=""64"""
1997,AUGUST 1997,8,1997,South Float East - 90',South Float East,90,"",9,Z,25,30,6,fill_run,1997-08-25,1997-08-30,true,S/V FAR HORIZON,"solid|fg=indexed=""44"" |bg=indexed=""64"""
1997,SEPTEMBER 1997,9,1997,North Pier West - 410',North Pier West,410,"",15,H,7,9,3,fill_run,1997-09-07,1997-09-09,true,R/V NORTHERN MERIDIAN,"solid|fg=indexed=""44"" |bg=indexed=""64"""
1997,SEPTEMBER 1997,9,1997,North Pier West - 410',North Pier West,410,"",15,K,10,11,2,fill_run,1997-09-10,1997-09-11,true,F/V Long Drift,"solid|fg=indexed=""15"" |bg=indexed=""64"""
1997,SEPTEMBER 1997,9,1997,North Pier West - 410',North Pier West,410,"",15,O,14,15,2,fill_run,1997-09-14,1997-09-15,true,Community sail day,"solid|fg=indexed=""43"" |bg=indexed=""64"""
1997,SEPTEMBER 1997,9,1997,North Pier West - 410',North Pier West,410,"",15,U,20,21,2,fill_run,1997-09-20,1997-09-21,true,R/V Quiet Tern,"solid|fg=indexed=""44"" |bg=indexed=""64"""
1997,SEPTEMBER 1997,9,1997,North Pier East - 240',North Pier East,240,"",17,B,1,5,5,fill_run,1997-09-01,1997-09-05,true,Tug WESTERN CURRENT,"solid|fg=indexed=""44"" |bg=indexed=""64"""
1997,SEPTEMBER 1997,9,1997,North Pier East - 240',North Pier East,240,"",17,G,6,6,1,single,1997-09-06,1997-09-06,true,R/V CLEAR STAR,"solid|fg=indexed=""15"" |bg=indexed=""64"""
1997,SEPTEMBER 1997,9,1997,North Pier East - 240',North Pier East,240,"",17,Q,16,20,5,fill_run,1997-09-16,1997-09-20,true,Barge SALT DORY,"solid|fg=indexed=""44"" |bg=indexed=""64"""
1997,SEPTEMBER 1997,9,1997,North Pier East - 240',North Pier East,240,"",17,V,21,22,2,fill_run,1997-09-21,1997-09-22,true,S/V IRON PETREL,"solid|fg=indexed=""15"" |bg=indexed=""64"""
1997,SEPTEMBER 1997,9,1997,North Pier East - 240',North Pier East,240,"",17,AE,30,30,1,single,1997-09-30,1997-09-30,true,Barge SALT DORY,"solid|fg=indexed=""44"" |bg=indexed=""64"""
1997,SEPTEMBER 1997,9,1997,South Float East - 90',South Float East,90,"",20,D,3,3,1,single,1997-09-03,1997-09-03,true,S/V FAR HORIZON,"solid|fg=indexed=""44"" |bg=indexed=""64"""
1997,SEPTEMBER 1997,9,1997,South Float East - 90',South Float East,90,"",20,Q,16,16,1,single,1997-09-16,1997-09-16,true,Barge Golden Star,"solid|fg=indexed=""44"" |bg=indexed=""64"""
1997,SEPTEMBER 1997,9,1997,South Float East - 90',South Float East,90,"",20,T,19,19,1,single,1997-09-19,1997-09-19,true,Barge WESTERN COVE,"solid|fg=indexed=""44"" |bg=indexed=""64"""
1997,OCTOBER 1997,10,1997,North Pier West - 410',North Pier West,410,"",26,M,12,16,5,fill_run,1997-10-12,1997-10-16,true,M/V NORTHERN HARBOR,"solid|fg=indexed=""44"" |bg=indexed=""64"""
1997,OCTOBER 1997,10,1997,North Pier West - 410',North Pier West,410,"",26,AB,27,27,1,single,1997-10-27,1997-10-27,true,M/V NORTHERN HARBOR,"solid|fg=indexed=""44"" |bg=indexed=""64"""
1997,OCTOBER 1997,10,1997,North Pier East - 240',North Pier East,240,"",28,C,2,12,11,fill_run,1997-10-02,1997-10-12,true,Barge SALT DORY,"solid|fg=indexed=""44"" |bg=indexed=""64"""
1997,OCTOBER 1997,10,1997,North Pier East - 240',North Pier East,240,"",28,T,19,22,4,fill_run,1997-10-19,1997-10-22,true,Barge SALT DORY,"solid|fg=indexed=""44"" |bg=indexed=""64"""
1997,OCTOBER 1997,10,1997,North Pier East - 240',North Pier East,240,"",28,AC,28,31,4,fill_run,1997-10-28,1997-10-31,true,Barge SALT DORY,"solid|fg=indexed=""44"" |bg=indexed=""64"""
1997,OCTOBER 1997,10,1997,South Float East - 90',South Float East,90,"",31,M,12,16,5,fill_run,1997-10-12,1997-10-16,true,S/V FAR HORIZON,"solid|fg=indexed=""44"" |bg=indexed=""64"""
1997,NOVEMBER 1997,11,1997,North Pier West - 410',North Pier West,410,"",37,C,2,30,29,fill_run,1997-11-02,1997-11-30,true,M/V NORTHERN HARBOR,"solid|fg=indexed=""44"" |bg=indexed=""64"""
1997,NOVEMBER 1997,11,1997,North Pier East - 240',North Pier East,240,"",39,C,2,8,7,fill_run,1997-11-02,1997-11-08,true,Barge SALT DORY,"solid|fg=indexed=""44"" |bg=indexed=""64"""
1997,NOVEMBER 1997,11,1997,North Pier East - 240',North Pier East,240,"",39,AB,27,30,4,fill_run,1997-11-27,1997-11-30,true,Barge SALT DORY,"solid|fg=indexed=""44"" |bg=indexed=""64"""
1997,NOVEMBER 1997,11,1997,South Float East - 90',South Float East,90,"",42,E,4,11,8,fill_run,1997-11-04,1997-11-11,true,Tug WESTERN CURRENT,"solid|fg=indexed=""44"" |bg=indexed=""64"""
1997,DECEMBER 1997,12,1997,North Pier West - 410',North Pier West,410,"",48,C,2,31,30,fill_run,1997-12-02,1997-12-31,true,M/V NORTHERN HARBOR,"solid|fg=indexed=""44"" |bg=indexed=""64"""
1997,DECEMBER 1997,12,1997,North Pier East - 240',North Pier East,240,"",50,F,5,31,27,fill_run,1997-12-05,1997-12-31,true,Barge SALT DORY,"solid|fg=indexed=""44"" |bg=indexed=""64"""
1998,JANUARY 1998,1,1998,North Pier West - 410',North Pier West,410,"",4,B,1,18,18,fill_run,1998-01-01,1998-01-18,true,M/V Northern Harbor,"solid|fg=indexed=""44"" |bg=indexed=""64"""
1998,JANUARY 1998,1,1998,North Pier West - 410',North Pier West,410,"",4,AF,31,31,1,single,1998-01-31,1998-01-31,true,M/V Northern Harbor,"solid|fg=indexed=""44"" |bg=indexed=""64"""
1998,JANUARY 1998,1,1998,North Pier East - 240',North Pier East,240,"",6,B,1,31,31,fill_run,1998-01-01,1998-01-31,true,Tug Swift Anchor,"solid|fg=indexed=""44"" |bg=indexed=""64"""
1998,FEBRUARY 1998,2,1998,North Pier West - 410',North Pier West,410,"",15,C,2,4,3,fill_run,1998-02-02,1998-02-04,true,M/V Northern Harbor,"solid|fg=indexed=""44"" |bg=indexed=""64"""
1998,FEBRUARY 1998,2,1998,North Pier East - 240',North Pier East,240,"",17,B,1,28,28,fill_run,1998-02-01,1998-02-28,true,Tug Swift Anchor,"solid|fg=indexed=""44"" |bg=indexed=""64"""
1998,MARCH 1998,3,1998,North Pier East - 240',North Pier East,240,"",28,B,1,31,31,fill_run,1998-03-01,1998-03-31,true,Tug Swift Anchor,"solid|fg=indexed=""44"" |bg=indexed=""64"""
1998,MARCH 1998,3,1998,South Float East - 90',South Float East,90,"",31,Y,24,31,8,fill_run,1998-03-24,1998-03-31,true,Tug Western Current,"solid|fg=indexed=""41"" |bg=indexed=""64"""
1998,APRIL 1998,4,1998,North Pier West - 410',North Pier West,410,"",37,D,3,19,17,fill_run,1998-04-03,1998-04-19,true,M/V Northern Harbor,"solid|fg=indexed=""44"" |bg=indexed=""64"""
1998,APRIL 1998,4,1998,North Pier East - 240',North Pier East,240,"",39,B,1,6,6,fill_run,1998-04-01,1998-04-06,true,Barge Salt Dory,"solid|fg=indexed=""44"" |bg=indexed=""64"""
1998,APRIL 1998,4,1998,North Pier East - 240',North Pier East,240,"",39,R,17,21,5,fill_run,1998-04-17,1998-04-21,true,Barge Salt Dory,"solid|fg=indexed=""44"" |bg=indexed=""64"""
1998,APRIL 1998,4,1998,North Pier East - 240',North Pier East,240,"",39,AA,26,30,5,fill_run,1998-04-26,1998-04-30,true,Barge Salt Dory,"solid|fg=indexed=""44"" |bg=indexed=""64"""
1998,APRIL 1998,4,1998,South Float East - 90',South Float East,90,"",42,C,2,6,5,fill_run,1998-04-02,1998-04-06,true,Tug Western Current,"solid|fg=indexed=""41"" |bg=indexed=""64"""
1998,MAY 1998,5,1998,North Pier East - 240',North Pier East,240,"",50,F,5,5,1,single,1998-05-05,1998-05-05,true,Barge Salt Dory,"solid|fg=indexed=""44"" |bg=indexed=""64"""
1998,MAY 1998,5,1998,North Pier East - 240',North Pier East,240,"",50,N,13,18,6,fill_run,1998-05-13,1998-05-18,true,Barge Salt Dory,"solid|fg=indexed=""44"" |bg=indexed=""64"""
1998,JUNE 1998,6,1998,North Pier West - 410',North Pier West,410,"",59,I,8,8,1,single,1998-06-08,1998-06-08,true,Barge Western Cove,"solid|fg=indexed=""42"" |bg=indexed=""64"""
1998,JUNE 1998,6,1998,North Pier West - 410',North Pier West,410,"",59,AD,29,30,2,fill_run,1998-06-29,1998-06-30,true,R/V Clear Sextant,"solid|fg=indexed=""44"" |bg=indexed=""64"""
1998,JUNE 1998,6,1998,North Pier East - 240',North Pier East,240,"",61,C,2,6,5,fill_run,1998-06-02,1998-06-06,true,Barge Salt Dory,"solid|fg=indexed=""44"" |bg=indexed=""64"""
1998,JUNE 1998,6,1998,North Pier East - 240',North Pier East,240,"",61,Q,16,21,6,fill_run,1998-06-16,1998-06-21,true,Barge Salt Dory,"solid|fg=indexed=""44"" |bg=indexed=""64"""
1998,JUNE 1998,6,1998,North Pier East - 240',North Pier East,240,"",61,W,22,24,3,fill_run,1998-06-22,1998-06-24,true,R/V Amber Ledge,"solid|fg=indexed=""41"" |bg=indexed=""64"""
1998,JUNE 1998,6,1998,North Pier East - 240',North Pier East,240,"",61,AA,26,29,4,fill_run,1998-06-26,1998-06-29,true,Barge Salt Dory,"solid|fg=indexed=""44"" |bg=indexed=""64"""
1998,JUNE 1998,6,1998,South Float East - 90',South Float East,90,"",64,F,5,6,2,fill_run,1998-06-05,1998-06-06,true,M/V Golden Skua,"solid|fg=indexed=""11"" |bg=indexed=""64"""
1998,JUNE 1998,6,1998,South Float East - 90',South Float East,90,"",64,J,9,16,8,fill_run,1998-06-09,1998-06-16,true,S/V Far Horizon,"solid|fg=indexed=""43"" |bg=indexed=""64"""
1998,JUNE 1998,6,1998,South Float East - 90',South Float East,90,"",64,Z,25,26,2,fill_run,1998-06-25,1998-06-26,true,S/V Far Horizon,"solid|fg=indexed=""43"" |bg=indexed=""64"""
1998,JULY 1998,7,1998,North Pier West - 410',North Pier West,410,"",70,B,1,24,24,fill_run,1998-07-01,1998-07-24,true,R/V Clear Sextant,"solid|fg=indexed=""44"" |bg=indexed=""64"""
1998,JULY 1998,7,1998,North Pier West - 410',North Pier West,410,"",70,AA,26,28,3,fill_run,1998-07-26,1998-07-28,true,S/V Long Gannet,"solid|fg=indexed=""14"" |bg=indexed=""64"""
1998,JULY 1998,7,1998,North Pier West - 410',North Pier West,410,"",70,AF,31,31,1,single,1998-07-31,1998-07-31,true,OSV Wild Star,"solid|fg=indexed=""15"" |bg=indexed=""64"""
1998,JULY 1998,7,1998,North Pier East - 240',North Pier East,240,"",72,B,1,30,30,fill_run,1998-07-01,1998-07-30,true,Barge Salt Dory,"solid|fg=indexed=""44"" |bg=indexed=""64"""
1998,JULY 1998,7,1998,South Float East - 90',South Float East,90,"",75,F,5,7,3,fill_run,1998-07-05,1998-07-07,true,S/V Far Horizon,"solid|fg=indexed=""43"" |bg=indexed=""64"""
1998,JULY 1998,7,1998,South Float East - 90',South Float East,90,"",75,K,10,11,2,fill_run,1998-07-10,1998-07-11,true,M/V Deep Reef,"solid|fg=indexed=""11"" |bg=indexed=""64"""
1998,JULY 1998,7,1998,South Float East - 90',South Float East,90,"",75,Z,25,25,1,single,1998-07-25,1998-07-25,true,Barge Western Cove,"solid|fg=indexed=""42"" |bg=indexed=""64"""
1998,JULY 1998,7,1998,South Float East - 90',South Float East,90,"",75,AA,26,30,5,fill_run,1998-07-26,1998-07-30,true,S/V Far Horizon,"solid|fg=indexed=""43"" |bg=indexed=""64"""
1998,AUGUST 1998,8,1998,North Pier West - 410',North Pier West,410,"",81,B,1,3,3,fill_run,1998-08-01,1998-08-03,true,OSV Wild Star,"solid|fg=indexed=""15"" |bg=indexed=""64"""
1998,AUGUST 1998,8,1998,North Pier West - 410',North Pier West,410,"",81,E,4,7,4,fill_run,1998-08-04,1998-08-07,true,R/V Clear Sextant,"solid|fg=indexed=""44"" |bg=indexed=""64"""
1998,AUGUST 1998,8,1998,North Pier West - 410',North Pier West,410,"",81,I,8,10,3,fill_run,1998-08-08,1998-08-10,true,S/V Grey Reef,"solid|fg=indexed=""41"" |bg=indexed=""64"""
1998,AUGUST 1998,8,1998,North Pier West - 410',North Pier West,410,"",81,V,21,24,4,fill_run,1998-08-21,1998-08-24,true,OSV Wild Star,"solid|fg=indexed=""15"" |bg=indexed=""64"""
1998,AUGUST 1998,8,1998,North Pier East - 240',North Pier East,240,"",83,C,2,4,3,fill_run,1998-08-02,1998-08-04,true,OSV Western Tern,"solid|fg=indexed=""41"" |bg=indexed=""64"""
1998,AUGUST 1998,8,1998,North Pier East - 240',North Pier East,240,"",83,M,12,14,3,fill_run,1998-08-12,1998-08-14,true,R/V Iron Harbor,"solid|fg=indexed=""41"" |bg=indexed=""64"""
1998,AUGUST 1998,8,1998,North Pier East - 240',North Pier East,240,"",83,W,22,24,3,fill_run,1998-08-22,1998-08-24,true,R/V Clear Sextant,"solid|fg=indexed=""44"" |bg=indexed=""64"""
1998,AUGUST 1998,8,1998,North Pier East - 240',North Pier East,240,"",83,Z,25,26,2,fill_run,1998-08-25,1998-08-26,true,OSV Western Tern,"solid|fg=indexed=""41"" |bg=indexed=""64"""
1998,AUGUST 1998,8,1998,North Pier East - 240',North Pier East,240,"",83,AC,28,31,4,fill_run,1998-08-28,1998-08-31,true,Barge Salt Dory,"solid|fg=indexed=""44"" |bg=indexed=""64"""
1998,AUGUST 1998,8,1998,South Float West - 90',South Float West,90,"",85,B,1,1,1,single,1998-08-01,1998-08-01,true,M/V Deep Reef,"solid|fg=indexed=""11"" |bg=indexed=""64"""
1998,AUGUST 1998,8,1998,South Float West - 90',South Float West,90,"",85,E,4,6,3,fill_run,1998-08-04,1998-08-06,true,M/V Deep Reef,"solid|fg=indexed=""11"" |bg=indexed=""64"""
1998,AUGUST 1998,8,1998,South Float West - 90',South Float West,90,"",85,L,11,15,5,fill_run,1998-08-11,1998-08-15,true,M/V Blue Tern,"solid|fg=indexed=""11"" |bg=indexed=""64"""
1998,AUGUST 1998,8,1998,South Float West - 90',South Float West,90,"",85,V,21,21,1,single,1998-08-21,1998-08-21,true,M/V Bright Drift,"solid|fg=indexed=""11"" |bg=indexed=""64"""
1998,AUGUST 1998,8,1998,South Float East - 90',South Float East,90,"",86,C,2,2,1,single,1998-08-02,1998-08-02,true,R/V Wild Dory,"solid|fg=indexed=""41"" |bg=indexed=""64"""
1998,AUGUST 1998,8,1998,South Float East - 90',South Float East,90,"",86,D,3,7,5,fill_run,1998-08-03,1998-08-07,true,S/V Far Horizon,"solid|fg=indexed=""43"" |bg=indexed=""64"""
1998,AUGUST 1998,8,1998,South Float East - 90',South Float East,90,"",86,P,15,19,5,fill_run,1998-08-15,1998-08-19,true,S/V Far Horizon,"solid|fg=indexed=""43"" |bg=indexed=""64"""
1998,AUGUST 1998,8,1998,South Float East - 90',South Float East,90,"",86,Y,24,30,7,fill_run,1998-08-24,1998-08-30,true,S/V Far Horizon,"solid|fg=indexed=""43"" |bg=indexed=""64"""
1998,SEPTEMBER 1998,9,1998,North Pier West - 410',North Pier West,410,"",92,H,7,8,2,fill_run,1998-09-07,1998-09-08,true,R/V Quiet Tern,"solid|fg=indexed=""41"" |bg=indexed=""64"""
1998,SEPTEMBER 1998,9,1998,North Pier West - 410',North Pier West,410,"",92,J,9,12,4,fill_run,1998-09-09,1998-09-12,true,R/V Clear Sextant,"solid|fg=indexed=""44"" |bg=indexed=""64"""
1998,SEPTEMBER 1998,9,1998,North Pier West - 410',North Pier West,410,"",92,Q,16,21,6,fill_run,1998-09-16,1998-09-21,true,OSV Wild Star,"solid|fg=indexed=""15"" |bg=indexed=""64"""
1998,SEPTEMBER 1998,9,1998,North Pier West - 410',North Pier West,410,"",92,Z,25,27,3,fill_run,1998-09-25,1998-09-27,true,OSV Wild Star,"solid|fg=indexed=""15"" |bg=indexed=""64"""
1998,SEPTEMBER 1998,9,1998,North Pier West - 410',North Pier West,410,"",93,O,14,20,7,fill_run,1998-09-14,1998-09-20,true,Barge Salt Dory,"solid|fg=indexed=""44"" |bg=indexed=""64"""
1998,SEPTEMBER 1998,9,1998,North Pier West - 410',North Pier West,410,"",93,Y,24,26,3,fill_run,1998-09-24,1998-09-26,true,Tug Blue Fathom,"solid|fg=indexed=""41"" |bg=indexed=""64"""
1998,SEPTEMBER 1998,9,1998,North Pier Face - 75',North Pier Face,75,"",94,W,22,25,4,fill_run,1998-09-22,1998-09-25,true,F/V Long Heron,"solid|fg=indexed=""41"" |bg=indexed=""64"""
1998,SEPTEMBER 1998,9,1998,North Pier East - 240',North Pier East,240,"",95,B,1,3,3,fill_run,1998-09-01,1998-09-03,true,Barge Salt Dory,"solid|fg=indexed=""44"" |bg=indexed=""64"""
1998,SEPTEMBER 1998,9,1998,North Pier East - 240',North Pier East,240,"",95,G,6,7,2,fill_run,1998-09-06,1998-09-07,true,F/V Long Heron,"solid|fg=indexed=""41"" |bg=indexed=""64"""
1998,SEPTEMBER 1998,9,1998,North Pier East - 240',North Pier East,240,"",95,L,11,17,7,fill_run,1998-09-11,1998-09-17,true,R/V Clear Sextant,"solid|fg=indexed=""44"" |bg=indexed=""64"""
1998,SEPTEMBER 1998,9,1998,North Pier East - 240',North Pier East,240,"",95,T,19,21,3,fill_run,1998-09-19,1998-09-21,true,Barge Salt Dory,"solid|fg=indexed=""44"" |bg=indexed=""64"""
1998,SEPTEMBER 1998,9,1998,South Float East - 90',South Float East,90,"",98,J,9,15,7,fill_run,1998-09-09,1998-09-15,true,OSV Blue Osprey,"solid|fg=indexed=""44"" |bg=indexed=""64"""
1998,OCTOBER 1998,10,1998,North Pier West - 410',North Pier West,410,"",104,I,8,9,2,fill_run,1998-10-08,1998-10-09,true,Tug Blue Fathom,"solid|fg=indexed=""41"" |bg=indexed=""64"""
1998,OCTOBER 1998,10,1998,North Pier West - 410',North Pier West,410,"",104,K,10,14,5,fill_run,1998-10-10,1998-10-14,true,OSV Wild Star,"solid|fg=indexed=""15"" |bg=indexed=""64"""
1998,OCTOBER 1998,10,1998,North Pier Face - 75',North Pier Face,75,"",105,P,15,17,3,fill_run,1998-10-15,1998-10-17,true,F/V Long Heron,"solid|fg=indexed=""41"" |bg=indexed=""64"""
1998,OCTOBER 1998,10,1998,North Pier East - 240',North Pier East,240,"",106,E,4,10,7,fill_run,1998-10-04,1998-10-10,true,Barge Salt Dory,"solid|fg=indexed=""44"" |bg=indexed=""64"""
1998,OCTOBER 1998,10,1998,North Pier East - 240',North Pier East,240,"",106,M,12,16,5,fill_run,1998-10-12,1998-10-16,true,Barge Salt Dory,"solid|fg=indexed=""44"" |bg=indexed=""64"""
1998,OCTOBER 1998,10,1998,North Pier East - 240',North Pier East,240,"",106,X,23,28,6,fill_run,1998-10-23,1998-10-28,true,Barge Salt Dory,"solid|fg=indexed=""44"" |bg=indexed=""64"""
1998,OCTOBER 1998,10,1998,South Float East - 90',South Float East,90,"",109,E,4,9,6,fill_run,1998-10-04,1998-10-09,true,S/V Far Horizon,"solid|fg=indexed=""43"" |bg=indexed=""64"""
1998,NOVEMBER 1998,11,1998,North Pier West - 410',North Pier West,410,"",115,B,1,30,30,fill_run,1998-11-01,1998-11-30,true,R/V Clear Sextant,"solid|fg=indexed=""44"" |bg=indexed=""64"""
1998,NOVEMBER 1998,11,1998,North Pier East - 240',North Pier East,240,"",117,K,10,14,5,fill_run,1998-11-10,1998-11-14,true,Barge Salt Dory,"solid|fg=indexed=""44"" |bg=indexed=""64"""
1998,NOVEMBER 1998,11,1998,North Pier East - 240',North Pier East,240,"",117,Z,25,28,4,fill_run,1998-11-25,1998-11-28,true,S/V Quiet Drift,"solid|fg=indexed=""50"" |bg=indexed=""64"""
1998,DECEMBER 1998,12,1998,North Pier West - 410',North Pier West,410,"",126,B,1,31,31,fill_run,1998-12-01,1998-12-31,true,R/V Clear Sextant,"solid|fg=indexed=""44"" |bg=indexed=""64"""
1998,DECEMBER 1998,12,1998,North Pier Face - 75',North Pier Face,75,"",127,F,5,10,6,fill_run,1998-12-05,1998-12-10,true,S/V Quiet Drift,"solid|fg=indexed=""50"" |bg=indexed=""64"""
1998,DECEMBER 1998,12,1998,North Pier East - 240',North Pier East,240,"",128,D,3,31,29,fill_run,1998-12-03,1998-12-31,true,Barge Salt Dory,"solid|fg=indexed=""44"" |bg=indexed=""64"""
1999,JANUARY 1999,1,1999,North Pier West - 410',North Pier West,410,"",4,B,1,31,31,fill_run,1999-01-01,1999-01-31,true,R/V Clear Sextant,"solid|fg=indexed=""44"" |bg=indexed=""64"""
1999,JANUARY 1999,1,1999,North Pier East - 240',North Pier East,240,"",6,B,1,31,31,fill_run,1999-01-01,1999-01-31,true,Barge Salt Dory,"solid|fg=indexed=""44"" |bg=indexed=""64"""
1999,FEBRUARY 1999,2,1999,North Pier West - 410',North Pier West,410,"",15,F,5,11,7,fill_run,1999-02-05,1999-02-11,true,R/V Clear Sextant,"solid|fg=indexed=""44"" |bg=indexed=""64"""
1999,FEBRUARY 1999,2,1999,North Pier West - 410',North Pier West,410,"",15,Z,25,26,2,fill_run,1999-02-25,1999-02-26,true,R/V Quiet Tern,"solid|fg=indexed=""41"" |bg=indexed=""64"""
1999,FEBRUARY 1999,2,1999,North Pier East - 240',North Pier East,240,"",17,E,4,6,3,fill_run,1999-02-04,1999-02-06,true,Barge Salt Dory,"solid|fg=indexed=""44"" |bg=indexed=""64"""
1999,MARCH 1999,3,1999,North Pier West - 410',North Pier West,410,"",26,W,22,31,10,fill_run,1999-03-22,1999-03-31,true,R/V Clear Sextant,"solid|fg=indexed=""44"" |bg=indexed=""64"""
1999,MARCH 1999,3,1999,North Pier East - 240',North Pier East,240,"",28,U,20,31,12,fill_run,1999-03-20,1999-03-31,true,Barge Salt Dory,"solid|fg=indexed=""44"" |bg=indexed=""64"""
1999,APRIL 1999,4,1999,North Pier West - 410',North Pier West,410,"",37,B,1,15,15,fill_run,1999-04-01,1999-04-15,true,R/V Clear Sextant,"solid|fg=indexed=""44"" |bg=indexed=""64"""
1999,APRIL 1999,4,1999,North Pier East - 240',North Pier East,240,"",39,S,18,24,7,fill_run,1999-04-18,1999-04-24,true,Barge Salt Dory,"solid|fg=indexed=""44"" |bg=indexed=""64"""
1999,APRIL 1999,4,1999,South Float West - 90',South Float West,90,"",41,B,1,30,30,fill_run,1999-04-01,1999-04-30,true,M/V Wild Reef,"solid|fg=indexed=""15"" |bg=indexed=""64"""
1999,MAY 1999,5,1999,North Pier West - 410',North Pier West,410,"",48,U,20,20,1,single,1999-05-20,1999-05-20,true,Tug Blue Fathom,"solid|fg=indexed=""15"" |bg=indexed=""64"""
1999,MAY 1999,5,1999,North Pier West - 410',North Pier West,410,"",48,W,22,23,2,fill_run,1999-05-22,1999-05-23,true,M/Y Clear Reef,"solid|fg=indexed=""41"" |bg=indexed=""64"""
1999,MAY 1999,5,1999,North Pier West - 410',North Pier West,410,"",48,AC,28,28,1,single,1999-05-28,1999-05-28,true,OSV Wild Star,"solid|fg=indexed=""15"" |bg=indexed=""64"""
1999,MAY 1999,5,1999,North Pier East - 240',North Pier East,240,"",50,AF,31,31,1,single,1999-05-31,1999-05-31,true,Tug Blue Fathom,"solid|fg=indexed=""15"" |bg=indexed=""64"""
1999,MAY 1999,5,1999,South Float West - 90',South Float West,90,"",52,F,5,23,19,fill_run,1999-05-05,1999-05-23,true,M/V Wild Reef,"solid|fg=indexed=""15"" |bg=indexed=""64"""
1999,MAY 1999,5,1999,South Float West - 90',South Float West,90,"",52,AD,29,29,1,single,1999-05-29,1999-05-29,true,Tug Long Reef,"solid|fg=indexed=""42"" |bg=indexed=""64"""
1999,JUNE 1999,6,1999,North Pier West - 410',North Pier West,410,"",59,D,3,3,1,single,1999-06-03,1999-06-03,true,OSV Wild Star,"solid|fg=indexed=""15"" |bg=indexed=""64"""
1999,JUNE 1999,6,1999,North Pier West - 410',North Pier West,410,"",59,I,8,10,3,fill_run,1999-06-08,1999-06-10,true,R/V Iron Ketch,"solid|fg=indexed=""42"" |bg=indexed=""64"""
1999,JUNE 1999,6,1999,North Pier West - 410',North Pier West,410,"",59,N,13,13,1,single,1999-06-13,1999-06-13,true,OSV Blue Drift,"solid|fg=indexed=""41"" |bg=indexed=""64"""
1999,JUNE 1999,6,1999,North Pier West - 410',North Pier West,410,"",59,AB,27,27,1,single,1999-06-27,1999-06-27,true,R/V Quiet Fathom,"solid|fg=indexed=""41"" |bg=indexed=""64"""
1999,JUNE 1999,6,1999,North Pier West - 410',North Pier West,410,"",59,AD,29,29,1,single,1999-06-29,1999-06-29,true,R/V Quiet Tern,"solid|fg=indexed=""41"" |bg=indexed=""64"""
1999,JUNE 1999,6,1999,North Pier East - 240',North Pier East,240,"",61,C,2,2,1,single,1999-06-02,1999-06-02,true,Tug Blue Fathom,"solid|fg=indexed=""15"" |bg=indexed=""64"""
1999,JUNE 1999,6,1999,North Pier East - 240',North Pier East,240,"",61,H,7,9,3,fill_run,1999-06-07,1999-06-09,true,Tug Western Current,"solid|fg=indexed=""41"" |bg=indexed=""64"""
1999,JUNE 1999,6,1999,North Pier East - 240',North Pier East,240,"",61,N,13,13,1,single,1999-06-13,1999-06-13,true,S/V Iron Petrel,"solid|fg=indexed=""41"" |bg=indexed=""64"""
1999,JUNE 1999,6,1999,South Float East - 90',South Float East,90,"",64,N,13,13,1,single,1999-06-13,1999-06-13,true,Barge Western Cove,"solid|fg=indexed=""13"" |bg=indexed=""64"""
1999,JUNE 1999,6,1999,South Float East - 90',South Float East,90,"",64,T,19,25,7,fill_run,1999-06-19,1999-06-25,true,S/V Far Horizon,"solid|fg=indexed=""43"" |bg=indexed=""64"""
1999,JULY 1999,7,1999,North Pier West - 410',North Pier West,410,"",70,E,4,5,2,fill_run,1999-07-04,1999-07-05,true,OSV Wild Star,"solid|fg=indexed=""15"" |bg=indexed=""64"""
1999,JULY 1999,7,1999,North Pier West - 410',North Pier West,410,"",70,V,21,24,4,fill_run,1999-07-21,1999-07-24,true,Emergency port call,"solid|fg=indexed=""11"" |bg=indexed=""64"""
1999,JULY 1999,7,1999,North Pier West - 410',North Pier West,410,"",70,Z,25,30,6,fill_run,1999-07-25,1999-07-30,true,R/V Clear Sextant,"solid|fg=indexed=""44"" |bg=indexed=""64"""
1999,JULY 1999,7,1999,North Pier East - 240',North Pier East,240,"",72,V,21,22,2,fill_run,1999-07-21,1999-07-22,true,R/V Iron Harbor,"solid|fg=indexed=""15"" |bg=indexed=""64"""
1999,JULY 1999,7,1999,North Pier East - 240',North Pier East,240,"",72,AA,26,29,4,fill_run,1999-07-26,1999-07-29,true,Tug Western Current,"solid|fg=indexed=""41"" |bg=indexed=""64"""
1999,JULY 1999,7,1999,South Float West - 90',South Float West,90,"",74,D,3,4,2,fill_run,1999-07-03,1999-07-04,true,S/V Deep Wind,"solid|fg=indexed=""11"" |bg=indexed=""64"""
1999,JULY 1999,7,1999,South Float East - 90',South Float East,90,"",75,F,5,9,5,fill_run,1999-07-05,1999-07-09,true,S/V Far Horizon,"solid|fg=indexed=""43"" |bg=indexed=""64"""
1999,JULY 1999,7,1999,South Float East - 90',South Float East,90,"",75,AC,28,31,4,fill_run,1999-07-28,1999-07-31,true,S/V Far Horizon,"solid|fg=indexed=""43"" |bg=indexed=""64"""
1999,AUGUST 1999,8,1999,North Pier West - 410',North Pier West,410,"",81,K,10,25,16,fill_run,1999-08-10,1999-08-25,true,R/V Clear Sextant,"solid|fg=indexed=""44"" |bg=indexed=""64"""
1999,AUGUST 1999,8,1999,North Pier West - 410',North Pier West,410,"",81,AA,26,27,2,fill_run,1999-08-26,1999-08-27,true,R/V Quiet Tern,"solid|fg=indexed=""41"" |bg=indexed=""64"""
1999,AUGUST 1999,8,1999,North Pier West - 410',North Pier West,410,"",81,AC,28,28,1,single,1999-08-28,1999-08-28,true,R/V Long Anchor,"solid|fg=indexed=""42"" |bg=indexed=""64"""
1999,AUGUST 1999,8,1999,North Pier Face - 75',North Pier Face,75,"",82,N,13,20,8,fill_run,1999-08-13,1999-08-20,true,M/Y Coral Wind,"solid|fg=indexed=""51"" |bg=indexed=""64"""
1999,AUGUST 1999,8,1999,North Pier East - 240',North Pier East,240,"",83,I,8,9,2,fill_run,1999-08-08,1999-08-09,true,R/V Iron Harbor,"solid|fg=indexed=""15"" |bg=indexed=""64"""
1999,AUGUST 1999,8,1999,North Pier East - 240',North Pier East,240,"",83,O,14,14,1,single,1999-08-14,1999-08-14,true,R/V Iron Harbor,"solid|fg=indexed=""15"" |bg=indexed=""64"""
1999,AUGUST 1999,8,1999,North Pier East - 240',North Pier East,240,"",83,X,23,23,1,single,1999-08-23,1999-08-23,true,M/V Green Beacon,"solid|fg=indexed=""11"" |bg=indexed=""64"""
1999,AUGUST 1999,8,1999,North Pier East - 240',North Pier East,240,"",83,AA,26,30,5,fill_run,1999-08-26,1999-08-30,true,S/V Iron Petrel,"solid|fg=indexed=""42"" |bg=indexed=""64"""
1999,AUGUST 1999,8,1999,North Pier East - 240',North Pier East,240,"",83,AF,31,31,1,single,1999-08-31,1999-08-31,true,Barge Salt Dory,"solid|fg=indexed=""44"" |bg=indexed=""64"""
1999,AUGUST 1999,8,1999,South Float West - 90',South Float West,90,"",85,D,3,4,2,fill_run,1999-08-03,1999-08-04,true,M/V Long Wind,"solid|fg=indexed=""42"" |bg=indexed=""64"""
1999,AUGUST 1999,8,1999,South Float West - 90',South Float West,90,"",85,AC,28,28,1,single,1999-08-28,1999-08-28,true,S/V Swift Reef,"solid|fg=indexed=""42"" |bg=indexed=""64"""
1999,AUGUST 1999,8,1999,South Float East - 90',South Float East,90,"",86,G,6,10,5,fill_run,1999-08-06,1999-08-10,true,S/V Far Horizon,"solid|fg=indexed=""43"" |bg=indexed=""64"""
1999,AUGUST 1999,8,1999,South Float East - 90',South Float East,90,"",86,S,18,22,5,fill_run,1999-08-18,1999-08-22,true,S/V Far Horizon,"solid|fg=indexed=""43"" |bg=indexed=""64"""
1999,AUGUST 1999,8,1999,South Float East - 90',South Float East,90,"",86,Y,24,24,1,single,1999-08-24,1999-08-24,true,S/V Wild Horizon,"solid|fg=indexed=""43"" |bg=indexed=""64"""
1999,SEPTEMBER 1999,9,1999,North Pier West - 410',North Pier West,410,"",92,B,1,5,5,fill_run,1999-09-01,1999-09-05,true,S/V Iron Petrel,"solid|fg=indexed=""42"" |bg=indexed=""64"""
1999,SEPTEMBER 1999,9,1999,North Pier West - 410',North Pier West,410,"",92,O,14,19,6,fill_run,1999-09-14,1999-09-19,true,R/V Clear Sextant,"solid|fg=indexed=""44"" |bg=indexed=""64"""
1999,SEPTEMBER 1999,9,1999,North Pier West - 410',North Pier West,410,"",92,Z,25,28,4,fill_run,1999-09-25,1999-09-28,true,R/V Iron Ketch,"solid|fg=indexed=""42"" |bg=indexed=""64"""
1999,SEPTEMBER 1999,9,1999,North Pier Face - 75',North Pier Face,75,"",93,V,21,22,2,fill_run,1999-09-21,1999-09-22,true,R/V Long Anchor,"solid|fg=indexed=""42"" |bg=indexed=""64"""
1999,SEPTEMBER 1999,9,1999,North Pier East - 240',North Pier East,240,"",94,D,3,30,28,fill_run,1999-09-03,1999-09-30,true,Barge Salt Dory,"solid|fg=indexed=""44"" |bg=indexed=""64"""
1999,SEPTEMBER 1999,9,1999,South Float West - 90',South Float West,90,"",96,I,8,8,1,single,1999-09-08,1999-09-08,true,R/V SALT DRIFT,"solid|fg=indexed=""51"" |bg=indexed=""64"""
1999,OCTOBER 1999,10,1999,North Pier West - 410',North Pier West,410,"",103,F,5,5,1,single,1999-10-05,1999-10-05,true,R/V Long Anchor,"solid|fg=indexed=""42"" |bg=indexed=""64"""
1999,OCTOBER 1999,10,1999,North Pier West - 410',North Pier West,410,"",103,I,8,9,2,fill_run,1999-10-08,1999-10-09,true,R/V Long Anchor,"solid|fg=indexed=""42"" |bg=indexed=""64"""
1999,OCTOBER 1999,10,1999,North Pier West - 410',North Pier West,410,"",103,L,11,11,1,single,1999-10-11,1999-10-11,true,R/V Long Anchor,"solid|fg=indexed=""42"" |bg=indexed=""64"""
1999,OCTOBER 1999,10,1999,North Pier West - 410',North Pier West,410,"",103,AB,27,29,3,fill_run,1999-10-27,1999-10-29,true,R/V Long Anchor,"solid|fg=indexed=""42"" |bg=indexed=""64"""
1999,OCTOBER 1999,10,1999,North Pier East - 240',North Pier East,240,"",105,C,2,7,6,fill_run,1999-10-02,1999-10-07,true,Barge Salt Dory,"solid|fg=indexed=""44"" |bg=indexed=""64"""
1999,OCTOBER 1999,10,1999,North Pier East - 240',North Pier East,240,"",105,R,17,30,14,fill_run,1999-10-17,1999-10-30,true,Barge Salt Dory,"solid|fg=indexed=""44"" |bg=indexed=""64"""
1999,OCTOBER 1999,10,1999,South Float East - 90',South Float East,90,"",108,J,9,14,6,fill_run,1999-10-09,1999-10-14,true,S/V Far Horizon,"solid|fg=indexed=""43"" |bg=indexed=""64"""
1999,OCTOBER 1999,10,1999,South Float East - 90',South Float East,90,"",108,AD,29,29,1,single,1999-10-29,1999-10-29,true,R/V SALT DRIFT,"solid|fg=indexed=""42"" |bg=indexed=""64"""
1999,NOVEMBER 1999,11,1999,North Pier West - 410',North Pier West,410,"",114,T,19,30,12,fill_run,1999-11-19,1999-11-30,true,Barge Salt Dory,"solid|fg=indexed=""44"" |bg=indexed=""64"""
1999,NOVEMBER 1999,11,1999,North Pier East - 240',North Pier East,240,"",116,B,1,5,5,fill_run,1999-11-01,1999-11-05,true,Barge Salt Dory,"solid|fg=indexed=""44"" |bg=indexed=""64"""
1999,DECEMBER 1999,12,1999,North Pier West - 410',North Pier West,410,"",125,B,1,31,31,fill_run,1999-12-01,1999-12-31,true,Barge Salt Dory,"solid|fg=indexed=""44"" |bg=indexed=""64"""
2000,JANUARY 2000,1,2000,North Pier West - 410',North Pier West,410,"",4,B,1,31,31,fill_run,2000-01-01,2000-01-31,true,Barge Salt Dory,"solid|fg=indexed=""44"" |bg=indexed=""64"""
2000,FEBRUARY 2000,2,2000,North Pier West - 410',North Pier West,410,"",15,B,1,29,29,fill_run,2000-02-01,2000-02-29,true,Barge Salt Dory,"solid|fg=indexed=""44"" |bg=indexed=""64"""
2000,FEBRUARY 2000,2,2000,North Pier East - 240',North Pier East,240,"",17,AA,26,27,2,fill_run,2000-02-26,2000-02-27,true,R/V Long Anchor,"solid|fg=theme=""9"" tint=""0.3999755851924192"" |bg=indexed=""64"""
2000,MARCH 2000,3,2000,North Pier West - 410',North Pier West,410,"",26,B,1,31,31,fill_run,2000-03-01,2000-03-31,true,Barge Salt Dory,"solid|fg=indexed=""44"" |bg=indexed=""64"""
2000,MARCH 2000,3,2000,North Pier East - 240',North Pier East,240,"",28,M,12,20,9,fill_run,2000-03-12,2000-03-20,true,R/V Clear Sextant,"solid|fg=indexed=""44"" |bg=indexed=""64"""
2000,MARCH 2000,3,2000,North Pier East - 240',North Pier East,240,"",28,AA,26,27,2,merge,2000-03-26,2000-03-27,true,R/V Long Anchor,"solid|fg=indexed=""11"" |bg=indexed=""64"""
2000,APRIL 2000,4,2000,North Pier West - 410',North Pier West,410,"",37,E,4,7,4,fill_run,2000-04-04,2000-04-07,true,Barge Salt Dory,"solid|fg=indexed=""44"" |bg=indexed=""64"""
2000,APRIL 2000,4,2000,North Pier West - 410',North Pier West,410,"",37,AA,26,28,3,fill_run,2000-04-26,2000-04-28,true,S/V Iron Petrel,"solid|fg=theme=""9"" tint=""0.3999755851924192"" |bg=indexed=""64"""
2000,APRIL 2000,4,2000,North Pier East - 240',North Pier East,240,"",39,K,10,15,6,fill_run,2000-04-10,2000-04-15,true,Barge Salt Dory,"solid|fg=indexed=""44"" |bg=indexed=""64"""
2000,APRIL 2000,4,2000,North Pier East - 240',North Pier East,240,"",39,U,20,25,6,fill_run,2000-04-20,2000-04-25,true,Barge Salt Dory,"solid|fg=indexed=""44"" |bg=indexed=""64"""
2000,APRIL 2000,4,2000,South Float East - 90',South Float East,90,"",42,X,23,25,3,fill_run,2000-04-23,2000-04-25,true,S/V Silver Harbor,"solid|fg=indexed=""40"" |bg=indexed=""64"""
2000,MAY 2000,5,2000,North Pier West - 410',North Pier West,410,"",48,Y,24,26,3,fill_run,2000-05-24,2000-05-26,true,Barge Long Voyager,"solid|fg=indexed=""42"" |bg=indexed=""64"""
2000,MAY 2000,5,2000,North Pier West - 410',North Pier West,410,"",48,AD,29,29,1,single,2000-05-29,2000-05-29,true,F/V Iron Wind,"solid|fg=indexed=""44"" |bg=indexed=""64"""
2000,MAY 2000,5,2000,North Pier East - 240',North Pier East,240,"",50,D,3,8,6,fill_run,2000-05-03,2000-05-08,true,Barge Salt Dory,"solid|fg=indexed=""44"" |bg=indexed=""64"""
2000,MAY 2000,5,2000,North Pier East - 240',North Pier East,240,"",50,L,11,11,1,single,2000-05-11,2000-05-11,true,Barge Salt Dory,"solid|fg=indexed=""44"" |bg=indexed=""64"""
2000,MAY 2000,5,2000,North Pier East - 240',North Pier East,240,"",50,V,21,26,6,fill_run,2000-05-21,2000-05-26,true,Barge Salt Dory,"solid|fg=indexed=""44"" |bg=indexed=""64"""
2000,MAY 2000,5,2000,South Float West - 90',South Float West,90,"",52,Z,25,31,7,fill_run,2000-05-25,2000-05-31,true,M/V Wild Reef,"solid|fg=indexed=""15"" |bg=indexed=""64"""
2000,MAY 2000,5,2000,South Float East - 90',South Float East,90,"",53,Y,24,24,1,single,2000-05-24,2000-05-24,true,M/Y Wild Sextant,"solid|fg=indexed=""46"" |bg=indexed=""64"""
2000,JUNE 2000,6,2000,North Pier West - 410',North Pier West,410,"",59,B,1,30,30,fill_run,2000-06-01,2000-06-30,true,F/V Iron Wind,"solid|fg=indexed=""44"" |bg=indexed=""64"""
2000,JUNE 2000,6,2000,North Pier Face - 75',North Pier Face,75,"",60,AC,28,28,1,single,2000-06-28,2000-06-28,true,R/V Salt Ledge,"solid|fg=theme=""9"" tint=""0.3999755851924192"" |bg=indexed=""64"""
2000,JUNE 2000,6,2000,North Pier East - 240',North Pier East,240,"",61,D,3,8,6,fill_run,2000-06-03,2000-06-08,true,Barge Salt Dory,"solid|fg=indexed=""44"" |bg=indexed=""64"""
2000,JUNE 2000,6,2000,North Pier East - 240',North Pier East,240,"",61,L,11,11,1,single,2000-06-11,2000-06-11,true,R/V Wild Harbor,"solid|fg=indexed=""45"" |bg=indexed=""64"""
2000,JUNE 2000,6,2000,North Pier East - 240',North Pier East,240,"",61,M,12,29,18,fill_run,2000-06-12,2000-06-29,true,Barge Salt Dory,"solid|fg=indexed=""44"" |bg=indexed=""64"""
2000,JUNE 2000,6,2000,South Float West - 90',South Float West,90,"",63,B,1,21,21,fill_run,2000-06-01,2000-06-21,true,M/V Wild Reef,"solid|fg=indexed=""15"" |bg=indexed=""64"""
2000,JUNE 2000,6,2000,South Float West - 90',South Float West,90,"",63,X,23,30,8,fill_run,2000-06-23,2000-06-30,true,Barge Wild Skua,"solid|fg=indexed=""46"" |bg=indexed=""64"""
2000,JUNE 2000,6,2000,South Float East - 90',South Float East,90,"",64,Q,16,24,9,fill_run,2000-06-16,2000-06-24,true,S/V Far Horizon,"solid|fg=indexed=""43"" |bg=indexed=""64"""
2000,JULY 2000,7,2000,North Pier West - 410',North Pier West,410,"",70,B,1,9,9,fill_run,2000-07-01,2000-07-09,true,F/V Iron Wind,"solid|fg=indexed=""44"" |bg=indexed=""64"""
2000,JULY 2000,7,2000,North Pier West - 410',North Pier West,410,"",70,R,17,31,15,fill_run,2000-07-17,2000-07-31,true,R/V Clear Sextant,"solid|fg=indexed=""44"" |bg=indexed=""64"""
2000,JULY 2000,7,2000,North Pier East - 240',North Pier East,240,"",72,F,5,18,14,fill_run,2000-07-05,2000-07-18,true,Barge Salt Dory,"solid|fg=indexed=""44"" |bg=indexed=""64"""
2000,JULY 2000,7,2000,North Pier East - 240',North Pier East,240,"",72,AB,27,30,4,fill_run,2000-07-27,2000-07-30,true,R/V Swift Sextant,"solid|fg=rgb=""FFFFC000"" |bg=indexed=""64"""
2000,JULY 2000,7,2000,South Float West - 90',South Float West,90,"",74,B,1,1,1,single,2000-07-01,2000-07-01,true,Barge Wild Skua,"solid|fg=indexed=""46"" |bg=indexed=""64"""
2000,JULY 2000,7,2000,South Float West - 90',South Float West,90,"",74,P,15,16,2,fill_run,2000-07-15,2000-07-16,true,M/V Salt Sextant,"solid|fg=indexed=""15"" |bg=indexed=""64"""
2000,JULY 2000,7,2000,South Float East - 90',South Float East,90,"",75,D,3,7,5,fill_run,2000-07-03,2000-07-07,true,S/V Far Horizon,"solid|fg=indexed=""43"" |bg=indexed=""64"""
2000,JULY 2000,7,2000,South Float East - 90',South Float East,90,"",75,Q,16,16,1,single,2000-07-16,2000-07-16,true,Tug Long Osprey,"solid|fg=indexed=""46"" |bg=indexed=""64"""
2000,JULY 2000,7,2000,South Float East - 90',South Float East,90,"",75,R,17,18,2,fill_run,2000-07-17,2000-07-18,true,Tug Far Reef,"solid|fg=indexed=""45"" |bg=indexed=""64"""
2000,JULY 2000,7,2000,South Float East - 90',South Float East,90,"",75,AA,26,31,6,fill_run,2000-07-26,2000-07-31,true,S/V Far Horizon,"solid|fg=indexed=""43"" |bg=indexed=""64"""
2000,AUGUST 2000,8,2000,North Pier West - 410',North Pier West,410,"",81,B,1,12,12,fill_run,2000-08-01,2000-08-12,true,R/V Clear Sextant,"solid|fg=indexed=""44"" |bg=indexed=""64"""
2000,AUGUST 2000,8,2000,North Pier West - 410',North Pier West,410,"",81,P,15,16,2,repeat,2000-08-15,2000-08-16,true,F/V SALT FATHOM,"solid|fg=theme=""5"" tint=""0.5999938962981048"" |bg=indexed=""64"""
2000,AUGUST 2000,8,2000,North Pier West - 410',North Pier West,410,"",81,AB,27,28,2,fill_run,2000-08-27,2000-08-28,true,R/V Wild Harbor,"solid|fg=theme=""5"" tint=""0.3999755851924192"" |bg=indexed=""64"""
2000,AUGUST 2000,8,2000,North Pier Face - 75',North Pier Face,75,"",82,E,4,4,1,single,2000-08-04,2000-08-04,true,F/V SALT FATHOM,"solid|fg=theme=""5"" tint=""0.5999938962981048"" |bg=indexed=""64"""
2000,AUGUST 2000,8,2000,North Pier East - 240',North Pier East,240,"",83,B,1,4,4,fill_run,2000-08-01,2000-08-04,true,F/V Iron Tide,"solid|fg=indexed=""50"" |bg=indexed=""64"""
2000,AUGUST 2000,8,2000,North Pier East - 240',North Pier East,240,"",83,G,6,6,1,single,2000-08-06,2000-08-06,true,F/V SALT FATHOM,"solid|fg=theme=""5"" tint=""0.5999938962981048"" |bg=indexed=""64"""
2000,AUGUST 2000,8,2000,North Pier East - 240',North Pier East,240,"",83,J,9,10,2,fill_run,2000-08-09,2000-08-10,true,Tug WESTERN CURRENT,"solid|fg=theme=""2"" tint=""-0.249977111117893"" |bg=indexed=""64"""
2000,AUGUST 2000,8,2000,North Pier East - 240',North Pier East,240,"",83,L,11,11,1,single,2000-08-11,2000-08-11,true,F/V SALT FATHOM,"solid|fg=theme=""5"" tint=""0.5999938962981048"" |bg=indexed=""64"""
2000,AUGUST 2000,8,2000,North Pier East - 240',North Pier East,240,"",83,P,15,15,1,single,2000-08-15,2000-08-15,true,R/V IRON DRIFT,"solid|fg=theme=""3"" tint=""0.3999755851924192"" |bg=indexed=""64"""
2000,AUGUST 2000,8,2000,North Pier East - 240',North Pier East,240,"",83,V,21,21,1,single,2000-08-21,2000-08-21,true,R/V IRON STRAND,"solid|fg=rgb=""FFFFC000"" |bg=indexed=""64"""
2000,AUGUST 2000,8,2000,North Pier East - 240',North Pier East,240,"",83,Z,25,25,1,single,2000-08-25,2000-08-25,true,F/V SALT FATHOM,"solid|fg=theme=""5"" tint=""0.5999938962981048"" |bg=indexed=""64"""
2000,AUGUST 2000,8,2000,North Pier East - 240',North Pier East,240,"",83,AD,29,29,1,single,2000-08-29,2000-08-29,true,F/V SALT FATHOM,"solid|fg=theme=""5"" tint=""0.5999938962981048"" |bg=indexed=""64"""
2000,AUGUST 2000,8,2000,South Float West - 90',South Float West,90,"",85,I,8,10,3,fill_run,2000-08-08,2000-08-10,true,Barge Far Cove,"solid|fg=indexed=""45"" |bg=indexed=""64"""
2000,AUGUST 2000,8,2000,South Float West - 90',South Float West,90,"",85,L,11,31,21,fill_run,2000-08-11,2000-08-31,true,Tug WESTERN CURRENT,"solid|fg=theme=""2"" tint=""-0.249977111117893"" |bg=indexed=""64"""
2000,AUGUST 2000,8,2000,South Float East - 90',South Float East,90,"",86,I,8,12,5,fill_run,2000-08-08,2000-08-12,true,S/V Far Horizon,"solid|fg=indexed=""43"" |bg=indexed=""64"""
2000,AUGUST 2000,8,2000,South Float East - 90',South Float East,90,"",86,U,20,24,5,fill_run,2000-08-20,2000-08-24,true,S/V Far Horizon,"solid|fg=indexed=""43"" |bg=indexed=""64"""
2000,AUGUST 2000,8,2000,South Float East - 90',South Float East,90,"",86,Z,25,29,5,fill_run,2000-08-25,2000-08-29,true,S/V Far Horizon,"solid|fg=indexed=""43"" |bg=indexed=""64"""
2000,SEPTEMBER 2000,9,2000,North Pier West - 410',North Pier West,410,"",92,J,9,10,2,fill_run,2000-09-09,2000-09-10,true,M/V High Wind,"solid|fg=rgb=""FFFFC000"" |bg=indexed=""64"""
2000,SEPTEMBER 2000,9,2000,North Pier West - 410',North Pier West,410,"",92,P,15,18,4,fill_run,2000-09-15,2000-09-18,true,OSV Wild Star,"solid|fg=theme=""7"" tint=""0.5999938962981048"" |bg=indexed=""64"""
2000,SEPTEMBER 2000,9,2000,North Pier West - 410',North Pier West,410,"",92,T,19,20,2,fill_run,2000-09-19,2000-09-20,true,Barge Long Voyager,"solid|fg=rgb=""FF92D050"" |bg=indexed=""64"""
2000,SEPTEMBER 2000,9,2000,North Pier West - 410',North Pier West,410,"",92,Y,24,24,1,single,2000-09-24,2000-09-24,true,OSV Wild Star,"solid|fg=theme=""7"" tint=""0.5999938962981048"" |bg=indexed=""64"""
2000,SEPTEMBER 2000,9,2000,North Pier West - 410',North Pier West,410,"",92,AD,29,30,2,fill_run,2000-09-29,2000-09-30,true,Barge Long Voyager,"solid|fg=rgb=""FF92D050"" |bg=indexed=""64"""
2000,SEPTEMBER 2000,9,2000,North Pier Face - 75',North Pier Face,75,"",93,T,19,20,2,fill_run,2000-09-19,2000-09-20,true,Tug Western Heron,"solid|fg=theme=""3"" tint=""0.7999816888943144"" |bg=indexed=""64"""
2000,SEPTEMBER 2000,9,2000,North Pier Face - 75',North Pier Face,75,"",93,W,22,26,5,fill_run,2000-09-22,2000-09-26,true,Barge Wild Skua,"solid|fg=rgb=""FF00B0F0"" |bg=indexed=""64"""
2000,SEPTEMBER 2000,9,2000,North Pier East - 240',North Pier East,240,"",94,D,3,3,1,single,2000-09-03,2000-09-03,true,F/V SALT FATHOM,"solid|fg=theme=""5"" tint=""0.5999938962981048"" |bg=indexed=""64"""
2000,SEPTEMBER 2000,9,2000,North Pier East - 240',North Pier East,240,"",94,F,5,5,1,single,2000-09-05,2000-09-05,true,F/V SALT FATHOM,"solid|fg=theme=""5"" tint=""0.5999938962981048"" |bg=indexed=""64"""
2000,SEPTEMBER 2000,9,2000,North Pier East - 240',North Pier East,240,"",94,K,10,10,1,single,2000-09-10,2000-09-10,true,F/V SALT FATHOM,"solid|fg=theme=""5"" tint=""0.5999938962981048"" |bg=indexed=""64"""
2000,SEPTEMBER 2000,9,2000,North Pier East - 240',North Pier East,240,"",94,M,12,12,1,single,2000-09-12,2000-09-12,true,F/V SALT FATHOM,"solid|fg=theme=""5"" tint=""0.5999938962981048"" |bg=indexed=""64"""
2000,SEPTEMBER 2000,9,2000,North Pier East - 240',North Pier East,240,"",94,P,15,15,1,single,2000-09-15,2000-09-15,true,Tug Western Heron,"solid|fg=theme=""3"" tint=""0.7999816888943144"" |bg=indexed=""64"""
2000,SEPTEMBER 2000,9,2000,North Pier East - 240',North Pier East,240,"",94,AA,26,29,4,fill_run,2000-09-26,2000-09-29,true,M/V High Wind,"solid|fg=rgb=""FFFFC000"" |bg=indexed=""64"""
2000,SEPTEMBER 2000,9,2000,South Float West - 90',South Float West,90,"",96,B,1,30,30,fill_run,2000-09-01,2000-09-30,true,Tug Western Current,"solid|fg=theme=""2"" tint=""-0.249977111117893"" |bg=indexed=""64"""
2000,SEPTEMBER 2000,9,2000,South Float East - 90',South Float East,90,"",97,R,17,17,1,single,2000-09-17,2000-09-17,true,M/V Golden Gannet,"solid|fg=theme=""5"" |bg=indexed=""64"""
2000,OCTOBER 2000,10,2000,North Pier East - 240',North Pier East,240,"",105,H,7,14,8,fill_run,2000-10-07,2000-10-14,true,F/V SALT FATHOM,"solid|fg=theme=""5"" tint=""0.5999938962981048"" |bg=indexed=""64"""
2000,OCTOBER 2000,10,2000,South Float West - 90',South Float West,90,"",107,B,1,31,31,fill_run,2000-10-01,2000-10-31,true,Tug Western Current,"solid|fg=theme=""2"" tint=""-0.249977111117893"" |bg=indexed=""64"""
2000,OCTOBER 2000,10,2000,South Float East - 90',South Float East,90,"",108,D,3,3,1,single,2000-10-03,2000-10-03,true,Barge Salt Reef,"solid|fg=theme=""8"" tint=""0.3999755851924192"" |bg=indexed=""64"""
2000,OCTOBER 2000,10,2000,South Float East - 90',South Float East,90,"",108,H,7,14,8,fill_run,2000-10-07,2000-10-14,true,S/V Far Horizon,"solid|fg=indexed=""43"" |bg=indexed=""64"""
2000,OCTOBER 2000,10,2000,South Float East - 90',South Float East,90,"",108,Z,25,29,5,fill_run,2000-10-25,2000-10-29,true,S/V SILVER WIND,"solid|fg=theme=""9"" |bg=indexed=""64"""
2000,NOVEMBER 2000,11,2000,North Pier West - 410',North Pier West,410,"",114,I,8,22,15,fill_run,2000-11-08,2000-11-22,true,R/V CLEAR SEXTANT,"solid|fg=indexed=""44"" |bg=indexed=""64"""
2000,NOVEMBER 2000,11,2000,North Pier East - 240',North Pier East,240,"",116,B,1,7,7,fill_run,2000-11-01,2000-11-07,true,F/V SALT FATHOM,"solid|fg=theme=""5"" tint=""0.5999938962981048"" |bg=indexed=""64"""
2000,NOVEMBER 2000,11,2000,South Float West - 90',South Float West,90,"",118,B,1,29,29,fill_run,2000-11-01,2000-11-29,true,Tug Western Current,"solid|fg=theme=""2"" tint=""-0.249977111117893"" |bg=indexed=""64"""
2000,NOVEMBER 2000,11,2000,South Float East - 90',South Float East,90,"",119,F,5,10,6,fill_run,2000-11-05,2000-11-10,true,R/V SALT HERON,"solid|fg=rgb=""FFFFC000"" |bg=indexed=""64"""
2000,DECEMBER 2000,12,2000,North Pier West - 410',North Pier West,410,"",125,C,2,3,2,fill_run,2000-12-02,2000-12-03,true,S/V Iron Petrel,"solid|fg=theme=""7"" tint=""0.3999755851924192"" |bg=indexed=""64"""
2000,DECEMBER 2000,12,2000,North Pier West - 410',North Pier West,410,"",125,U,20,31,12,fill_run,2000-12-20,2000-12-31,true,Barge Salt Dory,"solid|fg=theme=""3"" tint=""0.5999938962981048"" |bg=indexed=""64"""
2000,DECEMBER 2000,12,2000,Inner Channel - 55',Inner Channel,55,"",128,B,1,31,31,fill_run,2000-12-01,2000-12-31,true,Tug WESTERN CURRENT,"solid|fg=theme=""2"" tint=""-0.249977111117893"" |bg=indexed=""64"""
2001,JANUARY 2001,1,2001,North Pier West - 410',North Pier West,410,"",4,D,3,30,28,fill_run,2001-01-03,2001-01-30,true,Barge SALT DORY,"solid|fg=theme=""3"" tint=""0.5999938962981048"" |bg=indexed=""64"""
2001,JANUARY 2001,1,2001,North Pier East - 240',North Pier East,240,"",6,J,9,9,1,single,2001-01-09,2001-01-09,true,R/V LONG ANCHOR,"solid|fg=theme=""5"" tint=""0.3999755851924192"" |bg=indexed=""64"""
2001,JANUARY 2001,1,2001,North Pier East - 240',North Pier East,240,"",6,P,15,15,1,single,2001-01-15,2001-01-15,true,R/V LONG ANCHOR,"solid|fg=theme=""5"" tint=""0.3999755851924192"" |bg=indexed=""64"""
2001,JANUARY 2001,1,2001,South Float West - 90',South Float West,90,"",8,B,1,31,31,fill_run,2001-01-01,2001-01-31,true,Tug WESTERN CURRENT,"solid|fg=theme=""9"" tint=""0.3999755851924192"" |bg=indexed=""64"""
2001,FEBRUARY 2001,2,2001,North Pier West - 410',North Pier West,410,"",15,J,9,9,1,single,2001-02-09,2001-02-09,true,R/V LONG ANCHOR,"solid|fg=theme=""5"" tint=""0.3999755851924192"" |bg=indexed=""64"""
2001,FEBRUARY 2001,2,2001,North Pier West - 410',North Pier West,410,"",15,L,11,11,1,single,2001-02-11,2001-02-11,true,R/V LONG ANCHOR,"solid|fg=theme=""5"" tint=""0.3999755851924192"" |bg=indexed=""64"""
2001,FEBRUARY 2001,2,2001,North Pier West - 410',North Pier West,410,"",15,Z,25,25,1,single,2001-02-25,2001-02-25,true,R/V LONG ANCHOR,"solid|fg=theme=""5"" tint=""0.3999755851924192"" |bg=indexed=""64"""
2001,FEBRUARY 2001,2,2001,North Pier West - 410',North Pier West,410,"",15,AB,27,27,1,single,2001-02-27,2001-02-27,true,R/V LONG ANCHOR,"solid|fg=theme=""5"" tint=""0.3999755851924192"" |bg=indexed=""64"""
2001,FEBRUARY 2001,2,2001,South Float West - 90',South Float West,90,"",19,B,1,28,28,fill_run,2001-02-01,2001-02-28,true,Tug WESTERN CURRENT,"solid|fg=theme=""9"" tint=""0.3999755851924192"" |bg=indexed=""64"""
2001,MARCH 2001,3,2001,North Pier West - 410',North Pier West,410,"",26,J,9,31,23,fill_run,2001-03-09,2001-03-31,true,Barge SALT DORY,"solid|fg=theme=""3"" tint=""0.5999938962981048"" |bg=indexed=""64"""
2001,MARCH 2001,3,2001,North Pier East - 240',North Pier East,240,"",28,B,1,2,2,fill_run,2001-03-01,2001-03-02,true,Tug WESTERN CURRENT,"solid|fg=theme=""9"" tint=""0.3999755851924192"" |bg=indexed=""64"""
2001,MARCH 2001,3,2001,North Pier East - 240',North Pier East,240,"",28,D,3,24,22,fill_run,2001-03-03,2001-03-24,true,OSV Iron Meridian,"solid|fg=theme=""9"" tint=""0.3999755851924192"" |bg=indexed=""64"""
2001,MARCH 2001,3,2001,North Pier East - 240',North Pier East,240,"",28,Z,25,26,2,repeat,2001-03-25,2001-03-26,true,R/V LONG ANCHOR,"solid|fg=theme=""5"" tint=""0.3999755851924192"" |bg=indexed=""64"""
2001,MARCH 2001,3,2001,North Pier East - 240',North Pier East,240,"",28,AC,28,28,1,single,2001-03-28,2001-03-28,true,R/V LONG ANCHOR,"solid|fg=theme=""5"" tint=""0.3999755851924192"" |bg=indexed=""64"""
2001,APRIL 2001,4,2001,North Pier West - 410',North Pier West,410,"",37,B,1,30,30,fill_run,2001-04-01,2001-04-30,true,Barge SALT DORY,"solid|fg=theme=""3"" tint=""0.5999938962981048"" |bg=indexed=""64"""
2001,APRIL 2001,4,2001,North Pier East - 240',North Pier East,240,"",39,F,5,17,13,fill_run,2001-04-05,2001-04-17,true,Tug WESTERN CURRENT,"solid|fg=theme=""9"" tint=""0.3999755851924192"" |bg=indexed=""64"""
2001,MAY 2001,5,2001,North Pier West - 410',North Pier West,410,"",48,B,1,31,31,fill_run,2001-05-01,2001-05-31,true,Barge SALT DORY,"solid|fg=theme=""3"" tint=""0.5999938962981048"" |bg=indexed=""64"""
2001,MAY 2001,5,2001,North Pier East - 240',North Pier East,240,"",50,M,12,12,1,single,2001-05-12,2001-05-12,true,R/V LONG ANCHOR,"solid|fg=theme=""5"" tint=""0.5999938962981048"" |bg=indexed=""64"""
2001,MAY 2001,5,2001,North Pier East - 240',North Pier East,240,"",50,Z,25,25,1,single,2001-05-25,2001-05-25,true,R/V IRON HARBOR,"solid|fg=theme=""6"" |bg=indexed=""64"""
2001,MAY 2001,5,2001,South Float West - 90',South Float West,90,"",52,B,1,31,31,fill_run,2001-05-01,2001-05-31,true,Tug Western Current,"solid|fg=theme=""9"" tint=""0.3999755851924192"" |bg=indexed=""64"""
2001,MAY 2001,5,2001,South Float East - 90',South Float East,90,"",53,AD,29,31,3,fill_run,2001-05-29,2001-05-31,true,Barge WESTERN COVE,"solid|fg=theme=""0"" tint=""-0.249977111117893"" |bg=indexed=""64"""
2001,JUNE 2001,6,2001,North Pier West - 410',North Pier West,410,"",59,B,1,1,1,single,2001-06-01,2001-06-01,true,Barge SALT DORY,"solid|fg=theme=""3"" tint=""0.5999938962981048"" |bg=indexed=""64"""
2001,JUNE 2001,6,2001,North Pier West - 410',North Pier West,410,"",59,F,5,9,5,fill_run,2001-06-05,2001-06-09,true,Barge SALT DORY,"solid|fg=theme=""3"" tint=""0.5999938962981048"" |bg=indexed=""64"""
2001,JUNE 2001,6,2001,North Pier West - 410',North Pier West,410,"",59,P,15,15,1,single,2001-06-15,2001-06-15,true,Float rebuild - no usage permitted,"solid|fg=rgb=""FFFF0000"" |bg=indexed=""64"""
2001,JUNE 2001,6,2001,North Pier West - 410',North Pier West,410,"",59,Q,16,19,4,fill_run,2001-06-16,2001-06-19,true,Ultrasonic pier test,"solid|fg=rgb=""FFFF0000"" |bg=indexed=""64"""
2001,JUNE 2001,6,2001,North Pier Face - 75',North Pier Face,75,"",60,B,1,1,1,single,2001-06-01,2001-06-01,true,R/V Iron Harbor,"solid|fg=theme=""6"" |bg=indexed=""64"""
2001,JUNE 2001,6,2001,North Pier East - 240',North Pier East,240,"",61,B,1,1,1,single,2001-06-01,2001-06-01,true,R/V LONG ANCHOR,"solid|fg=theme=""5"" tint=""0.3999755851924192"" |bg=indexed=""64"""
2001,JUNE 2001,6,2001,North Pier East - 240',North Pier East,240,"",61,D,3,3,1,single,2001-06-03,2001-06-03,true,Emergency port call,"solid|fg=theme=""5"" tint=""0.3999755851924192"" |bg=indexed=""64"""
2001,JUNE 2001,6,2001,North Pier East - 240',North Pier East,240,"",61,E,4,4,1,single,2001-06-04,2001-06-04,true,Delayed due to weather,"solid|fg=theme=""5"" tint=""0.3999755851924192"" |bg=indexed=""64"""
2001,JUNE 2001,6,2001,North Pier East - 240',North Pier East,240,"",61,H,7,7,1,single,2001-06-07,2001-06-07,true,R/V Iron Harbor,"solid|fg=theme=""6"" |bg=indexed=""64"""
2001,JUNE 2001,6,2001,North Pier East - 240',North Pier East,240,"",61,J,9,9,1,single,2001-06-09,2001-06-09,true,R/V Iron Harbor,"solid|fg=theme=""6"" |bg=indexed=""64"""
2001,JUNE 2001,6,2001,North Pier East - 240',North Pier East,240,"",61,N,13,18,6,fill_run,2001-06-13,2001-06-18,true,Barge SALT DORY,"solid|fg=theme=""3"" tint=""0.5999938962981048"" |bg=indexed=""64"""
2001,JUNE 2001,6,2001,North Pier East - 240',North Pier East,240,"",61,T,19,19,1,single,2001-06-19,2001-06-19,true,R/V Iron Harbor,"solid|fg=theme=""0"" tint=""-0.3499862666707358"" |bg=indexed=""64"""
2001,JUNE 2001,6,2001,South Float West - 90',South Float West,90,"",63,B,1,10,10,fill_run,2001-06-01,2001-06-10,true,Tug WESTERN CURRENT,"solid|fg=theme=""9"" tint=""0.3999755851924192"" |bg=indexed=""64"""
2001,JUNE 2001,6,2001,South Float West - 90',South Float West,90,"",63,L,11,11,1,single,2001-06-11,2001-06-11,true,M/V Grey Cove,"solid|fg=theme=""9"" tint=""0.3999755851924192"" |bg=indexed=""64"""
2001,JUNE 2001,6,2001,South Float West - 90',South Float West,90,"",63,S,18,18,1,single,2001-06-18,2001-06-18,true,R/V Iron Harbor,"solid|fg=theme=""0"" tint=""-0.3499862666707358"" |bg=indexed=""64"""
2001,JUNE 2001,6,2001,South Float East - 90',South Float East,90,"",64,Q,16,18,3,fill_run,2001-06-16,2001-06-18,true,S/V FAR HORIZON,"solid|fg=rgb=""FFFFFF00"" |bg=indexed=""64"""
2001,JUNE 2001,6,2001,South Float East - 90',South Float East,90,"",64,T,19,19,1,single,2001-06-19,2001-06-19,true,ETD PM,"solid|fg=rgb=""FFFFFF00"" |bg=indexed=""64"""
2001,JUNE 2001,6,2001,South Float East - 90',South Float East,90,"",64,U,20,25,6,fill_run,2001-06-20,2001-06-25,true,Departs 0600,"solid|fg=rgb=""FFFFFF00"" |bg=indexed=""64"""
2001,JULY 2001,7,2001,North Pier West - 410',North Pier West,410,"",70,K,10,10,1,single,2001-07-10,2001-07-10,true,R/V LONG ANCHOR,"solid|fg=theme=""5"" tint=""0.3999755851924192"" |bg=indexed=""64"""
2001,JULY 2001,7,2001,North Pier West - 410',North Pier West,410,"",70,M,12,12,1,single,2001-07-12,2001-07-12,true,R/V LONG ANCHOR,"solid|fg=theme=""5"" tint=""0.3999755851924192"" |bg=indexed=""64"""
2001,JULY 2001,7,2001,North Pier West - 410',North Pier West,410,"",70,O,14,16,3,fill_run,2001-07-14,2001-07-16,true,Tug BLUE FATHOM,"solid|fg=theme=""9"" tint=""0.3999755851924192"" |bg=indexed=""64"""
2001,JULY 2001,7,2001,North Pier West - 410',North Pier West,410,"",70,R,17,17,1,single,2001-07-17,2001-07-17,true,M/V Quiet Ledge,"solid|fg=theme=""8"" tint=""0.3999755851924192"" |bg=indexed=""64"""
2001,JULY 2001,7,2001,North Pier West - 410',North Pier West,410,"",70,Y,24,25,2,fill_run,2001-07-24,2001-07-25,true,Tug BLUE FATHOM,"solid|fg=theme=""9"" tint=""0.3999755851924192"" |bg=indexed=""64"""
2001,JULY 2001,7,2001,North Pier Face - 75',North Pier Face,75,"",71,V,21,24,4,fill_run,2001-07-21,2001-07-24,true,R/V Green Sextant,"solid|fg=theme=""0"" tint=""-0.1499984740745262"" |bg=indexed=""64"""
2001,JULY 2001,7,2001,North Pier East - 240',North Pier East,240,"",72,B,1,6,6,fill_run,2001-07-01,2001-07-06,true,Barge SALT DORY,"solid|fg=theme=""4"" tint=""0.3999755851924192"" |bg=indexed=""64"""
2001,JULY 2001,7,2001,North Pier East - 240',North Pier East,240,"",72,N,13,17,5,fill_run,2001-07-13,2001-07-17,true,R/V Green Sextant,"solid|fg=theme=""0"" tint=""-0.1499984740745262"" |bg=indexed=""64"""
2001,JULY 2001,7,2001,North Pier East - 240',North Pier East,240,"",72,U,20,20,1,single,2001-07-20,2001-07-20,true,S/V Amber Gannet,"solid|fg=rgb=""FFFF0000"" |bg=indexed=""64"""
2001,JULY 2001,7,2001,North Pier East - 240',North Pier East,240,"",72,AC,28,28,1,single,2001-07-28,2001-07-28,true,R/V LONG ANCHOR,"solid|fg=theme=""5"" tint=""0.3999755851924192"" |bg=indexed=""64"""
2001,JULY 2001,7,2001,North Pier East - 240',North Pier East,240,"",72,AE,30,31,2,fill_run,2001-07-30,2001-07-31,true,R/V LONG ANCHOR,"solid|fg=theme=""5"" tint=""0.3999755851924192"" |bg=indexed=""64"""
2001,JULY 2001,7,2001,South Float West - 90',South Float West,90,"",74,J,9,9,1,single,2001-07-09,2001-07-09,true,Departs 0600,"solid|fg=rgb=""FF00B050"" |bg=indexed=""64"""
2001,JULY 2001,7,2001,South Float West - 90',South Float West,90,"",74,P,15,15,1,single,2001-07-15,2001-07-15,true,R/V WILD DORY,"solid|fg=theme=""7"" tint=""0.3999755851924192"" |bg=indexed=""64"""
2001,JULY 2001,7,2001,South Float West - 90',South Float West,90,"",74,AA,26,27,2,fill_run,2001-07-26,2001-07-27,true,S/V GOLDEN FATHOM,"solid|fg=theme=""6"" |bg=indexed=""64"""
2001,JULY 2001,7,2001,South Float East - 90',South Float East,90,"",75,E,4,8,5,fill_run,2001-07-04,2001-07-08,true,S/V FAR HORIZON,"solid|fg=rgb=""FFFFFF00"" |bg=indexed=""64"""
2001,JULY 2001,7,2001,South Float East - 90',South Float East,90,"",75,R,17,19,3,fill_run,2001-07-17,2001-07-19,true,S/V FAR HORIZON,"solid|fg=rgb=""FFFFFF00"" |bg=indexed=""64"""
2001,JULY 2001,7,2001,South Float East - 90',South Float East,90,"",75,AB,27,31,5,fill_run,2001-07-27,2001-07-31,true,S/V FAR HORIZON,"solid|fg=rgb=""FFFFFF00"" |bg=indexed=""64"""
2001,AUGUST 2001,8,2001,North Pier West - 410',North Pier West,410,"",81,AF,31,31,1,single,2001-08-31,2001-08-31,true,R/V LONG ANCHOR,"solid|fg=theme=""5"" tint=""0.3999755851924192"" |bg=indexed=""64"""
2001,AUGUST 2001,8,2001,North Pier Face - 75',North Pier Face,75,"",82,AF,31,31,1,single,2001-08-31,2001-08-31,true,M/V NORTHERN PETREL,"solid|fg=theme=""9"" tint=""-0.249977111117893"" |bg=indexed=""64"""
2001,AUGUST 2001,8,2001,North Pier East - 240',North Pier East,240,"",83,G,6,7,2,fill_run,2001-08-06,2001-08-07,true,R/V LONG ANCHOR,"solid|fg=theme=""5"" tint=""0.3999755851924192"" |bg=indexed=""64"""
2001,AUGUST 2001,8,2001,North Pier East - 240',North Pier East,240,"",83,Q,16,17,2,fill_run,2001-08-16,2001-08-17,true,M/V Amber Petrel,"solid|fg=rgb=""FFFFC000"" |bg=indexed=""64"""
2001,AUGUST 2001,8,2001,North Pier East - 240',North Pier East,240,"",83,S,18,18,1,single,2001-08-18,2001-08-18,true,R/V Silver Osprey,"solid|fg=rgb=""FFFFC000"" |bg=indexed=""64"""
2001,AUGUST 2001,8,2001,North Pier East - 240',North Pier East,240,"",83,AB,27,31,5,fill_run,2001-08-27,2001-08-31,true,Barge SALT DORY,"solid|fg=theme=""3"" tint=""0.5999938962981048"" |bg=indexed=""64"""
2001,AUGUST 2001,8,2001,Inner Channel - 55',Inner Channel,55,"",84,R,17,18,2,fill_run,2001-08-17,2001-08-18,true,M/V QUIET PETREL,"solid|fg=theme=""2"" tint=""-0.249977111117893"" |bg=indexed=""64"""
2001,AUGUST 2001,8,2001,Inner Channel - 55',Inner Channel,55,"",84,T,19,21,3,fill_run,2001-08-19,2001-08-21,true,R/V Long Marlin,"solid|fg=theme=""2"" tint=""-0.249977111117893"" |bg=indexed=""64"""
2001,AUGUST 2001,8,2001,South Float West - 90',South Float West,90,"",85,G,6,6,1,single,2001-08-06,2001-08-06,true,S/V AMBER FATHOM,"solid|fg=theme=""9"" tint=""0.3999755851924192"" |bg=indexed=""64"""
2001,AUGUST 2001,8,2001,South Float East - 90',South Float East,90,"",86,F,5,5,1,single,2001-08-05,2001-08-05,true,S/V AMBER FATHOM,"solid|fg=theme=""9"" tint=""0.3999755851924192"" |bg=indexed=""64"""
2001,AUGUST 2001,8,2001,South Float East - 90',South Float East,90,"",86,G,6,7,2,fill_run,2001-08-06,2001-08-07,true,S/V CORAL COMPASS,"solid|fg=theme=""3"" tint=""0.5999938962981048"" |bg=indexed=""64"""
2001,AUGUST 2001,8,2001,South Float East - 90',South Float East,90,"",86,I,8,12,5,fill_run,2001-08-08,2001-08-12,true,S/V FAR HORIZON,"solid|fg=rgb=""FFFFFF00"" |bg=indexed=""64"""
2001,AUGUST 2001,8,2001,South Float East - 90',South Float East,90,"",86,U,20,20,1,single,2001-08-20,2001-08-20,true,S/V FAR HORIZON,"solid|fg=rgb=""FFFFFF00"" |bg=indexed=""64"""
2001,AUGUST 2001,8,2001,South Float East - 90',South Float East,90,"",86,V,21,21,1,single,2001-08-21,2001-08-21,true,S/V Green Petrel,""
2001,AUGUST 2001,8,2001,South Float East - 90',South Float East,90,"",86,X,23,28,6,fill_run,2001-08-23,2001-08-28,true,S/V FAR HORIZON,"solid|fg=rgb=""FFFFFF00"" |bg=indexed=""64"""
2001,AUGUST 2001,8,2001,South Float East - 90',South Float East,90,"",86,AE,30,31,2,fill_run,2001-08-30,2001-08-31,true,S/V FAR HORIZON,"solid|fg=rgb=""FFFFFF00"" |bg=indexed=""64"""
2001,SEPTEMBER 2001,9,2001,North Pier West - 410',North Pier West,410,"",92,B,1,3,3,fill_run,2001-09-01,2001-09-03,true,R/V LONG ANCHOR,"solid|fg=theme=""5"" tint=""0.3999755851924192"" |bg=indexed=""64"""
2001,SEPTEMBER 2001,9,2001,North Pier West - 410',North Pier West,410,"",92,E,4,4,1,single,2001-09-04,2001-09-04,true,R/V LONG ANCHOR,"solid|fg=theme=""5"" tint=""0.3999755851924192"" |bg=indexed=""64"""
2001,SEPTEMBER 2001,9,2001,North Pier West - 410',North Pier West,410,"",92,I,8,9,2,fill_run,2001-09-08,2001-09-09,true,R/V LONG ANCHOR,"solid|fg=theme=""5"" tint=""0.3999755851924192"" |bg=indexed=""64"""
2001,SEPTEMBER 2001,9,2001,North Pier West - 410',North Pier West,410,"",92,K,10,17,8,fill_run,2001-09-10,2001-09-17,true,R/V CLEAR SEXTANT,"solid|fg=rgb=""FF92D050"" |bg=indexed=""64"""
2001,SEPTEMBER 2001,9,2001,North Pier West - 410',North Pier West,410,"",92,Y,24,24,1,single,2001-09-24,2001-09-24,true,Tug BLUE FATHOM,"solid|fg=theme=""9"" tint=""0.3999755851924192"" |bg=indexed=""64"""
2001,SEPTEMBER 2001,9,2001,North Pier West - 410',North Pier West,410,"",92,AD,29,30,2,fill_run,2001-09-29,2001-09-30,true,R/V LONG ANCHOR,"solid|fg=theme=""5"" tint=""0.3999755851924192"" |bg=indexed=""64"""
2001,SEPTEMBER 2001,9,2001,North Pier Face - 75',North Pier Face,75,"",93,E,4,4,1,single,2001-09-04,2001-09-04,true,M/V Coral Kestrel,"solid|fg=theme=""0"" tint=""-0.1499984740745262"" |bg=indexed=""64"""
2001,SEPTEMBER 2001,9,2001,North Pier East - 240',North Pier East,240,"",94,F,5,13,9,fill_run,2001-09-05,2001-09-13,true,Barge SALT DORY,"solid|fg=theme=""3"" tint=""0.5999938962981048"" |bg=indexed=""64"""
2001,SEPTEMBER 2001,9,2001,North Pier East - 240',North Pier East,240,"",94,O,14,14,1,single,2001-09-14,2001-09-14,true,R/V LONG ANCHOR,"solid|fg=theme=""5"" tint=""0.3999755851924192"" |bg=indexed=""64"""
2001,SEPTEMBER 2001,9,2001,North Pier East - 240',North Pier East,240,"",94,R,17,20,4,fill_run,2001-09-17,2001-09-20,true,Barge SALT DORY,"solid|fg=theme=""3"" tint=""0.5999938962981048"" |bg=indexed=""64"""
2001,SEPTEMBER 2001,9,2001,North Pier East - 240',North Pier East,240,"",94,V,21,22,2,repeat,2001-09-21,2001-09-22,true,M/V GREY HARBOR,"solid|fg=theme=""3"" tint=""0.5999938962981048"" |bg=indexed=""64"""
2001,SEPTEMBER 2001,9,2001,North Pier East - 240',North Pier East,240,"",94,AC,28,28,1,single,2001-09-28,2001-09-28,true,OSV DEEP HARBOR,""
2001,SEPTEMBER 2001,9,2001,South Float East - 90',South Float East,90,"",97,B,1,1,1,single,2001-09-01,2001-09-01,true,S/V FAR HORIZON,"solid|fg=rgb=""FFFFFF00"" |bg=indexed=""64"""
2001,SEPTEMBER 2001,9,2001,South Float East - 90',South Float East,90,"",97,AC,28,28,1,single,2001-09-28,2001-09-28,true,Barge WESTERN COVE,"solid|fg=theme=""0"" tint=""-0.3499862666707358"" |bg=indexed=""64"""
2001,OCTOBER 2001,10,2001,North Pier West - 410',North Pier West,410,"",103,C,2,3,2,fill_run,2001-10-02,2001-10-03,true,R/V LONG ANCHOR,"solid|fg=theme=""5"" tint=""0.3999755851924192"" |bg=indexed=""64"""
2001,OCTOBER 2001,10,2001,North Pier West - 410',North Pier West,410,"",103,Q,16,17,2,fill_run,2001-10-16,2001-10-17,true,R/V GOLDEN MARLIN,"solid|fg=rgb=""FFFF66CC"" |bg=indexed=""64"""
2001,OCTOBER 2001,10,2001,North Pier West - 410',North Pier West,410,"",103,V,21,21,1,single,2001-10-21,2001-10-21,true,R/V LONG ANCHOR,"solid|fg=theme=""5"" tint=""0.3999755851924192"" |bg=indexed=""64"""
2001,OCTOBER 2001,10,2001,North Pier West - 410',North Pier West,410,"",103,X,23,23,1,single,2001-10-23,2001-10-23,true,R/V LONG ANCHOR,"solid|fg=theme=""5"" tint=""0.3999755851924192"" |bg=indexed=""64"""
2001,OCTOBER 2001,10,2001,North Pier East - 240',North Pier East,240,"",105,H,7,11,5,fill_run,2001-10-07,2001-10-11,true,Barge SALT DORY,"solid|fg=theme=""3"" tint=""0.5999938962981048"" |bg=indexed=""64"""
2001,OCTOBER 2001,10,2001,North Pier East - 240',North Pier East,240,"",105,V,21,27,7,fill_run,2001-10-21,2001-10-27,true,Barge SALT DORY,"solid|fg=theme=""3"" tint=""0.5999938962981048"" |bg=indexed=""64"""
2001,OCTOBER 2001,10,2001,South Float East - 90',South Float East,90,"",108,J,9,15,7,fill_run,2001-10-09,2001-10-15,true,S/V FAR HORIZON,"solid|fg=rgb=""FFFFFF00"" |bg=indexed=""64"""
2001,NOVEMBER 2001,11,2001,North Pier West - 410',North Pier West,410,"",114,H,7,17,11,fill_run,2001-11-07,2001-11-17,true,R/V CLEAR SEXTANT,"solid|fg=rgb=""FF92D050"" |bg=indexed=""64"""
2001,NOVEMBER 2001,11,2001,North Pier West - 410',North Pier West,410,"",114,AE,30,30,1,single,2001-11-30,2001-11-30,true,R/V LONG ANCHOR,"solid|fg=theme=""5"" tint=""0.3999755851924192"" |bg=indexed=""64"""
2001,NOVEMBER 2001,11,2001,North Pier Face - 75',North Pier Face,75,"",115,H,7,9,3,fill_run,2001-11-07,2001-11-09,true,R/V LONG ANCHOR,"solid|fg=theme=""5"" tint=""0.3999755851924192"" |bg=indexed=""64"""
2001,NOVEMBER 2001,11,2001,North Pier Face - 75',North Pier Face,75,"",115,L,11,11,1,single,2001-11-11,2001-11-11,true,R/V LONG ANCHOR,"solid|fg=theme=""5"" tint=""0.3999755851924192"" |bg=indexed=""64"""
2001,NOVEMBER 2001,11,2001,North Pier East - 240',North Pier East,240,"",116,B,1,30,30,fill_run,2001-11-01,2001-11-30,true,Barge SALT DORY,"solid|fg=theme=""3"" tint=""0.5999938962981048"" |bg=indexed=""64"""
2001,NOVEMBER 2001,11,2001,Inner Channel - 55',Inner Channel,55,"",117,L,11,11,1,single,2001-11-11,2001-11-11,true,M/V Coral Kestrel,"solid|fg=theme=""0"" tint=""-0.3499862666707358"" |bg=indexed=""64"""
2001,DECEMBER 2001,12,2001,North Pier West - 410',North Pier West,410,"",125,F,5,5,1,single,2001-12-05,2001-12-05,true,R/V LONG ANCHOR,"solid|fg=theme=""5"" tint=""0.3999755851924192"" |bg=indexed=""64"""
2001,DECEMBER 2001,12,2001,North Pier West - 410',North Pier West,410,"",125,H,7,7,1,single,2001-12-07,2001-12-07,true,R/V LONG ANCHOR,"solid|fg=theme=""5"" tint=""0.3999755851924192"" |bg=indexed=""64"""
2001,DECEMBER 2001,12,2001,North Pier West - 410',North Pier West,410,"",125,K,10,10,1,single,2001-12-10,2001-12-10,true,R/V LONG ANCHOR,"solid|fg=theme=""5"" tint=""0.3999755851924192"" |bg=indexed=""64"""
2001,DECEMBER 2001,12,2001,North Pier West - 410',North Pier West,410,"",125,M,12,12,1,single,2001-12-12,2001-12-12,true,R/V LONG ANCHOR,"solid|fg=theme=""5"" tint=""0.3999755851924192"" |bg=indexed=""64"""
2001,DECEMBER 2001,12,2001,North Pier West - 410',North Pier West,410,"",125,Q,16,16,1,single,2001-12-16,2001-12-16,true,R/V LONG ANCHOR,"solid|fg=theme=""5"" tint=""0.3999755851924192"" |bg=indexed=""64"""
2001,DECEMBER 2001,12,2001,North Pier West - 410',North Pier West,410,"",125,V,21,21,1,single,2001-12-21,2001-12-21,true,R/V LONG ANCHOR,"solid|fg=theme=""5"" tint=""0.3999755851924192"" |bg=indexed=""64"""
2001,DECEMBER 2001,12,2001,North Pier East - 240',North Pier East,240,"",127,B,1,31,31,fill_run,2001-12-01,2001-12-31,true,Barge SALT DORY,"solid|fg=theme=""3"" tint=""0.5999938962981048"" |bg=indexed=""64"""
2002,DECEMBER 2001,12,2001,North Pier West - 410',North Pier West,410,"",3,G,6,6,1,single,2001-12-06,2001-12-06,true,R/V LONG ANCHOR,"solid|fg=theme=""5"" tint=""0.3999755851924192"" |bg=indexed=""64"""
2002,DECEMBER 2001,12,2001,North Pier West - 410',North Pier West,410,"",3,I,8,8,1,single,2001-12-08,2001-12-08,true,R/V LONG ANCHOR,"solid|fg=theme=""5"" tint=""0.3999755851924192"" |bg=indexed=""64"""
2002,DECEMBER 2001,12,2001,North Pier West - 410',North Pier West,410,"",3,L,11,11,1,single,2001-12-11,2001-12-11,true,R/V LONG ANCHOR,"solid|fg=theme=""5"" tint=""0.3999755851924192"" |bg=indexed=""64"""
2002,DECEMBER 2001,12,2001,North Pier West - 410',North Pier West,410,"",3,N,13,13,1,single,2001-12-13,2001-12-13,true,R/V LONG ANCHOR,"solid|fg=theme=""5"" tint=""0.3999755851924192"" |bg=indexed=""64"""
2002,DECEMBER 2001,12,2001,North Pier West - 410',North Pier West,410,"",3,R,17,17,1,single,2001-12-17,2001-12-17,true,R/V LONG ANCHOR,"solid|fg=theme=""5"" tint=""0.3999755851924192"" |bg=indexed=""64"""
2002,DECEMBER 2001,12,2001,North Pier West - 410',North Pier West,410,"",3,W,22,22,1,single,2001-12-22,2001-12-22,true,R/V LONG ANCHOR,"solid|fg=theme=""5"" tint=""0.3999755851924192"" |bg=indexed=""64"""
2002,DECEMBER 2001,12,2001,North Pier East - 240',North Pier East,240,"",5,B,1,31,31,fill_run,2001-12-01,2001-12-31,true,Barge SALT DORY,"solid|fg=theme=""3"" tint=""0.5999938962981048"" |bg=indexed=""64"""
2002,JANUARY 2002,1,2002,North Pier West - 410',North Pier West,410,"",14,K,10,14,5,fill_run,2002-01-10,2002-01-14,true,R/V Blue Reef,"solid|fg=theme=""9"" tint=""-0.249977111117893"" |bg=indexed=""64"""
2002,JANUARY 2002,1,2002,North Pier West - 410',North Pier West,410,"",14,P,15,17,3,fill_run,2002-01-15,2002-01-17,true,M/Y Deep Petrel,"solid|fg=theme=""7"" tint=""0.5999938962981048"" |bg=indexed=""64"""
2002,JANUARY 2002,1,2002,North Pier West - 410',North Pier West,410,"",14,X,23,23,1,single,2002-01-23,2002-01-23,true,R/V LONG ANCHOR,"solid|fg=theme=""5"" tint=""0.5999938962981048"" |bg=indexed=""64"""
2002,JANUARY 2002,1,2002,North Pier West - 410',North Pier West,410,"",14,Z,25,25,1,single,2002-01-25,2002-01-25,true,R/V LONG ANCHOR,"solid|fg=theme=""5"" tint=""0.5999938962981048"" |bg=indexed=""64"""
2002,JANUARY 2002,1,2002,North Pier West - 410',North Pier West,410,"",14,AE,30,31,2,repeat,2002-01-30,2002-01-31,true,R/V LONG ANCHOR,"solid|fg=theme=""5"" tint=""0.5999938962981048"" |bg=indexed=""64"""
2002,JANUARY 2002,1,2002,North Pier Face - 75',North Pier Face,75,"",15,C,2,2,1,single,2002-01-02,2002-01-02,true,R/V LONG ANCHOR,"solid|fg=theme=""5"" tint=""0.3999755851924192"" |bg=indexed=""64"""
2002,JANUARY 2002,1,2002,North Pier Face - 75',North Pier Face,75,"",15,E,4,4,1,single,2002-01-04,2002-01-04,true,R/V LONG ANCHOR,"solid|fg=theme=""5"" tint=""0.3999755851924192"" |bg=indexed=""64"""
2002,JANUARY 2002,1,2002,North Pier East - 240',North Pier East,240,"",16,B,1,31,31,fill_run,2002-01-01,2002-01-31,true,Barge SALT DORY,"solid|fg=theme=""3"" tint=""0.5999938962981048"" |bg=indexed=""64"""
2002,JANUARY 2002,1,2002,Inner Channel - 55',Inner Channel,55,"",17,J,9,14,6,fill_run,2002-01-09,2002-01-14,true,R/V Grey Beacon,"solid|fg=theme=""7"" tint=""0.5999938962981048"" |bg=indexed=""64"""
2002,FEBRUARY 2002,2,2002,North Pier West - 410',North Pier West,410,"",25,D,3,3,1,single,2002-02-03,2002-02-03,true,M/V Quiet Petrel,"solid|fg=theme=""2"" tint=""-0.249977111117893"" |bg=indexed=""64"""
2002,FEBRUARY 2002,2,2002,North Pier West - 410',North Pier West,410,"",25,I,8,9,2,fill_run,2002-02-08,2002-02-09,true,M/V Quiet Petrel,"solid|fg=theme=""2"" tint=""-0.249977111117893"" |bg=indexed=""64"""
2002,FEBRUARY 2002,2,2002,North Pier West - 410',North Pier West,410,"",25,M,12,13,2,fill_run,2002-02-12,2002-02-13,true,M/V Quiet Petrel,"solid|fg=theme=""2"" tint=""-0.249977111117893"" |bg=indexed=""64"""
2002,FEBRUARY 2002,2,2002,North Pier West - 410',North Pier West,410,"",25,S,18,18,1,single,2002-02-18,2002-02-18,true,M/V Quiet Petrel,"solid|fg=theme=""2"" tint=""-0.249977111117893"" |bg=indexed=""64"""
2002,FEBRUARY 2002,2,2002,North Pier West - 410',North Pier West,410,"",25,U,20,20,1,single,2002-02-20,2002-02-20,true,M/V Quiet Petrel,"solid|fg=theme=""2"" tint=""-0.249977111117893"" |bg=indexed=""64"""
2002,FEBRUARY 2002,2,2002,North Pier West - 410',North Pier West,410,"",25,X,23,23,1,single,2002-02-23,2002-02-23,true,M/V Quiet Petrel,"solid|fg=theme=""2"" tint=""-0.249977111117893"" |bg=indexed=""64"""
2002,FEBRUARY 2002,2,2002,North Pier East - 240',North Pier East,240,"",27,B,1,28,28,fill_run,2002-02-01,2002-02-28,true,Barge SALT DORY,"solid|fg=theme=""4"" tint=""0.3999755851924192"" |bg=indexed=""64"""
2002,MARCH 2002,3,2002,North Pier West - 410',North Pier West,410,"",36,S,18,18,1,single,2002-03-18,2002-03-18,true,M/V Quiet Petrel,"solid|fg=theme=""2"" tint=""-0.249977111117893"" |bg=indexed=""64"""
2002,MARCH 2002,3,2002,North Pier West - 410',North Pier West,410,"",36,Z,25,26,2,fill_run,2002-03-25,2002-03-26,true,Tug WESTERN CURRENT,"solid|fg=theme=""9"" tint=""0.3999755851924192"" |bg=indexed=""64"""
2002,MARCH 2002,3,2002,North Pier West - 410',North Pier West,410,"",36,AF,31,31,1,single,2002-03-31,2002-03-31,true,M/V Quiet Petrel,"solid|fg=theme=""2"" tint=""-0.249977111117893"" |bg=indexed=""64"""
2002,MARCH 2002,3,2002,North Pier Face - 75',North Pier Face,75,"",37,AB,27,28,2,repeat,2002-03-27,2002-03-28,true,R/V LONG ANCHOR,"solid|fg=theme=""5"" tint=""0.5999938962981048"" |bg=indexed=""64"""
2002,MARCH 2002,3,2002,North Pier East - 240',North Pier East,240,"",38,B,1,23,23,fill_run,2002-03-01,2002-03-23,true,Barge SALT DORY,"solid|fg=theme=""3"" tint=""0.5999938962981048"" |bg=indexed=""64"""
2002,MARCH 2002,3,2002,North Pier East - 240',North Pier East,240,"",38,Z,25,26,2,fill_run,2002-03-25,2002-03-26,true,M/V Quiet Petrel,"solid|fg=theme=""2"" tint=""-0.249977111117893"" |bg=indexed=""64"""
2002,APRIL 2002,4,2002,North Pier West - 410',North Pier West,410,"",47,B,1,1,1,single,2002-04-01,2002-04-01,true,M/V Quiet Petrel,"solid|fg=theme=""2"" tint=""-0.249977111117893"" |bg=indexed=""64"""
2002,APRIL 2002,4,2002,North Pier West - 410',North Pier West,410,"",47,N,13,13,1,single,2002-04-13,2002-04-13,true,M/V Quiet Petrel,"solid|fg=theme=""2"" tint=""-0.249977111117893"" |bg=indexed=""64"""
2002,APRIL 2002,4,2002,North Pier West - 410',North Pier West,410,"",47,P,15,17,3,fill_run,2002-04-15,2002-04-17,true,Tug WESTERN CURRENT,"solid|fg=theme=""9"" tint=""0.3999755851924192"" |bg=indexed=""64"""
2002,APRIL 2002,4,2002,North Pier West - 410',North Pier West,410,"",47,AA,26,30,5,fill_run,2002-04-26,2002-04-30,true,R/V Grey Marlin,"solid|fg=theme=""6"" tint=""0.5999938962981048"" |bg=indexed=""64"""
2002,APRIL 2002,4,2002,North Pier East - 240',North Pier East,240,"",49,C,2,3,2,repeat,2002-04-02,2002-04-03,true,R/V LONG ANCHOR,"solid|fg=theme=""5"" tint=""0.5999938962981048"" |bg=indexed=""64"""
2002,APRIL 2002,4,2002,North Pier East - 240',North Pier East,240,"",49,U,20,27,8,fill_run,2002-04-20,2002-04-27,true,Barge SALT DORY,"solid|fg=theme=""3"" tint=""0.5999938962981048"" |bg=indexed=""64"""
2002,MAY 2002,5,2002,North Pier West - 410',North Pier West,410,"",58,E,4,8,5,fill_run,2002-05-04,2002-05-08,true,OSV Amber Cove,"solid|fg=theme=""6"" tint=""0.3999755851924192"" |bg=indexed=""64"""
2002,MAY 2002,5,2002,North Pier West - 410',North Pier West,410,"",58,J,9,11,3,fill_run,2002-05-09,2002-05-11,true,M/V Quiet Petrel,"solid|fg=theme=""2"" tint=""-0.249977111117893"" |bg=indexed=""64"""
2002,MAY 2002,5,2002,North Pier West - 410',North Pier West,410,"",58,O,14,15,2,fill_run,2002-05-14,2002-05-15,true,R/V Wild Kestrel,"solid|fg=theme=""9"" tint=""0.5999938962981048"" |bg=indexed=""64"""
2002,MAY 2002,5,2002,North Pier West - 410',North Pier West,410,"",58,V,21,21,1,single,2002-05-21,2002-05-21,true,R/V Wild Kestrel,"solid|fg=theme=""9"" tint=""0.5999938962981048"" |bg=indexed=""64"""
2002,MAY 2002,5,2002,North Pier West - 410',North Pier West,410,"",58,Y,24,24,1,single,2002-05-24,2002-05-24,true,R/V Wild Kestrel,"solid|fg=theme=""9"" tint=""0.5999938962981048"" |bg=indexed=""64"""
2002,MAY 2002,5,2002,North Pier West - 410',North Pier West,410,"",58,AA,26,26,1,single,2002-05-26,2002-05-26,true,R/V LONG ANCHOR,"solid|fg=theme=""5"" tint=""0.5999938962981048"" |bg=indexed=""64"""
2002,MAY 2002,5,2002,North Pier West - 410',North Pier West,410,"",58,AC,28,28,1,single,2002-05-28,2002-05-28,true,R/V LONG ANCHOR,"solid|fg=theme=""5"" tint=""0.5999938962981048"" |bg=indexed=""64"""
2002,MAY 2002,5,2002,North Pier West - 410',North Pier West,410,"",58,AE,30,30,1,single,2002-05-30,2002-05-30,true,Barge WESTERN COVE,"solid|fg=theme=""7"" tint=""0.3999755851924192"" |bg=indexed=""64"""
2002,MAY 2002,5,2002,North Pier Face - 75',North Pier Face,75,"",59,C,2,2,1,single,2002-05-02,2002-05-02,true,R/V LONG ANCHOR,"solid|fg=theme=""5"" tint=""0.5999938962981048"" |bg=indexed=""64"""
2002,MAY 2002,5,2002,North Pier Face - 75',North Pier Face,75,"",59,E,4,4,1,single,2002-05-04,2002-05-04,true,R/V LONG ANCHOR,"solid|fg=theme=""5"" tint=""0.5999938962981048"" |bg=indexed=""64"""
2002,MAY 2002,5,2002,North Pier Face - 75',North Pier Face,75,"",59,I,8,9,2,repeat,2002-05-08,2002-05-09,true,R/V LONG ANCHOR,""
2002,MAY 2002,5,2002,North Pier Face - 75',North Pier Face,75,"",59,L,11,11,1,single,2002-05-11,2002-05-11,true,R/V LONG ANCHOR,""
2002,MAY 2002,5,2002,North Pier East - 240',North Pier East,240,"",60,B,1,1,1,single,2002-05-01,2002-05-01,true,Barge SALT DORY,"solid|fg=theme=""3"" tint=""0.5999938962981048"" |bg=indexed=""64"""
2002,MAY 2002,5,2002,North Pier East - 240',North Pier East,240,"",60,E,4,7,4,fill_run,2002-05-04,2002-05-07,true,M/V Quiet Petrel,"solid|fg=theme=""2"" tint=""-0.249977111117893"" |bg=indexed=""64"""
2002,MAY 2002,5,2002,North Pier East - 240',North Pier East,240,"",60,K,10,13,4,fill_run,2002-05-10,2002-05-13,true,Barge SALT DORY,"solid|fg=theme=""3"" tint=""0.5999938962981048"" |bg=indexed=""64"""
2002,MAY 2002,5,2002,North Pier East - 240',North Pier East,240,"",60,R,17,20,4,fill_run,2002-05-17,2002-05-20,true,Barge SALT DORY,"solid|fg=theme=""3"" tint=""0.5999938962981048"" |bg=indexed=""64"""
2002,MAY 2002,5,2002,North Pier East - 240',North Pier East,240,"",60,AE,30,31,2,fill_run,2002-05-30,2002-05-31,true,Barge SALT DORY,"solid|fg=theme=""3"" tint=""0.5999938962981048"" |bg=indexed=""64"""
2002,MAY 2002,5,2002,South Float East - 90',South Float East,90,"",63,C,2,3,2,fill_run,2002-05-02,2002-05-03,true,M/V Iron Horizon,"solid|fg=rgb=""FFFF6600"" |bg=indexed=""64"""
2002,MAY 2002,5,2002,South Float East - 90',South Float East,90,"",63,G,6,6,1,single,2002-05-06,2002-05-06,true,S/V Golden Heron,"solid|fg=rgb=""FFFF6600"" |bg=indexed=""64"""
2002,MAY 2002,5,2002,South Float East - 90',South Float East,90,"",63,J,9,12,4,fill_run,2002-05-09,2002-05-12,true,S/V Golden Heron,"solid|fg=rgb=""FFFF6600"" |bg=indexed=""64"""
2002,MAY 2002,5,2002,South Float East - 90',South Float East,90,"",63,Y,24,25,2,fill_run,2002-05-24,2002-05-25,true,S/V Golden Heron,"solid|fg=rgb=""FFFF6600"" |bg=indexed=""64"""
2002,JUNE 2002,6,2002,North Pier West - 410',North Pier West,410,"",69,D,3,3,1,single,2002-06-03,2002-06-03,true,R/V LONG ANCHOR,"solid|fg=theme=""5"" tint=""0.5999938962981048"" |bg=indexed=""64"""
2002,JUNE 2002,6,2002,North Pier West - 410',North Pier West,410,"",69,E,4,4,1,single,2002-06-04,2002-06-04,true,R/V Wild Kestrel,"solid|fg=theme=""9"" tint=""0.5999938962981048"" |bg=indexed=""64"""
2002,JUNE 2002,6,2002,North Pier West - 410',North Pier West,410,"",69,I,8,8,1,single,2002-06-08,2002-06-08,true,M/V Quiet Petrel,"solid|fg=theme=""2"" tint=""-0.249977111117893"" |bg=indexed=""64"""
2002,JUNE 2002,6,2002,North Pier West - 410',North Pier West,410,"",69,M,12,12,1,single,2002-06-12,2002-06-12,true,R/V Coral Current,"solid|fg=rgb=""FFFFC000"" |bg=indexed=""64"""
2002,JUNE 2002,6,2002,North Pier West - 410',North Pier West,410,"",69,O,14,14,1,single,2002-06-14,2002-06-14,true,R/V LONG ANCHOR,"solid|fg=theme=""5"" tint=""0.5999938962981048"" |bg=indexed=""64"""
2002,JUNE 2002,6,2002,North Pier West - 410',North Pier West,410,"",69,S,18,18,1,single,2002-06-18,2002-06-18,true,R/V LONG ANCHOR,"solid|fg=theme=""5"" tint=""0.5999938962981048"" |bg=indexed=""64"""
2002,JUNE 2002,6,2002,North Pier West - 410',North Pier West,410,"",69,W,22,22,1,single,2002-06-22,2002-06-22,true,R/V LONG ANCHOR,"solid|fg=theme=""5"" tint=""0.5999938962981048"" |bg=indexed=""64"""
2002,JUNE 2002,6,2002,North Pier West - 410',North Pier West,410,"",69,Y,24,24,1,single,2002-06-24,2002-06-24,true,R/V LONG ANCHOR,"solid|fg=theme=""5"" tint=""0.5999938962981048"" |bg=indexed=""64"""
2002,JUNE 2002,6,2002,North Pier West - 410',North Pier West,410,"",69,AD,29,30,2,repeat,2002-06-29,2002-06-30,true,R/V LONG ANCHOR,"solid|fg=theme=""5"" tint=""0.5999938962981048"" |bg=indexed=""64"""
2002,JUNE 2002,6,2002,North Pier Face - 75',North Pier Face,75,"",70,E,4,4,1,single,2002-06-04,2002-06-04,true,R/V Wild Kestrel,"solid|fg=theme=""9"" tint=""0.5999938962981048"" |bg=indexed=""64"""
2002,JUNE 2002,6,2002,North Pier Face - 75',North Pier Face,75,"",70,J,9,9,1,single,2002-06-09,2002-06-09,true,R/V LONG ANCHOR,"solid|fg=theme=""5"" tint=""0.5999938962981048"" |bg=indexed=""64"""
2002,JUNE 2002,6,2002,North Pier Face - 75',North Pier Face,75,"",70,AC,28,29,2,repeat,2002-06-28,2002-06-29,true,R/V LONG ANCHOR,"solid|fg=theme=""5"" tint=""0.5999938962981048"" |bg=indexed=""64"""
2002,JUNE 2002,6,2002,North Pier East - 240',North Pier East,240,"",71,B,1,15,15,fill_run,2002-06-01,2002-06-15,true,Barge SALT DORY,"solid|fg=theme=""3"" tint=""0.5999938962981048"" |bg=indexed=""64"""
2002,JUNE 2002,6,2002,North Pier East - 240',North Pier East,240,"",71,V,21,23,3,fill_run,2002-06-21,2002-06-23,true,Barge SALT DORY,"solid|fg=theme=""3"" tint=""0.5999938962981048"" |bg=indexed=""64"""
2002,JUNE 2002,6,2002,North Pier East - 240',North Pier East,240,"",71,AB,27,30,4,fill_run,2002-06-27,2002-06-30,true,Barge SALT DORY,"solid|fg=theme=""3"" tint=""0.5999938962981048"" |bg=indexed=""64"""
2002,JUNE 2002,6,2002,South Float East - 90',South Float East,90,"",74,O,14,14,1,single,2002-06-14,2002-06-14,true,S/V Golden Heron,"solid|fg=rgb=""FFFF0000"" |bg=indexed=""64"""
2002,JUNE 2002,6,2002,South Float East - 90',South Float East,90,"",74,Q,16,17,2,fill_run,2002-06-16,2002-06-17,true,Barge WESTERN COVE,"solid|fg=theme=""7"" tint=""0.3999755851924192"" |bg=indexed=""64"""
2002,JULY 2002,7,2002,North Pier West - 410',North Pier West,410,"",80,D,3,3,1,single,2002-07-03,2002-07-03,true,R/V LONG ANCHOR,"solid|fg=theme=""5"" tint=""0.5999938962981048"" |bg=indexed=""64"""
2002,JULY 2002,7,2002,North Pier West - 410',North Pier West,410,"",80,E,4,5,2,fill_run,2002-07-04,2002-07-05,true,M/V QUIET PETREL,"solid|fg=theme=""2"" tint=""-0.249977111117893"" |bg=indexed=""64"""
2002,JULY 2002,7,2002,North Pier West - 410',North Pier West,410,"",80,J,9,9,1,single,2002-07-09,2002-07-09,true,M/V Quiet Petrel,"solid|fg=theme=""2"" tint=""-0.249977111117893"" |bg=indexed=""64"""
2002,JULY 2002,7,2002,North Pier West - 410',North Pier West,410,"",80,L,11,11,1,single,2002-07-11,2002-07-11,true,M/V Quiet Petrel,"solid|fg=theme=""2"" tint=""-0.249977111117893"" |bg=indexed=""64"""
2002,JULY 2002,7,2002,North Pier West - 410',North Pier West,410,"",80,M,12,12,1,single,2002-07-12,2002-07-12,true,R/V LONG ANCHOR,"solid|fg=theme=""5"" tint=""0.5999938962981048"" |bg=indexed=""64"""
2002,JULY 2002,7,2002,North Pier West - 410',North Pier West,410,"",80,S,18,19,2,fill_run,2002-07-18,2002-07-19,true,M/V Quiet Petrel,"solid|fg=theme=""2"" tint=""-0.249977111117893"" |bg=indexed=""64"""
2002,JULY 2002,7,2002,North Pier West - 410',North Pier West,410,"",80,X,23,25,3,fill_run,2002-07-23,2002-07-25,true,M/V Quiet Petrel,"solid|fg=theme=""2"" tint=""-0.249977111117893"" |bg=indexed=""64"""
2002,JULY 2002,7,2002,North Pier Face - 75',North Pier Face,75,"",81,Q,16,16,1,single,2002-07-16,2002-07-16,true,M/V Quiet Petrel,"solid|fg=theme=""2"" tint=""-0.249977111117893"" |bg=indexed=""64"""
2002,JULY 2002,7,2002,North Pier East - 240',North Pier East,240,"",82,F,5,8,4,fill_run,2002-07-05,2002-07-08,true,Barge SALT DORY,"solid|fg=theme=""3"" tint=""0.5999938962981048"" |bg=indexed=""64"""
2002,JULY 2002,7,2002,North Pier East - 240',North Pier East,240,"",82,S,18,26,9,fill_run,2002-07-18,2002-07-26,true,Barge SALT DORY,"solid|fg=theme=""3"" tint=""0.5999938962981048"" |bg=indexed=""64"""
2002,JULY 2002,7,2002,South Float West - 90',South Float West,90,"",84,E,4,4,1,single,2002-07-04,2002-07-04,true,M/V DEEP REEF,"solid|fg=rgb=""FF92D050"" |bg=indexed=""64"""
2002,JULY 2002,7,2002,South Float West - 90',South Float West,90,"",84,M,12,16,5,fill_run,2002-07-12,2002-07-16,true,Tug Green Sound,"solid|fg=theme=""8"" tint=""0.5999938962981048"" |bg=indexed=""64"""
2002,JULY 2002,7,2002,South Float West - 90',South Float West,90,"",84,R,17,18,2,fill_run,2002-07-17,2002-07-18,true,Barge High Osprey,"solid|fg=theme=""6"" tint=""0.3999755851924192"" |bg=indexed=""64"""
2002,JULY 2002,7,2002,South Float West - 90',South Float West,90,"",84,T,19,19,1,single,2002-07-19,2002-07-19,true,M/V NORTHERN HERON,"solid|fg=theme=""2"" tint=""-0.249977111117893"" |bg=indexed=""64"""
2002,JULY 2002,7,2002,South Float West - 90',South Float West,90,"",84,W,22,22,1,single,2002-07-22,2002-07-22,true,M/V NORTHERN HERON,"solid|fg=theme=""2"" tint=""-0.249977111117893"" |bg=indexed=""64"""
2002,JULY 2002,7,2002,South Float West - 90',South Float West,90,"",84,AA,26,26,1,single,2002-07-26,2002-07-26,true,M/V NORTHERN HERON,"solid|fg=theme=""2"" tint=""-0.249977111117893"" |bg=indexed=""64"""
2002,JULY 2002,7,2002,South Float West - 90',South Float West,90,"",84,AD,29,29,1,single,2002-07-29,2002-07-29,true,M/V NORTHERN HERON,"solid|fg=theme=""2"" tint=""-0.249977111117893"" |bg=indexed=""64"""
2002,JULY 2002,7,2002,South Float West - 90',South Float West,90,"",84,AF,31,31,1,single,2002-07-31,2002-07-31,true,S/V Golden Heron,"solid|fg=rgb=""FFFF0000"" |bg=indexed=""64"""
2002,JULY 2002,7,2002,South Float East - 90',South Float East,90,"",85,G,6,7,2,fill_run,2002-07-06,2002-07-07,true,M/V DEEP REEF,"solid|fg=rgb=""FF92D050"" |bg=indexed=""64"""
2002,JULY 2002,7,2002,South Float East - 90',South Float East,90,"",85,I,8,8,1,single,2002-07-08,2002-07-08,true,R/V Grey Ledge,"solid|fg=rgb=""FFFF0000"" |bg=indexed=""64"""
2002,JULY 2002,7,2002,South Float East - 90',South Float East,90,"",85,M,12,12,1,single,2002-07-12,2002-07-12,true,M/V NORTHERN HERON,"solid|fg=theme=""2"" tint=""-0.249977111117893"" |bg=indexed=""64"""
2002,JULY 2002,7,2002,South Float East - 90',South Float East,90,"",85,T,19,19,1,single,2002-07-19,2002-07-19,true,R/V Northern Lantern,"solid|fg=rgb=""FF00B050"" |bg=indexed=""64"""
2002,JULY 2002,7,2002,South Float East - 90',South Float East,90,"",85,V,21,22,2,fill_run,2002-07-21,2002-07-22,true,S/V Far Tern,"solid|fg=theme=""9"" tint=""0.5999938962981048"" |bg=indexed=""64"""
2002,JULY 2002,7,2002,South Float East - 90',South Float East,90,"",85,AD,29,31,3,fill_run,2002-07-29,2002-07-31,true,S/V FAR HORIZON,"solid|fg=rgb=""FFFFFF00"" |bg=indexed=""64"""
2002,AUGUST 2002,8,2002,North Pier West - 410',North Pier West,410,"",91,B,1,6,6,fill_run,2002-08-01,2002-08-06,true,R/V CLEAR SEXTANT,"solid|fg=rgb=""FF92D050"" |bg=indexed=""64"""
2002,AUGUST 2002,8,2002,North Pier West - 410',North Pier West,410,"",91,P,15,28,14,fill_run,2002-08-15,2002-08-28,true,R/V CLEAR SEXTANT,"solid|fg=rgb=""FF92D050"" |bg=indexed=""64"""
2002,AUGUST 2002,8,2002,North Pier Face - 75',North Pier Face,75,"",92,B,1,14,14,fill_run,2002-08-01,2002-08-14,true,M/V QUIET PETREL,"solid|fg=theme=""2"" tint=""-0.249977111117893"" |bg=indexed=""64"""
2002,AUGUST 2002,8,2002,North Pier Face - 75',North Pier Face,75,"",92,P,15,31,17,fill_run,2002-08-15,2002-08-31,true,M/V QUIET PETREL,"solid|fg=theme=""2"" tint=""-0.249977111117893"" |bg=indexed=""64"""
2002,AUGUST 2002,8,2002,North Pier East - 240',North Pier East,240,"",93,E,4,9,6,fill_run,2002-08-04,2002-08-09,true,Barge SALT DORY,"solid|fg=theme=""3"" tint=""0.5999938962981048"" |bg=indexed=""64"""
2002,AUGUST 2002,8,2002,South Float West - 90',South Float West,90,"",95,D,3,3,1,single,2002-08-03,2002-08-03,true,M/V NORTHERN HERON,"solid|fg=theme=""2"" tint=""-0.249977111117893"" |bg=indexed=""64"""
2002,AUGUST 2002,8,2002,South Float West - 90',South Float West,90,"",95,H,7,7,1,single,2002-08-07,2002-08-07,true,M/Y Golden Wind,"solid|fg=rgb=""FFFF0000"" |bg=indexed=""64"""
2002,AUGUST 2002,8,2002,South Float West - 90',South Float West,90,"",95,L,11,11,1,single,2002-08-11,2002-08-11,true,S/V Golden Heron,"solid|fg=rgb=""FFFF6600"" |bg=indexed=""64"""
2002,AUGUST 2002,8,2002,South Float West - 90',South Float West,90,"",95,M,12,13,2,fill_run,2002-08-12,2002-08-13,true,S/V LONG SEXTANT,"solid|fg=theme=""7"" tint=""0.3999755851924192"" |bg=indexed=""64"""
2002,AUGUST 2002,8,2002,South Float West - 90',South Float West,90,"",95,O,14,14,1,single,2002-08-14,2002-08-14,true,S/V Golden Heron,"solid|fg=rgb=""FFFF6600"" |bg=indexed=""64"""
2002,AUGUST 2002,8,2002,South Float West - 90',South Float West,90,"",95,U,20,20,1,single,2002-08-20,2002-08-20,true,M/V NORTHERN HERON,"solid|fg=theme=""2"" tint=""-0.249977111117893"" |bg=indexed=""64"""
2002,AUGUST 2002,8,2002,South Float West - 90',South Float West,90,"",95,W,22,23,2,fill_run,2002-08-22,2002-08-23,true,Tug Green Sound,"solid|fg=theme=""4"" tint=""0.5999938962981048"" |bg=indexed=""64"""
2002,AUGUST 2002,8,2002,South Float West - 90',South Float West,90,"",95,Y,24,24,1,single,2002-08-24,2002-08-24,true,Tug SALT STAR,"solid|fg=theme=""7"" tint=""0.5999938962981048"" |bg=indexed=""64"""
2002,AUGUST 2002,8,2002,South Float West - 90',South Float West,90,"",95,AD,29,29,1,single,2002-08-29,2002-08-29,true,R/V Swift Ketch,"solid|fg=theme=""5"" tint=""0.3999755851924192"" |bg=indexed=""64"""
2002,AUGUST 2002,8,2002,South Float East - 90',South Float East,90,"",96,B,1,3,3,fill_run,2002-08-01,2002-08-03,true,S/V FAR HORIZON,"solid|fg=rgb=""FFFFFF00"" |bg=indexed=""64"""
2002,AUGUST 2002,8,2002,South Float East - 90',South Float East,90,"",96,I,8,9,2,fill_run,2002-08-08,2002-08-09,true,R/V GREY SEXTANT,"solid|fg=theme=""8"" |bg=indexed=""64"""
2002,AUGUST 2002,8,2002,South Float East - 90',South Float East,90,"",96,L,11,14,4,fill_run,2002-08-11,2002-08-14,true,S/V FAR HORIZON,"solid|fg=rgb=""FFFFFF00"" |bg=indexed=""64"""
2002,AUGUST 2002,8,2002,South Float East - 90',South Float East,90,"",96,P,15,15,1,single,2002-08-15,2002-08-15,true,Barge WILD OSPREY,"solid|fg=theme=""2"" tint=""-0.249977111117893"" |bg=indexed=""64"""
2002,AUGUST 2002,8,2002,South Float East - 90',South Float East,90,"",96,R,17,17,1,single,2002-08-17,2002-08-17,true,S/V FAR DORY,"solid|fg=theme=""9"" tint=""0.3999755851924192"" |bg=indexed=""64"""
2002,AUGUST 2002,8,2002,South Float East - 90',South Float East,90,"",96,S,18,20,3,fill_run,2002-08-18,2002-08-20,true,S/V GREEN COMPASS,"solid|fg=theme=""3"" tint=""0.3999755851924192"" |bg=indexed=""64"""
2002,AUGUST 2002,8,2002,South Float East - 90',South Float East,90,"",96,W,22,24,3,fill_run,2002-08-22,2002-08-24,true,S/V FAR HORIZON,"solid|fg=rgb=""FFFFFF00"" |bg=indexed=""64"""
2002,AUGUST 2002,8,2002,South Float East - 90',South Float East,90,"",96,AC,28,31,4,fill_run,2002-08-28,2002-08-31,true,S/V FAR HORIZON,"solid|fg=rgb=""FFFFFF00"" |bg=indexed=""64"""
2002,SEPTEMBER 2002,9,2002,North Pier West - 410',North Pier West,410,"",106,H,7,11,5,fill_run,2002-09-07,2002-09-11,true,R/V IRON REEF,"solid|fg=rgb=""FFFF0000"" |bg=indexed=""64"""
2002,SEPTEMBER 2002,9,2002,North Pier West - 410',North Pier West,410,"",106,Y,24,28,5,fill_run,2002-09-24,2002-09-28,true,M/V Quiet Sextant,"solid|fg=theme=""9"" tint=""0.3999755851924192"" |bg=indexed=""64"""
2002,SEPTEMBER 2002,9,2002,North Pier Face - 75',North Pier Face,75,"",107,C,2,11,10,fill_run,2002-09-02,2002-09-11,true,R/V Iron Compass,"solid|fg=theme=""2"" tint=""-0.249977111117893"" |bg=indexed=""64"""
2002,SEPTEMBER 2002,9,2002,North Pier Face - 75',North Pier Face,75,"",107,Q,16,19,4,fill_run,2002-09-16,2002-09-19,true,M/V QUIET PETREL,"solid|fg=theme=""2"" tint=""-0.249977111117893"" |bg=indexed=""64"""
2002,SEPTEMBER 2002,9,2002,North Pier Face - 75',North Pier Face,75,"",107,AB,27,30,4,fill_run,2002-09-27,2002-09-30,true,M/V QUIET PETREL,"solid|fg=theme=""2"" tint=""-0.249977111117893"" |bg=indexed=""64"""
2002,SEPTEMBER 2002,9,2002,North Pier East - 240',North Pier East,240,"",108,I,8,8,1,single,2002-09-08,2002-09-08,true,R/V LONG ANCHOR,"solid|fg=theme=""5"" tint=""0.5999938962981048"" |bg=indexed=""64"""
2002,SEPTEMBER 2002,9,2002,North Pier East - 240',North Pier East,240,"",108,N,13,14,2,fill_run,2002-09-13,2002-09-14,true,R/V LONG ANCHOR,"solid|fg=theme=""5"" tint=""0.5999938962981048"" |bg=indexed=""64"""
2002,SEPTEMBER 2002,9,2002,North Pier East - 240',North Pier East,240,"",108,U,20,25,6,fill_run,2002-09-20,2002-09-25,true,M/V QUIET PETREL,"solid|fg=theme=""2"" tint=""-0.249977111117893"" |bg=indexed=""64"""
2002,SEPTEMBER 2002,9,2002,North Pier East - 240',North Pier East,240,"",108,AA,26,30,5,fill_run,2002-09-26,2002-09-30,true,Barge SALT DORY,"solid|fg=theme=""3"" tint=""0.5999938962981048"" |bg=indexed=""64"""
2002,SEPTEMBER 2002,9,2002,South Float East - 90',South Float East,90,"",111,O,14,14,1,single,2002-09-14,2002-09-14,true,M/V CORAL STAR,"solid|fg=rgb=""FF92D050"" |bg=indexed=""64"""
2002,OCTOBER 2002,10,2002,North Pier West - 410',North Pier West,410,"",117,H,7,11,5,fill_run,2002-10-07,2002-10-11,true,M/V NORTHERN HARBOR,"solid|fg=rgb=""FFFF0000"" |bg=indexed=""64"""
2002,OCTOBER 2002,10,2002,North Pier West - 410',North Pier West,410,"",117,P,15,15,1,single,2002-10-15,2002-10-15,true,R/V LONG ANCHOR,"solid|fg=theme=""5"" tint=""0.5999938962981048"" |bg=indexed=""64"""
2002,OCTOBER 2002,10,2002,North Pier West - 410',North Pier West,410,"",117,R,17,17,1,single,2002-10-17,2002-10-17,true,R/V LONG ANCHOR,"solid|fg=theme=""5"" tint=""0.5999938962981048"" |bg=indexed=""64"""
2002,OCTOBER 2002,10,2002,North Pier West - 410',North Pier West,410,"",117,V,21,23,3,fill_run,2002-10-21,2002-10-23,true,R/V LONG ANCHOR,"solid|fg=theme=""5"" tint=""0.5999938962981048"" |bg=indexed=""64"""
2002,OCTOBER 2002,10,2002,North Pier West - 410',North Pier West,410,"",117,Z,25,25,1,single,2002-10-25,2002-10-25,true,R/V LONG ANCHOR,"solid|fg=theme=""5"" tint=""0.5999938962981048"" |bg=indexed=""64"""
2002,OCTOBER 2002,10,2002,North Pier West - 410',North Pier West,410,"",117,AA,26,30,5,fill_run,2002-10-26,2002-10-30,true,M/V NORTHERN HARBOR,"solid|fg=rgb=""FFFF0000"" |bg=indexed=""64"""
2002,OCTOBER 2002,10,2002,North Pier East - 240',North Pier East,240,"",119,E,4,5,2,fill_run,2002-10-04,2002-10-05,true,Barge SALT DORY,"solid|fg=theme=""3"" tint=""0.5999938962981048"" |bg=indexed=""64"""
2002,OCTOBER 2002,10,2002,North Pier East - 240',North Pier East,240,"",119,AB,27,27,1,single,2002-10-27,2002-10-27,true,R/V LONG ANCHOR,"solid|fg=theme=""5"" tint=""0.5999938962981048"" |bg=indexed=""64"""
2002,OCTOBER 2002,10,2002,North Pier East - 240',North Pier East,240,"",119,AF,31,31,1,single,2002-10-31,2002-10-31,true,R/V LONG ANCHOR,"solid|fg=theme=""5"" tint=""0.5999938962981048"" |bg=indexed=""64"""
2002,OCTOBER 2002,10,2002,South Float West - 90',South Float West,90,"",121,Q,16,16,1,single,2002-10-16,2002-10-16,true,S/V GOLDEN HERON,"solid|fg=rgb=""FFFFC000"" |bg=indexed=""64"""
2002,OCTOBER 2002,10,2002,South Float West - 90',South Float West,90,"",121,R,17,18,2,fill_run,2002-10-17,2002-10-18,true,M/V DEEP REEF,"solid|fg=rgb=""FF92D050"" |bg=indexed=""64"""
2002,OCTOBER 2002,10,2002,South Float East - 90',South Float East,90,"",122,E,4,5,2,fill_run,2002-10-04,2002-10-05,true,Barge BLUE HORIZON,"solid|fg=rgb=""FFFFC000"" |bg=indexed=""64"""
2002,OCTOBER 2002,10,2002,South Float East - 90',South Float East,90,"",122,H,7,7,1,single,2002-10-07,2002-10-07,true,S/V GOLDEN HERON,"solid|fg=rgb=""FFFFC000"" |bg=indexed=""64"""
2002,OCTOBER 2002,10,2002,South Float East - 90',South Float East,90,"",122,I,8,16,9,fill_run,2002-10-08,2002-10-16,true,S/V FAR HORIZON,"solid|fg=rgb=""FFFFFF00"" |bg=indexed=""64"""
2002,NOVEMBER 2002,11,2002,North Pier West - 410',North Pier West,410,"",128,F,5,6,2,repeat,2002-11-05,2002-11-06,true,R/V LONG ANCHOR,"solid|fg=theme=""5"" tint=""0.5999938962981048"" |bg=indexed=""64"""
2002,NOVEMBER 2002,11,2002,North Pier Face - 75',North Pier Face,75,"",129,B,1,2,2,fill_run,2002-11-01,2002-11-02,true,M/V Quiet Petrel,"solid|fg=theme=""2"" tint=""-0.249977111117893"" |bg=indexed=""64"""
2002,NOVEMBER 2002,11,2002,North Pier East - 240',North Pier East,240,"",130,E,4,30,27,fill_run,2002-11-04,2002-11-30,true,Barge SALT DORY,"solid|fg=theme=""3"" tint=""0.5999938962981048"" |bg=indexed=""64"""
2002,DECEMBER 2002,12,2002,North Pier West - 410',North Pier West,410,"",139,B,1,1,1,single,2002-12-01,2002-12-01,true,M/V Quiet Petrel,"solid|fg=theme=""2"" tint=""-0.249977111117893"" |bg=indexed=""64"""
2002,DECEMBER 2002,12,2002,North Pier West - 410',North Pier West,410,"",139,M,12,15,4,fill_run,2002-12-12,2002-12-15,true,R/V LONG ANCHOR,"solid|fg=theme=""7"" tint=""0.3999755851924192"" |bg=indexed=""64"""
2002,DECEMBER 2002,12,2002,North Pier West - 410',North Pier West,410,"",139,U,20,30,11,fill_run,2002-12-20,2002-12-30,true,R/V CLEAR SEXTANT,"solid|fg=rgb=""FF92D050"" |bg=indexed=""64"""
2002,DECEMBER 2002,12,2002,North Pier East - 240',North Pier East,240,"",141,B,1,31,31,fill_run,2002-12-01,2002-12-31,true,Barge SALT DORY,"solid|fg=theme=""3"" tint=""0.5999938962981048"" |bg=indexed=""64"""
2003,DECEMBER 2002,12,2002,North Pier West - 410',North Pier West,410,"",3,M,12,15,4,fill_run,2002-12-12,2002-12-15,true,R/V LONG ANCHOR,"solid|fg=theme=""7"" tint=""0.5999938962981048"" |bg=indexed=""64"""
2003,DECEMBER 2002,12,2002,North Pier West - 410',North Pier West,410,"",3,T,19,30,12,fill_run,2002-12-19,2002-12-30,true,R/V CLEAR SEXTANT,"solid|fg=rgb=""FF92D050"" |bg=indexed=""64"""
2003,DECEMBER 2002,12,2002,North Pier Face - 75',North Pier Face,75,"",4,AF,31,31,1,single,2002-12-31,2002-12-31,true,R/V LONG ANCHOR,"solid|fg=theme=""7"" tint=""0.5999938962981048"" |bg=indexed=""64"""
2003,DECEMBER 2002,12,2002,North Pier East - 240',North Pier East,240,"",5,B,1,31,31,fill_run,2002-12-01,2002-12-31,true,Barge SALT DORY,"solid|fg=theme=""3"" tint=""0.5999938962981048"" |bg=indexed=""64"""
2003,JANUARY 2003,1,2003,North Pier West - 410',North Pier West,410,"",14,B,1,31,31,fill_run,2003-01-01,2003-01-31,true,R/V CLEAR SEXTANT,"solid|fg=rgb=""FF92D050"" |bg=indexed=""64"""
2003,JANUARY 2003,1,2003,North Pier Face - 75',North Pier Face,75,"",15,D,3,3,1,single,2003-01-03,2003-01-03,true,R/V LONG ANCHOR,"solid|fg=theme=""7"" tint=""0.5999938962981048"" |bg=indexed=""64"""
2003,JANUARY 2003,1,2003,North Pier Face - 75',North Pier Face,75,"",15,G,6,8,3,repeat,2003-01-06,2003-01-08,true,R/V LONG ANCHOR,"solid|fg=theme=""7"" tint=""0.5999938962981048"" |bg=indexed=""64"""
2003,JANUARY 2003,1,2003,North Pier Face - 75',North Pier Face,75,"",15,AA,26,26,1,single,2003-01-26,2003-01-26,true,M/V Quiet Petrel,"solid|fg=theme=""2"" tint=""-0.249977111117893"" |bg=indexed=""64"""
2003,JANUARY 2003,1,2003,North Pier Face - 75',North Pier Face,75,"",15,AD,29,29,1,single,2003-01-29,2003-01-29,true,M/V Quiet Petrel,"solid|fg=theme=""2"" tint=""-0.249977111117893"" |bg=indexed=""64"""
2003,JANUARY 2003,1,2003,North Pier East - 240',North Pier East,240,"",16,B,1,31,31,fill_run,2003-01-01,2003-01-31,true,Barge SALT DORY,"solid|fg=theme=""3"" tint=""0.5999938962981048"" |bg=indexed=""64"""
2003,FEBRUARY 2003,2,2003,North Pier West - 410',North Pier West,410,"",25,E,4,24,21,fill_run,2003-02-04,2003-02-24,true,R/V CLEAR SEXTANT,"solid|fg=rgb=""FF92D050"" |bg=indexed=""64"""
2003,FEBRUARY 2003,2,2003,North Pier West - 410',North Pier West,410,"",25,AA,26,28,3,fill_run,2003-02-26,2003-02-28,true,R/V LONG ANCHOR,"solid|fg=theme=""7"" tint=""0.3999755851924192"" |bg=indexed=""64"""
2003,FEBRUARY 2003,2,2003,North Pier Face - 75',North Pier Face,75,"",26,X,23,25,3,fill_run,2003-02-23,2003-02-25,true,M/V QUIET PETREL,"solid|fg=theme=""2"" tint=""-0.249977111117893"" |bg=indexed=""64"""
2003,FEBRUARY 2003,2,2003,North Pier East - 240',North Pier East,240,"",27,B,1,28,28,fill_run,2003-02-01,2003-02-28,true,Barge SALT DORY,"solid|fg=theme=""4"" tint=""0.3999755851924192"" |bg=indexed=""64"""
2003,MARCH 2003,3,2003,North Pier West - 410',North Pier West,410,"",36,C,2,5,4,fill_run,2003-03-02,2003-03-05,true,F/V NORTHERN VOYAGER,"solid|fg=rgb=""FFFFC000"" |bg=indexed=""64"""
2003,MARCH 2003,3,2003,North Pier West - 410',North Pier West,410,"",36,G,6,29,24,fill_run,2003-03-06,2003-03-29,true,M/V Quiet Petrel,"solid|fg=theme=""2"" tint=""-0.249977111117893"" |bg=indexed=""64"""
2003,MARCH 2003,3,2003,North Pier East - 240',North Pier East,240,"",38,E,4,4,1,single,2003-03-04,2003-03-04,true,Barge SALT DORY,"solid|fg=theme=""3"" tint=""0.5999938962981048"" |bg=indexed=""64"""
2003,MARCH 2003,3,2003,North Pier East - 240',North Pier East,240,"",38,G,6,14,9,fill_run,2003-03-06,2003-03-14,true,OSV LONG HARBOR,"solid|fg=theme=""9"" tint=""0.3999755851924192"" |bg=indexed=""64"""
2003,APRIL 2003,4,2003,North Pier West - 410',North Pier West,410,"",47,B,1,13,13,fill_run,2003-04-01,2003-04-13,true,M/V Quiet Petrel,"solid|fg=theme=""2"" tint=""-0.249977111117893"" |bg=indexed=""64"""
2003,APRIL 2003,4,2003,North Pier West - 410',North Pier West,410,"",47,O,14,17,4,fill_run,2003-04-14,2003-04-17,true,S/V GREEN OSPREY,"solid|fg=rgb=""FF00B0F0"" |bg=indexed=""64"""
2003,APRIL 2003,4,2003,North Pier West - 410',North Pier West,410,"",47,S,18,19,2,fill_run,2003-04-18,2003-04-19,true,M/Y GREEN LANTERN,"solid|fg=rgb=""FFFFFF00"" |bg=indexed=""64"""
2003,APRIL 2003,4,2003,North Pier West - 410',North Pier West,410,"",47,V,21,22,2,fill_run,2003-04-21,2003-04-22,true,M/Y GREEN LANTERN,"solid|fg=rgb=""FFFFFF00"" |bg=indexed=""64"""
2003,APRIL 2003,4,2003,North Pier West - 410',North Pier West,410,"",47,AD,29,30,2,fill_run,2003-04-29,2003-04-30,true,Barge BRIGHT STAR,"solid|fg=rgb=""FFFFC000"" |bg=indexed=""64"""
2003,APRIL 2003,4,2003,North Pier Face - 75',North Pier Face,75,"",48,Q,16,27,12,fill_run,2003-04-16,2003-04-27,true,S/V GREEN OSPREY,"solid|fg=rgb=""FF00B0F0"" |bg=indexed=""64"""
2003,APRIL 2003,4,2003,North Pier East - 240',North Pier East,240,"",49,O,14,19,6,fill_run,2003-04-14,2003-04-19,true,Barge SALT DORY,"solid|fg=theme=""3"" tint=""0.5999938962981048"" |bg=indexed=""64"""
2003,APRIL 2003,4,2003,North Pier East - 240',North Pier East,240,"",49,X,23,23,1,single,2003-04-23,2003-04-23,true,R/V WILD TIDE,"solid|fg=rgb=""FFFFFF00"" |bg=indexed=""64"""
2003,APRIL 2003,4,2003,North Pier East - 240',North Pier East,240,"",49,Z,25,26,2,fill_run,2003-04-25,2003-04-26,true,M/Y GREEN LANTERN,"solid|fg=rgb=""FFFFFF00"" |bg=indexed=""64"""
2003,APRIL 2003,4,2003,South Float East - 90',South Float East,90,"",52,L,11,13,3,repeat,2003-04-11,2003-04-13,true,R/V Western Sextant,"solid|fg=theme=""8"" tint=""0.5999938962981048"" |bg=indexed=""64"""
2003,APRIL 2003,4,2003,South Float East - 90',South Float East,90,"",52,T,19,19,1,single,2003-04-19,2003-04-19,true,R/V Western Sextant,"solid|fg=theme=""8"" tint=""0.5999938962981048"" |bg=indexed=""64"""
2003,APRIL 2003,4,2003,South Float East - 90',South Float East,90,"",52,W,22,22,1,single,2003-04-22,2003-04-22,true,R/V Western Sextant,"solid|fg=theme=""8"" tint=""0.5999938962981048"" |bg=indexed=""64"""
2003,APRIL 2003,4,2003,South Float East - 90',South Float East,90,"",52,Y,24,24,1,single,2003-04-24,2003-04-24,true,R/V Western Sextant,"solid|fg=theme=""8"" tint=""0.5999938962981048"" |bg=indexed=""64"""
2003,APRIL 2003,4,2003,South Float East - 90',South Float East,90,"",52,AB,27,27,1,single,2003-04-27,2003-04-27,true,R/V Western Sextant,"solid|fg=theme=""8"" tint=""0.5999938962981048"" |bg=indexed=""64"""
2003,MAY 2003,5,2003,North Pier West - 410',North Pier West,410,"",58,B,1,3,3,fill_run,2003-05-01,2003-05-03,true,Barge BRIGHT STAR,"solid|fg=rgb=""FFFFC000"" |bg=indexed=""64"""
2003,MAY 2003,5,2003,North Pier West - 410',North Pier West,410,"",58,E,4,31,28,fill_run,2003-05-04,2003-05-31,true,S/V Green Osprey,"solid|fg=rgb=""FF00B0F0"" |bg=indexed=""64"""
2003,MAY 2003,5,2003,North Pier Face - 75',North Pier Face,75,"",59,B,1,31,31,fill_run,2003-05-01,2003-05-31,true,M/V Quiet Reef,"solid|fg=rgb=""FF00B0F0"" |bg=indexed=""64"""
2003,MAY 2003,5,2003,North Pier East - 240',North Pier East,240,"",60,C,2,2,1,single,2003-05-02,2003-05-02,true,M/Y GREEN LANTERN,"solid|fg=rgb=""FFFFFF00"" |bg=indexed=""64"""
2003,MAY 2003,5,2003,North Pier East - 240',North Pier East,240,"",60,E,4,4,1,single,2003-05-04,2003-05-04,true,M/Y GREEN LANTERN,"solid|fg=rgb=""FFFFFF00"" |bg=indexed=""64"""
2003,MAY 2003,5,2003,North Pier East - 240',North Pier East,240,"",60,F,5,6,2,fill_run,2003-05-05,2003-05-06,true,R/V Amber Osprey,"solid|fg=theme=""5"" tint=""0.3999755851924192"" |bg=indexed=""64"""
2003,MAY 2003,5,2003,North Pier East - 240',North Pier East,240,"",60,K,10,13,4,fill_run,2003-05-10,2003-05-13,true,Tug Wild Gannet,"solid|fg=theme=""5"" tint=""0.3999755851924192"" |bg=indexed=""64"""
2003,MAY 2003,5,2003,North Pier East - 240',North Pier East,240,"",60,R,17,19,3,fill_run,2003-05-17,2003-05-19,true,Tug Wild Gannet,"solid|fg=theme=""5"" tint=""0.3999755851924192"" |bg=indexed=""64"""
2003,MAY 2003,5,2003,North Pier East - 240',North Pier East,240,"",60,AA,26,26,1,single,2003-05-26,2003-05-26,true,M/Y GREEN LANTERN,"solid|fg=rgb=""FFFFFF00"" |bg=indexed=""64"""
2003,MAY 2003,5,2003,North Pier East - 240',North Pier East,240,"",60,AC,28,28,1,single,2003-05-28,2003-05-28,true,M/Y GREEN LANTERN,"solid|fg=rgb=""FFFFFF00"" |bg=indexed=""64"""
2003,MAY 2003,5,2003,Inner Channel - 55',Inner Channel,55,"",61,S,18,19,2,fill_run,2003-05-18,2003-05-19,true,Tug Far Ketch,"solid|fg=theme=""0"" tint=""-0.249977111117893"" |bg=indexed=""64"""
2003,MAY 2003,5,2003,South Float East - 90',South Float East,90,"",63,C,2,6,5,repeat,2003-05-02,2003-05-06,true,R/V Western Sextant,"solid|fg=theme=""8"" tint=""0.5999938962981048"" |bg=indexed=""64"""
2003,MAY 2003,5,2003,South Float East - 90',South Float East,90,"",63,K,10,10,1,single,2003-05-10,2003-05-10,true,R/V Western Sextant,"solid|fg=theme=""8"" tint=""0.5999938962981048"" |bg=indexed=""64"""
2003,MAY 2003,5,2003,South Float East - 90',South Float East,90,"",63,M,12,13,2,repeat,2003-05-12,2003-05-13,true,R/V Western Sextant,"solid|fg=theme=""8"" tint=""0.5999938962981048"" |bg=indexed=""64"""
2003,MAY 2003,5,2003,South Float East - 90',South Float East,90,"",63,R,17,17,1,single,2003-05-17,2003-05-17,true,R/V Western Sextant,"solid|fg=theme=""8"" tint=""0.5999938962981048"" |bg=indexed=""64"""
2003,MAY 2003,5,2003,South Float East - 90',South Float East,90,"",63,T,19,20,2,repeat,2003-05-19,2003-05-20,true,R/V Western Sextant,"solid|fg=theme=""8"" tint=""0.5999938962981048"" |bg=indexed=""64"""
2003,MAY 2003,5,2003,South Float East - 90',South Float East,90,"",63,Y,24,25,2,repeat,2003-05-24,2003-05-25,true,R/V Western Sextant,"solid|fg=theme=""8"" tint=""0.5999938962981048"" |bg=indexed=""64"""
2003,JUNE 2003,6,2003,North Pier West - 410',North Pier West,410,"",69,B,1,7,7,fill_run,2003-06-01,2003-06-07,true,F/V Swift Compass,"solid|fg=rgb=""FF00B0F0"" |bg=indexed=""64"""
2003,JUNE 2003,6,2003,North Pier West - 410',North Pier West,410,"",69,I,8,8,1,single,2003-06-08,2003-06-08,true,R/V WILD TIDE,"solid|fg=rgb=""FFFFFF00"" |bg=indexed=""64"""
2003,JUNE 2003,6,2003,North Pier West - 410',North Pier West,410,"",69,K,10,10,1,single,2003-06-10,2003-06-10,true,R/V WILD TIDE,"solid|fg=rgb=""FFFFFF00"" |bg=indexed=""64"""
2003,JUNE 2003,6,2003,North Pier West - 410',North Pier West,410,"",69,R,17,24,8,fill_run,2003-06-17,2003-06-24,true,R/V CLEAR SEXTANT,"solid|fg=rgb=""FF92D050"" |bg=indexed=""64"""
2003,JUNE 2003,6,2003,North Pier West - 410',North Pier West,410,"",69,AE,30,30,1,single,2003-06-30,2003-06-30,true,Barge DEEP LANTERN,"solid|fg=theme=""1"" tint=""0.3499862666707358"" |bg=indexed=""64"""
2003,JUNE 2003,6,2003,North Pier Face - 75',North Pier Face,75,"",70,AD,29,29,1,single,2003-06-29,2003-06-29,true,M/Y GREEN LANTERN,"solid|fg=rgb=""FFFFFF00"" |bg=indexed=""64"""
2003,JUNE 2003,6,2003,North Pier East - 240',North Pier East,240,"",71,H,7,8,2,fill_run,2003-06-07,2003-06-08,true,Tug Wild Gannet,"solid|fg=theme=""5"" tint=""0.3999755851924192"" |bg=indexed=""64"""
2003,JUNE 2003,6,2003,North Pier East - 240',North Pier East,240,"",71,R,17,19,3,fill_run,2003-06-17,2003-06-19,true,F/V NORTHERN VOYAGER,"solid|fg=rgb=""FFFFC000"" |bg=indexed=""64"""
2003,JUNE 2003,6,2003,North Pier East - 240',North Pier East,240,"",71,V,21,21,1,single,2003-06-21,2003-06-21,true,R/V Quiet Marlin,"solid|fg=rgb=""FF002060"" |bg=indexed=""64"""
2003,JUNE 2003,6,2003,North Pier East - 240',North Pier East,240,"",71,AD,29,29,1,single,2003-06-29,2003-06-29,true,F/V NORTHERN TERN,"solid|fg=rgb=""FFFFC000"" |bg=indexed=""64"""
2003,JUNE 2003,6,2003,South Float West - 90',South Float West,90,"",73,D,3,4,2,fill_run,2003-06-03,2003-06-04,true,M/Y GREY OSPREY,"solid|fg=theme=""3"" tint=""-0.249977111117893"" |bg=indexed=""64"""
2003,JUNE 2003,6,2003,South Float West - 90',South Float West,90,"",73,S,18,18,1,single,2003-06-18,2003-06-18,true,R/V Western Sextant,"solid|fg=theme=""8"" tint=""0.5999938962981048"" |bg=indexed=""64"""
2003,JUNE 2003,6,2003,South Float East - 90',South Float East,90,"",74,C,2,2,1,single,2003-06-02,2003-06-02,true,R/V Western Sextant,"solid|fg=theme=""8"" tint=""0.5999938962981048"" |bg=indexed=""64"""
2003,JUNE 2003,6,2003,South Float East - 90',South Float East,90,"",74,M,12,19,8,fill_run,2003-06-12,2003-06-19,true,S/V FAR HORIZON,"solid|fg=rgb=""FFFFFF00"" |bg=indexed=""64"""
2003,JUNE 2003,6,2003,South Float East - 90',South Float East,90,"",74,U,20,20,1,single,2003-06-20,2003-06-20,true,ETA 1200,"solid|fg=rgb=""FFFFFF00"" |bg=indexed=""64"""
2003,JUNE 2003,6,2003,South Float East - 90',South Float East,90,"",74,V,21,24,4,fill_run,2003-06-21,2003-06-24,true,ETD PM,"solid|fg=rgb=""FFFFFF00"" |bg=indexed=""64"""
2003,JUNE 2003,6,2003,South Float East - 90',South Float East,90,"",74,AA,26,26,1,single,2003-06-26,2003-06-26,true,M/V DEEP REEF,"solid|fg=theme=""4"" tint=""0.7999816888943144"" |bg=indexed=""64"""
2003,JULY 2003,7,2003,North Pier West - 410',North Pier West,410,"",80,D,3,8,6,fill_run,2003-07-03,2003-07-08,true,M/V Amber Ketch,"solid|fg=theme=""1"" tint=""0.3499862666707358"" |bg=indexed=""64"""
2003,JULY 2003,7,2003,North Pier West - 410',North Pier West,410,"",80,T,19,25,7,fill_run,2003-07-19,2003-07-25,true,R/V CLEAR SEXTANT,"solid|fg=rgb=""FF92D050"" |bg=indexed=""64"""
2003,JULY 2003,7,2003,North Pier West - 410',North Pier West,410,"",80,AF,31,31,1,single,2003-07-31,2003-07-31,true,M/Y GREEN LANTERN,"solid|fg=rgb=""FFFFFF00"" |bg=indexed=""64"""
2003,JULY 2003,7,2003,North Pier Face - 75',North Pier Face,75,"",81,E,4,4,1,single,2003-07-04,2003-07-04,true,M/Y GREEN LANTERN,"solid|fg=rgb=""FFFFFF00"" |bg=indexed=""64"""
2003,JULY 2003,7,2003,North Pier East - 240',North Pier East,240,"",82,I,8,21,14,fill_run,2003-07-08,2003-07-21,true,Barge SALT DORY,"solid|fg=theme=""3"" tint=""0.5999938962981048"" |bg=indexed=""64"""
2003,JULY 2003,7,2003,South Float West - 90',South Float West,90,"",84,D,3,3,1,single,2003-07-03,2003-07-03,true,M/V DEEP REEF,"solid|fg=theme=""4"" tint=""0.7999816888943144"" |bg=indexed=""64"""
2003,JULY 2003,7,2003,South Float West - 90',South Float West,90,"",84,I,8,9,2,fill_run,2003-07-08,2003-07-09,true,M/V DEEP REEF,"solid|fg=theme=""4"" tint=""0.7999816888943144"" |bg=indexed=""64"""
2003,JULY 2003,7,2003,South Float East - 90',South Float East,90,"",85,E,4,7,4,fill_run,2003-07-04,2003-07-07,true,S/V FAR HORIZON,"solid|fg=rgb=""FFFFFF00"" |bg=indexed=""64"""
2003,JULY 2003,7,2003,South Float East - 90',South Float East,90,"",85,K,10,12,3,fill_run,2003-07-10,2003-07-12,true,F/V IRON SEXTANT,"solid|fg=rgb=""FF7030A0"" |bg=indexed=""64"""
2003,JULY 2003,7,2003,South Float East - 90',South Float East,90,"",85,Q,16,19,4,fill_run,2003-07-16,2003-07-19,true,S/V FAR HORIZON,"solid|fg=rgb=""FFFFFF00"" |bg=indexed=""64"""
2003,JULY 2003,7,2003,South Float East - 90',South Float East,90,"",85,AB,27,28,2,fill_run,2003-07-27,2003-07-28,true,S/V FAR HORIZON,"solid|fg=rgb=""FFFFFF00"" |bg=indexed=""64"""
2003,AUGUST 2003,8,2003,North Pier West - 410',North Pier West,410,"",91,E,4,8,5,fill_run,2003-08-04,2003-08-08,true,R/V CLEAR SEXTANT,"solid|fg=rgb=""FF92D050"" |bg=indexed=""64"""
2003,AUGUST 2003,8,2003,North Pier West - 410',North Pier West,410,"",91,W,22,23,2,fill_run,2003-08-22,2003-08-23,true,F/V IRON SEXTANT,"solid|fg=rgb=""FF7030A0"" |bg=indexed=""64"""
2003,AUGUST 2003,8,2003,North Pier East - 240',North Pier East,240,"",93,D,3,7,5,fill_run,2003-08-03,2003-08-07,true,Barge SALT DORY,"solid|fg=theme=""3"" tint=""0.5999938962981048"" |bg=indexed=""64"""
2003,AUGUST 2003,8,2003,South Float West - 90',South Float West,90,"",95,I,8,10,3,fill_run,2003-08-08,2003-08-10,true,M/V Iron Fathom,"solid|fg=theme=""3"" tint=""-0.249977111117893"" |bg=indexed=""64"""
2003,AUGUST 2003,8,2003,South Float West - 90',South Float West,90,"",95,N,13,13,1,single,2003-08-13,2003-08-13,true,S/V Golden Heron,"solid|fg=theme=""3"" tint=""0.7999816888943144"" |bg=indexed=""64"""
2003,AUGUST 2003,8,2003,South Float East - 90',South Float East,90,"",96,C,2,3,2,fill_run,2003-08-02,2003-08-03,true,S/V FAR HORIZON,"solid|fg=rgb=""FFFFFF00"" |bg=indexed=""64"""
2003,AUGUST 2003,8,2003,South Float East - 90',South Float East,90,"",96,E,4,5,2,fill_run,2003-08-04,2003-08-05,true,R/V Bright Dory,"solid|fg=theme=""3"" |bg=indexed=""64"""
2003,AUGUST 2003,8,2003,South Float East - 90',South Float East,90,"",96,L,11,14,4,fill_run,2003-08-11,2003-08-14,true,S/V FAR HORIZON,"solid|fg=rgb=""FFFFFF00"" |bg=indexed=""64"""
2003,AUGUST 2003,8,2003,South Float East - 90',South Float East,90,"",96,Q,16,17,2,fill_run,2003-08-16,2003-08-17,true,M/V Amber Tern,"solid|fg=theme=""1"" tint=""0.3499862666707358"" |bg=indexed=""64"""
2003,AUGUST 2003,8,2003,South Float East - 90',South Float East,90,"",96,W,22,26,5,fill_run,2003-08-22,2003-08-26,true,S/V FAR HORIZON,"solid|fg=rgb=""FFFFFF00"" |bg=indexed=""64"""
2003,SEPTEMBER 2003,9,2003,North Pier West - 410',North Pier West,410,"",108,H,7,10,4,fill_run,2003-09-07,2003-09-10,true,M/V SILVER SOUND,"solid|fg=rgb=""FF0070C0"" |bg=indexed=""64"""
2003,SEPTEMBER 2003,9,2003,North Pier West - 410',North Pier West,410,"",108,P,15,19,5,fill_run,2003-09-15,2003-09-19,true,M/V SILVER SOUND,"solid|fg=rgb=""FF0070C0"" |bg=indexed=""64"""
2003,SEPTEMBER 2003,9,2003,North Pier Face - 75',North Pier Face,75,"",109,N,13,14,2,fill_run,2003-09-13,2003-09-14,true,M/Y GREEN LANTERN,"solid|fg=rgb=""FFFFFF00"" |bg=indexed=""64"""
2003,SEPTEMBER 2003,9,2003,North Pier Face - 75',North Pier Face,75,"",109,X,23,27,5,fill_run,2003-09-23,2003-09-27,true,Barge SALT DORY,"solid|fg=theme=""3"" tint=""0.5999938962981048"" |bg=indexed=""64"""
2003,SEPTEMBER 2003,9,2003,North Pier East - 240',North Pier East,240,"",110,C,2,8,7,fill_run,2003-09-02,2003-09-08,true,Barge SALT DORY,"solid|fg=theme=""3"" tint=""0.5999938962981048"" |bg=indexed=""64"""
2003,SEPTEMBER 2003,9,2003,North Pier East - 240',North Pier East,240,"",110,R,17,17,1,single,2003-09-17,2003-09-17,true,Barge SALT DORY,"solid|fg=theme=""4"" tint=""0.3999755851924192"" |bg=indexed=""64"""
2003,SEPTEMBER 2003,9,2003,South Float East - 90',South Float East,90,"",113,H,7,8,2,fill_run,2003-09-07,2003-09-08,true,M/V DEEP REEF,"solid|fg=theme=""3"" tint=""0.5999938962981048"" |bg=indexed=""64"""
2003,OCTOBER 2003,10,2003,North Pier West - 410',North Pier West,410,"",119,K,10,10,1,single,2003-10-10,2003-10-10,true,R/V SALT DRIFT,"solid|fg=theme=""0"" tint=""-0.249977111117893"" |bg=indexed=""64"""
2003,OCTOBER 2003,10,2003,North Pier West - 410',North Pier West,410,"",119,AD,29,30,2,fill_run,2003-10-29,2003-10-30,true,R/V CLEAR SEXTANT,"solid|fg=rgb=""FF92D050"" |bg=indexed=""64"""
2003,OCTOBER 2003,10,2003,North Pier East - 240',North Pier East,240,"",121,C,2,2,1,single,2003-10-02,2003-10-02,true,Barge SALT DORY,"solid|fg=theme=""3"" tint=""0.5999938962981048"" |bg=indexed=""64"""
2003,OCTOBER 2003,10,2003,North Pier East - 240',North Pier East,240,"",121,V,21,25,5,fill_run,2003-10-21,2003-10-25,true,Barge SALT DORY,"solid|fg=theme=""3"" tint=""0.5999938962981048"" |bg=indexed=""64"""
2003,OCTOBER 2003,10,2003,South Float West - 90',South Float West,90,"",123,B,1,1,1,single,2003-10-01,2003-10-01,true,S/V Golden Heron,"solid|fg=theme=""3"" tint=""0.7999816888943144"" |bg=indexed=""64"""
2003,OCTOBER 2003,10,2003,South Float West - 90',South Float West,90,"",123,I,8,12,5,fill_run,2003-10-08,2003-10-12,true,S/V Golden Heron,"solid|fg=theme=""3"" tint=""0.7999816888943144"" |bg=indexed=""64"""
2003,NOVEMBER 2003,11,2003,North Pier West - 410',North Pier West,410,"",130,C,2,6,5,fill_run,2003-11-02,2003-11-06,true,R/V CLEAR SEXTANT,"solid|fg=rgb=""FF92D050"" |bg=indexed=""64"""
2003,NOVEMBER 2003,11,2003,North Pier West - 410',North Pier West,410,"",130,I,8,8,1,single,2003-11-08,2003-11-08,true,M/Y GREEN LANTERN,"solid|fg=rgb=""FFFFFF00"" |bg=indexed=""64"""
2003,NOVEMBER 2003,11,2003,North Pier West - 410',North Pier West,410,"",130,K,10,10,1,single,2003-11-10,2003-11-10,true,M/Y GREEN LANTERN,"solid|fg=rgb=""FFFFFF00"" |bg=indexed=""64"""
2003,NOVEMBER 2003,11,2003,North Pier East - 240',North Pier East,240,"",132,E,4,8,5,fill_run,2003-11-04,2003-11-08,true,Barge SALT DORY,"solid|fg=theme=""3"" tint=""0.5999938962981048"" |bg=indexed=""64"""
2003,NOVEMBER 2003,11,2003,North Pier East - 240',North Pier East,240,"",132,M,12,30,19,fill_run,2003-11-12,2003-11-30,true,Barge SALT DORY,"solid|fg=theme=""3"" tint=""0.5999938962981048"" |bg=indexed=""64"""
2003,NOVEMBER 2003,11,2003,South Float West - 90',South Float West,90,"",134,H,7,11,5,fill_run,2003-11-07,2003-11-11,true,M/V QUIET PETREL,"solid|fg=theme=""0"" tint=""-0.249977111117893"" |bg=indexed=""64"""
2003,NOVEMBER 2003,11,2003,South Float West - 90',South Float West,90,"",134,O,14,18,5,fill_run,2003-11-14,2003-11-18,true,M/V QUIET PETREL,"solid|fg=theme=""0"" tint=""-0.249977111117893"" |bg=indexed=""64"""
2003,DECEMBER 2003,12,2003,North Pier West - 410',North Pier West,410,"",141,T,19,27,9,fill_run,2003-12-19,2003-12-27,true,R/V CLEAR SEXTANT,"solid|fg=rgb=""FF92D050"" |bg=indexed=""64"""
2003,DECEMBER 2003,12,2003,North Pier East - 240',North Pier East,240,"",143,B,1,31,31,fill_run,2003-12-01,2003-12-31,true,Barge SALT DORY,"solid|fg=theme=""3"" tint=""0.5999938962981048"" |bg=indexed=""64"""
2004,DECEMBER 2003,12,2003,North Pier West - 410',North Pier West,410,"",7,B,1,31,31,fill_run,2003-12-01,2003-12-31,true,Barge SALT DORY,"solid|fg=theme=""4"" tint=""0.3999755851924192"" |bg=indexed=""64"""
2004,DECEMBER 2003,12,2003,North Pier Face - 75',North Pier Face,75,"",8,O,14,17,4,fill_run,2003-12-14,2003-12-17,true,M/Y GREEN LANTERN,"solid|fg=theme=""7"" tint=""0.3999755851924192"" |bg=indexed=""64"""
2004,DECEMBER 2003,12,2003,North Pier East - 240',North Pier East,240,"",9,U,20,28,9,fill_run,2003-12-20,2003-12-28,true,R/V CLEAR SEXTANT,"solid|fg=rgb=""FF92D050"" |bg=indexed=""64"""
2004,JANUARY 2004,1,2004,North Pier West - 410',North Pier West,410,"",18,D,3,27,25,fill_run,2004-01-03,2004-01-27,true,Barge SALT DORY,"solid|fg=theme=""3"" tint=""0.5999938962981048"" |bg=indexed=""64"""
2004,JANUARY 2004,1,2004,North Pier West - 410',North Pier West,410,"",18,AD,29,29,1,single,2004-01-29,2004-01-29,true,M/Y GREEN LANTERN,"solid|fg=theme=""3"" tint=""-0.249977111117893"" |bg=indexed=""64"""
2004,JANUARY 2004,1,2004,North Pier Face - 75',North Pier Face,75,"",19,T,19,19,1,single,2004-01-19,2004-01-19,true,M/Y GREEN LANTERN,"solid|fg=rgb=""FF002060"" |bg=indexed=""64"""
2004,JANUARY 2004,1,2004,North Pier Face - 75',North Pier Face,75,"",19,V,21,21,1,single,2004-01-21,2004-01-21,true,M/Y GREEN LANTERN,"solid|fg=theme=""3"" tint=""-0.249977111117893"" |bg=indexed=""64"""
2004,JANUARY 2004,1,2004,North Pier East - 240',North Pier East,240,"",20,B,1,31,31,fill_run,2004-01-01,2004-01-31,true,R/V CLEAR SEXTANT,"solid|fg=rgb=""FF92D050"" |bg=indexed=""64"""
2004,FEBRUARY 2004,2,2004,North Pier West - 410',North Pier West,410,"",29,G,6,20,15,fill_run,2004-02-06,2004-02-20,true,M/V NORTHERN HARBOR,"solid|fg=theme=""5"" tint=""-0.249977111117893"" |bg=indexed=""64"""
2004,FEBRUARY 2004,2,2004,North Pier East - 240',North Pier East,240,"",31,E,4,25,22,fill_run,2004-02-04,2004-02-25,true,R/V CLEAR SEXTANT,"solid|fg=rgb=""FF92D050"" |bg=indexed=""64"""
2004,MARCH 2004,3,2004,North Pier West - 410',North Pier West,410,"",40,P,15,29,15,fill_run,2004-03-15,2004-03-29,true,R/V CLEAR SEXTANT,"solid|fg=rgb=""FF92D050"" |bg=indexed=""64"""
2004,MARCH 2004,3,2004,North Pier East - 240',North Pier East,240,"",42,Q,16,23,8,fill_run,2004-03-16,2004-03-23,true,M/V NORTHERN HARBOR,"solid|fg=theme=""5"" tint=""-0.249977111117893"" |bg=indexed=""64"""
2004,MARCH 2004,3,2004,North Pier East - 240',North Pier East,240,"",42,AC,28,30,3,fill_run,2004-03-28,2004-03-30,true,F/V LONG STRAND,"solid|fg=theme=""3"" tint=""0.3999755851924192"" |bg=indexed=""64"""
2004,APRIL 2004,4,2004,North Pier West - 410',North Pier West,410,"",51,B,1,10,10,fill_run,2004-04-01,2004-04-10,true,R/V CLEAR SEXTANT,"solid|fg=rgb=""FF92D050"" |bg=indexed=""64"""
2004,APRIL 2004,4,2004,North Pier West - 410',North Pier West,410,"",51,Q,16,16,1,single,2004-04-16,2004-04-16,true,M/Y GREEN LANTERN,"solid|fg=theme=""3"" tint=""-0.249977111117893"" |bg=indexed=""64"""
2004,APRIL 2004,4,2004,North Pier West - 410',North Pier West,410,"",51,S,18,18,1,single,2004-04-18,2004-04-18,true,M/Y GREEN LANTERN,"solid|fg=theme=""3"" tint=""-0.249977111117893"" |bg=indexed=""64"""
2004,APRIL 2004,4,2004,North Pier West - 410',North Pier West,410,"",51,U,20,20,1,single,2004-04-20,2004-04-20,true,M/Y GREEN LANTERN,"solid|fg=theme=""3"" tint=""-0.249977111117893"" |bg=indexed=""64"""
2004,APRIL 2004,4,2004,North Pier West - 410',North Pier West,410,"",51,AE,30,30,1,single,2004-04-30,2004-04-30,true,M/Y GREEN LANTERN,"solid|fg=theme=""3"" tint=""-0.249977111117893"" |bg=indexed=""64"""
2004,APRIL 2004,4,2004,North Pier East - 240',North Pier East,240,"",53,F,5,6,2,fill_run,2004-04-05,2004-04-06,true,F/V LONG STRAND,"solid|fg=theme=""3"" tint=""0.3999755851924192"" |bg=indexed=""64"""
2004,APRIL 2004,4,2004,North Pier East - 240',North Pier East,240,"",53,T,19,25,7,fill_run,2004-04-19,2004-04-25,true,R/V CLEAR SEXTANT,"solid|fg=rgb=""FF92D050"" |bg=indexed=""64"""
2004,APRIL 2004,4,2004,South Float West - 90',South Float West,90,"",55,M,12,12,1,single,2004-04-12,2004-04-12,true,S/V Golden Heron,"solid|fg=theme=""9"" tint=""-0.499984740745262"" |bg=indexed=""64"""
2004,APRIL 2004,4,2004,South Float West - 90',South Float West,90,"",55,Z,25,28,4,fill_run,2004-04-25,2004-04-28,true,S/V Golden Heron,"solid|fg=theme=""9"" tint=""-0.499984740745262"" |bg=indexed=""64"""
2004,MAY 2004,5,2004,North Pier West - 410',North Pier West,410,"",62,C,2,2,1,single,2004-05-02,2004-05-02,true,M/Y GREEN LANTERN,"solid|fg=theme=""3"" tint=""-0.249977111117893"" |bg=indexed=""64"""
2004,MAY 2004,5,2004,North Pier West - 410',North Pier West,410,"",62,P,15,20,6,fill_run,2004-05-15,2004-05-20,true,M/V NORTHERN HARBOR,"solid|fg=theme=""5"" tint=""-0.249977111117893"" |bg=indexed=""64"""
2004,MAY 2004,5,2004,North Pier East - 240',North Pier East,240,"",64,AB,27,27,1,single,2004-05-27,2004-05-27,true,M/Y GREEN LANTERN,"solid|fg=theme=""3"" tint=""-0.249977111117893"" |bg=indexed=""64"""
2004,MAY 2004,5,2004,North Pier East - 240',North Pier East,240,"",64,AD,29,31,3,fill_run,2004-05-29,2004-05-31,true,M/Y GREEN LANTERN,"solid|fg=theme=""3"" tint=""-0.249977111117893"" |bg=indexed=""64"""
2004,MAY 2004,5,2004,South Float West - 90',South Float West,90,"",66,D,3,6,4,fill_run,2004-05-03,2004-05-06,true,S/V Golden Heron,"solid|fg=theme=""9"" tint=""-0.499984740745262"" |bg=indexed=""64"""
2004,MAY 2004,5,2004,South Float West - 90',South Float West,90,"",66,J,9,9,1,single,2004-05-09,2004-05-09,true,S/V Golden Heron,"solid|fg=theme=""9"" tint=""-0.499984740745262"" |bg=indexed=""64"""
2004,MAY 2004,5,2004,South Float West - 90',South Float West,90,"",66,S,18,20,3,fill_run,2004-05-18,2004-05-20,true,S/V Golden Heron,"solid|fg=theme=""9"" tint=""-0.499984740745262"" |bg=indexed=""64"""
2004,MAY 2004,5,2004,South Float West - 90',South Float West,90,"",66,W,22,22,1,single,2004-05-22,2004-05-22,true,S/V Golden Heron,"solid|fg=theme=""9"" tint=""-0.499984740745262"" |bg=indexed=""64"""
2004,MAY 2004,5,2004,South Float West - 90',South Float West,90,"",66,Z,25,25,1,single,2004-05-25,2004-05-25,true,S/V Golden Heron,"solid|fg=theme=""9"" tint=""-0.499984740745262"" |bg=indexed=""64"""
2004,JUNE 2004,6,2004,North Pier West - 410',North Pier West,410,"",73,P,15,16,2,fill_run,2004-06-15,2004-06-16,true,M/Y Northern Compass,"solid|fg=rgb=""FFFF0000"" |bg=indexed=""64"""
2004,JUNE 2004,6,2004,North Pier West - 410',North Pier West,410,"",73,W,22,22,1,single,2004-06-22,2004-06-22,true,M/Y GREEN LANTERN,"solid|fg=theme=""3"" tint=""-0.249977111117893"" |bg=indexed=""64"""
2004,JUNE 2004,6,2004,North Pier West - 410',North Pier West,410,"",73,Z,25,25,1,single,2004-06-25,2004-06-25,true,M/Y GREEN LANTERN,"solid|fg=theme=""3"" tint=""-0.249977111117893"" |bg=indexed=""64"""
2004,JUNE 2004,6,2004,North Pier East - 240',North Pier East,240,"",75,I,8,9,2,fill_run,2004-06-08,2004-06-09,true,R/V Quiet Kestrel,"solid|fg=rgb=""FF7030A0"" |bg=indexed=""64"""
2004,JUNE 2004,6,2004,North Pier East - 240',North Pier East,240,"",75,S,18,19,2,fill_run,2004-06-18,2004-06-19,true,R/V Quiet Kestrel,"solid|fg=rgb=""FF7030A0"" |bg=indexed=""64"""
2004,JUNE 2004,6,2004,South Float West - 90',South Float West,90,"",77,F,5,5,1,single,2004-06-05,2004-06-05,true,S/V Golden Heron,"solid|fg=theme=""9"" tint=""-0.499984740745262"" |bg=indexed=""64"""
2004,JUNE 2004,6,2004,South Float East - 90',South Float East,90,"",78,S,18,28,11,fill_run,2004-06-18,2004-06-28,true,OSV AMBER REEF,"solid|fg=rgb=""FFFFFF00"" |bg=indexed=""64"""
2004,JULY 2004,7,2004,North Pier West - 410',North Pier West,410,"",84,D,3,3,1,single,2004-07-03,2004-07-03,true,M/Y GREEN LANTERN,"solid|fg=theme=""3"" tint=""-0.249977111117893"" |bg=indexed=""64"""
2004,JULY 2004,7,2004,North Pier West - 410',North Pier West,410,"",84,F,5,5,1,single,2004-07-05,2004-07-05,true,M/Y GREEN LANTERN,"solid|fg=theme=""3"" tint=""-0.249977111117893"" |bg=indexed=""64"""
2004,JULY 2004,7,2004,North Pier West - 410',North Pier West,410,"",84,Q,16,16,1,single,2004-07-16,2004-07-16,true,F/V Amber Current,"solid|fg=theme=""0"" tint=""-0.3499862666707358"" |bg=indexed=""64"""
2004,JULY 2004,7,2004,North Pier West - 410',North Pier West,410,"",84,Z,25,28,4,fill_run,2004-07-25,2004-07-28,true,R/V DEEP OSPREY,"solid|fg=theme=""1"" |bg=indexed=""64"""
2004,JULY 2004,7,2004,North Pier East - 240',North Pier East,240,"",86,G,6,7,2,fill_run,2004-07-06,2004-07-07,true,F/V IRON SEXTANT,"solid|fg=rgb=""FF00B0F0"" |bg=indexed=""64"""
2004,JULY 2004,7,2004,North Pier East - 240',North Pier East,240,"",86,Z,25,29,5,fill_run,2004-07-25,2004-07-29,true,R/V CLEAR SEXTANT,"solid|fg=rgb=""FF92D050"" |bg=indexed=""64"""
2004,JULY 2004,7,2004,Inner Channel - 55',Inner Channel,55,"",87,T,19,20,2,fill_run,2004-07-19,2004-07-20,true,R/V Western Sextant,"solid|fg=theme=""9"" tint=""-0.499984740745262"" |bg=indexed=""64"""
2004,JULY 2004,7,2004,Inner Channel - 55',Inner Channel,55,"",87,V,21,23,3,fill_run,2004-07-21,2004-07-23,true,M/V DEEP REEF,"solid|fg=theme=""4"" tint=""-0.249977111117893"" |bg=indexed=""64"""
2004,JULY 2004,7,2004,South Float West - 90',South Float West,90,"",88,G,6,7,2,fill_run,2004-07-06,2004-07-07,true,M/V DEEP REEF,"solid|fg=theme=""3"" |bg=indexed=""64"""
2004,JULY 2004,7,2004,South Float West - 90',South Float West,90,"",88,O,14,16,3,fill_run,2004-07-14,2004-07-16,true,R/V Western Sextant,"solid|fg=theme=""9"" tint=""-0.499984740745262"" |bg=indexed=""64"""
2004,JULY 2004,7,2004,South Float West - 90',South Float West,90,"",88,W,22,23,2,fill_run,2004-07-22,2004-07-23,true,R/V Northern Lantern,"solid|fg=rgb=""FF7030A0"" |bg=indexed=""64"""
2004,JULY 2004,7,2004,South Float West - 90',South Float West,90,"",88,AC,28,29,2,fill_run,2004-07-28,2004-07-29,true,R/V Western Sextant,"solid|fg=theme=""9"" tint=""-0.499984740745262"" |bg=indexed=""64"""
2004,JULY 2004,7,2004,South Float East - 90',South Float East,90,"",89,C,2,5,4,fill_run,2004-07-02,2004-07-05,true,OSV AMBER REEF,"solid|fg=rgb=""FFFFFF00"" |bg=indexed=""64"""
2004,JULY 2004,7,2004,South Float East - 90',South Float East,90,"",89,M,12,14,3,fill_run,2004-07-12,2004-07-14,true,M/V DEEP REEF,"solid|fg=theme=""4"" tint=""-0.249977111117893"" |bg=indexed=""64"""
2004,JULY 2004,7,2004,South Float East - 90',South Float East,90,"",89,P,15,18,4,fill_run,2004-07-15,2004-07-18,true,OSV AMBER REEF,"solid|fg=rgb=""FFFFFF00"" |bg=indexed=""64"""
2004,JULY 2004,7,2004,South Float East - 90',South Float East,90,"",89,V,21,22,2,fill_run,2004-07-21,2004-07-22,true,Barge CORAL TIDE,"solid|fg=theme=""1"" tint=""0.3499862666707358"" |bg=indexed=""64"""
2004,JULY 2004,7,2004,South Float East - 90',South Float East,90,"",89,AA,26,27,2,fill_run,2004-07-26,2004-07-27,true,OSV AMBER REEF,"solid|fg=rgb=""FFFFFF00"" |bg=indexed=""64"""
2004,AUGUST 2004,8,2004,North Pier West - 410',North Pier West,410,"",95,B,1,6,6,fill_run,2004-08-01,2004-08-06,true,R/V DEEP OSPREY,"solid|fg=theme=""1"" |bg=indexed=""64"""
2004,AUGUST 2004,8,2004,North Pier West - 410',North Pier West,410,"",95,J,9,13,5,fill_run,2004-08-09,2004-08-13,true,M/V NORTHERN HARBOR,"solid|fg=theme=""5"" tint=""-0.249977111117893"" |bg=indexed=""64"""
2004,AUGUST 2004,8,2004,North Pier West - 410',North Pier West,410,"",95,Y,24,27,4,fill_run,2004-08-24,2004-08-27,true,Tug Green Fathom,"solid|fg=theme=""3"" tint=""-0.249977111117893"" |bg=indexed=""64"""
2004,AUGUST 2004,8,2004,North Pier West - 410',North Pier West,410,"",95,AD,29,31,3,fill_run,2004-08-29,2004-08-31,true,R/V CLEAR SEXTANT,"solid|fg=rgb=""FF92D050"" |bg=indexed=""64"""
2004,AUGUST 2004,8,2004,North Pier East - 240',North Pier East,240,"",97,B,1,15,15,fill_run,2004-08-01,2004-08-15,true,R/V CLEAR SEXTANT,"solid|fg=rgb=""FF92D050"" |bg=indexed=""64"""
2004,AUGUST 2004,8,2004,North Pier East - 240',North Pier East,240,"",97,AC,28,30,3,fill_run,2004-08-28,2004-08-30,true,OSV AMBER REEF,"solid|fg=rgb=""FFFFFF00"" |bg=indexed=""64"""
2004,AUGUST 2004,8,2004,South Float West - 90',South Float West,90,"",99,B,1,1,1,single,2004-08-01,2004-08-01,true,R/V Western Sextant,"solid|fg=theme=""9"" tint=""-0.499984740745262"" |bg=indexed=""64"""
2004,AUGUST 2004,8,2004,South Float East - 90',South Float East,90,"",100,B,1,2,2,fill_run,2004-08-01,2004-08-02,true,OSV AMBER REEF,"solid|fg=rgb=""FFFFFF00"" |bg=indexed=""64"""
2004,AUGUST 2004,8,2004,South Float East - 90',South Float East,90,"",100,K,10,13,4,fill_run,2004-08-10,2004-08-13,true,OSV AMBER REEF,"solid|fg=rgb=""FFFFFF00"" |bg=indexed=""64"""
2004,AUGUST 2004,8,2004,South Float East - 90',South Float East,90,"",100,V,21,24,4,fill_run,2004-08-21,2004-08-24,true,OSV AMBER REEF,"solid|fg=rgb=""FFFFFF00"" |bg=indexed=""64"""
2004,SEPTEMBER 2004,9,2004,North Pier West - 410',North Pier West,410,"",107,B,1,6,6,fill_run,2004-09-01,2004-09-06,true,R/V CLEAR SEXTANT,"solid|fg=rgb=""FF92D050"" |bg=indexed=""64"""
2004,SEPTEMBER 2004,9,2004,North Pier West - 410',North Pier West,410,"",107,K,10,30,21,fill_run,2004-09-10,2004-09-30,true,M/V NORTHERN HARBOR,"solid|fg=theme=""5"" tint=""-0.249977111117893"" |bg=indexed=""64"""
2004,SEPTEMBER 2004,9,2004,North Pier East - 240',North Pier East,240,"",109,G,6,9,4,fill_run,2004-09-06,2004-09-09,true,Tug Green Fathom,"solid|fg=theme=""3"" tint=""-0.249977111117893"" |bg=indexed=""64"""
2004,SEPTEMBER 2004,9,2004,North Pier East - 240',North Pier East,240,"",109,R,17,18,2,fill_run,2004-09-17,2004-09-18,true,F/V SWIFT MERIDIAN,"solid|fg=theme=""3"" tint=""-0.249977111117893"" |bg=indexed=""64"""
2004,SEPTEMBER 2004,9,2004,North Pier East - 240',North Pier East,240,"",109,W,22,23,2,fill_run,2004-09-22,2004-09-23,true,F/V SWIFT MERIDIAN,"solid|fg=theme=""3"" tint=""-0.249977111117893"" |bg=indexed=""64"""
2004,SEPTEMBER 2004,9,2004,North Pier East - 240',North Pier East,240,"",109,Z,25,30,6,fill_run,2004-09-25,2004-09-30,true,Tug WILD GANNET,"solid|fg=theme=""1"" tint=""0.3499862666707358"" |bg=indexed=""64"""
2004,SEPTEMBER 2004,9,2004,South Float West - 90',South Float West,90,"",111,L,11,12,2,fill_run,2004-09-11,2004-09-12,true,R/V Western Sextant,"solid|fg=theme=""9"" tint=""-0.499984740745262"" |bg=indexed=""64"""
2004,SEPTEMBER 2004,9,2004,South Float West - 90',South Float West,90,"",111,Q,16,16,1,single,2004-09-16,2004-09-16,true,R/V Western Sextant,"solid|fg=theme=""9"" tint=""-0.499984740745262"" |bg=indexed=""64"""
2004,SEPTEMBER 2004,9,2004,South Float West - 90',South Float West,90,"",111,V,21,21,1,single,2004-09-21,2004-09-21,true,R/V Western Sextant,"solid|fg=theme=""9"" tint=""-0.499984740745262"" |bg=indexed=""64"""
2004,SEPTEMBER 2004,9,2004,South Float West - 90',South Float West,90,"",111,Y,24,24,1,single,2004-09-24,2004-09-24,true,R/V Western Sextant,"solid|fg=theme=""9"" tint=""-0.499984740745262"" |bg=indexed=""64"""
2004,OCTOBER 2004,10,2004,North Pier West - 410',North Pier West,410,"",118,B,1,31,31,fill_run,2004-10-01,2004-10-31,true,M/V NORTHERN HARBOR,"solid|fg=theme=""5"" tint=""-0.249977111117893"" |bg=indexed=""64"""
2004,OCTOBER 2004,10,2004,North Pier East - 240',North Pier East,240,"",120,E,4,5,2,fill_run,2004-10-04,2004-10-05,true,Tug Wild Gannet,"solid|fg=theme=""1"" tint=""0.3499862666707358"" |bg=indexed=""64"""
2004,OCTOBER 2004,10,2004,North Pier East - 240',North Pier East,240,"",120,P,15,16,2,fill_run,2004-10-15,2004-10-16,true,Tug Wild Gannet,"solid|fg=theme=""1"" tint=""0.249977111117893"" |bg=indexed=""64"""
2004,OCTOBER 2004,10,2004,South Float West - 90',South Float West,90,"",122,D,3,3,1,single,2004-10-03,2004-10-03,true,R/V Western Sextant,"solid|fg=theme=""9"" tint=""-0.499984740745262"" |bg=indexed=""64"""
2004,OCTOBER 2004,10,2004,South Float West - 90',South Float West,90,"",122,G,6,6,1,single,2004-10-06,2004-10-06,true,R/V Western Sextant,"solid|fg=theme=""9"" tint=""-0.499984740745262"" |bg=indexed=""64"""
2004,OCTOBER 2004,10,2004,South Float West - 90',South Float West,90,"",122,L,11,11,1,single,2004-10-11,2004-10-11,true,R/V Western Sextant,"solid|fg=theme=""9"" tint=""-0.499984740745262"" |bg=indexed=""64"""
2004,NOVEMBER 2004,11,2004,North Pier West - 410',North Pier West,410,"",129,B,1,5,5,fill_run,2004-11-01,2004-11-05,true,M/V NORTHERN HARBOR,"solid|fg=theme=""5"" tint=""-0.249977111117893"" |bg=indexed=""64"""
2004,NOVEMBER 2004,11,2004,North Pier East - 240',North Pier East,240,"",131,B,1,1,1,single,2004-11-01,2004-11-01,true,M/V GREEN GANNET,"solid|fg=theme=""3"" tint=""0.3999755851924192"" |bg=indexed=""64"""
2004,DECEMBER 2004,12,2004,North Pier West - 410',North Pier West,410,"",140,K,10,11,2,fill_run,2004-12-10,2004-12-11,true,R/V GREEN STRAND,"solid|fg=theme=""9"" |bg=indexed=""64"""
2004,DECEMBER 2004,12,2004,North Pier West - 410',North Pier West,410,"",140,N,13,14,2,fill_run,2004-12-13,2004-12-14,true,F/V SWIFT MERIDIAN,"solid|fg=theme=""9"" |bg=indexed=""64"""
2005,JANUARY 2005,1,2005,North Pier West - 410',North Pier West,410,"",8,B,1,15,15,fill_run,2005-01-01,2005-01-15,true,R/V CLEAR SEXTANT,"solid|fg=rgb=""FF00B050"" |bg=indexed=""64"""
2005,JANUARY 2005,1,2005,North Pier West - 410',North Pier West,410,"",8,Y,24,31,8,fill_run,2005-01-24,2005-01-31,true,M/V NORTHERN HARBOR,"solid|fg=rgb=""FFFF0000"" |bg=indexed=""64"""
2005,JANUARY 2005,1,2005,North Pier East - 240',North Pier East,240,"",10,E,4,4,1,single,2005-01-04,2005-01-04,true,M/Y GREEN LANTERN,"solid|fg=rgb=""FF0070C0"" |bg=indexed=""64"""
2005,JANUARY 2005,1,2005,North Pier East - 240',North Pier East,240,"",10,G,6,6,1,single,2005-01-06,2005-01-06,true,M/Y GREEN LANTERN,"solid|fg=rgb=""FF0070C0"" |bg=indexed=""64"""
2005,JANUARY 2005,1,2005,Inner Channel - 55',Inner Channel,55,"",11,F,5,7,3,fill_run,2005-01-05,2005-01-07,true,M/V QUIET PETREL,"solid|fg=theme=""1"" tint=""0.3499862666707358"" |bg=indexed=""64"""
2005,FEBRUARY 2005,2,2005,North Pier West - 410',North Pier West,410,"",19,B,1,28,28,fill_run,2005-02-01,2005-02-28,true,M/V NORTHERN HARBOR,"solid|fg=rgb=""FFFF0000"" |bg=indexed=""64"""
2005,FEBRUARY 2005,2,2005,South Float West - 90',South Float West,90,"",23,Z,25,28,4,fill_run,2005-02-25,2005-02-28,true,M/V QUIET PETREL,"solid|fg=theme=""1"" tint=""0.249977111117893"" |bg=indexed=""64"""
2005,MARCH 2005,3,2005,North Pier West - 410',North Pier West,410,"",30,B,1,31,31,fill_run,2005-03-01,2005-03-31,true,M/V NORTHERN HARBOR,"solid|fg=rgb=""FFFF0000"" |bg=indexed=""64"""
2005,MARCH 2005,3,2005,South Float West - 90',South Float West,90,"",34,B,1,1,1,single,2005-03-01,2005-03-01,true,R/V GOLDEN VOYAGER,"solid|fg=theme=""1"" tint=""0.249977111117893"" |bg=indexed=""64"""
2005,MARCH 2005,3,2005,South Float West - 90',South Float West,90,"",34,O,14,14,1,single,2005-03-14,2005-03-14,true,M/Y GREEN LANTERN,"solid|fg=rgb=""FF0070C0"" |bg=indexed=""64"""
2005,APRIL 2005,4,2005,North Pier West - 410',North Pier West,410,"",41,B,1,30,30,fill_run,2005-04-01,2005-04-30,true,M/V NORTHERN HARBOR,"solid|fg=rgb=""FFFF0000"" |bg=indexed=""64"""
2005,APRIL 2005,4,2005,North Pier East - 240',North Pier East,240,"",43,AA,26,30,5,fill_run,2005-04-26,2005-04-30,true,OSV Western Reef,"solid|fg=theme=""3"" tint=""0.3999755851924192"" |bg=indexed=""64"""
2005,APRIL 2005,4,2005,South Float West - 90',South Float West,90,"",45,G,6,7,2,fill_run,2005-04-06,2005-04-07,true,S/V GOLDEN HERON,"solid|fg=rgb=""FFFFFF00"" |bg=indexed=""64"""
2005,APRIL 2005,4,2005,South Float West - 90',South Float West,90,"",45,L,11,13,3,fill_run,2005-04-11,2005-04-13,true,S/V GOLDEN HERON,"solid|fg=rgb=""FFFFFF00"" |bg=indexed=""64"""
2005,APRIL 2005,4,2005,South Float West - 90',South Float West,90,"",45,X,23,24,2,fill_run,2005-04-23,2005-04-24,true,S/V GOLDEN HERON,"solid|fg=rgb=""FFFFFF00"" |bg=indexed=""64"""
2005,MAY 2005,5,2005,North Pier East - 240',North Pier East,240,"",54,P,15,17,3,fill_run,2005-05-15,2005-05-17,true,Barge Silver Voyager,"solid|fg=theme=""3"" tint=""-0.249977111117893"" |bg=indexed=""64"""
2005,MAY 2005,5,2005,North Pier East - 240',North Pier East,240,"",54,AB,27,31,5,fill_run,2005-05-27,2005-05-31,true,Barge Silver Voyager,"solid|fg=theme=""3"" tint=""-0.249977111117893"" |bg=indexed=""64"""
2005,MAY 2005,5,2005,Inner Channel - 55',Inner Channel,55,"",55,U,20,23,4,fill_run,2005-05-20,2005-05-23,true,M/V Quiet Petrel,"solid|fg=theme=""1"" tint=""0.249977111117893"" |bg=indexed=""64"""
2005,MAY 2005,5,2005,South Float West - 90',South Float West,90,"",56,B,1,1,1,single,2005-05-01,2005-05-01,true,S/V GOLDEN HERON,"solid|fg=rgb=""FFFFFF00"" |bg=indexed=""64"""
2005,MAY 2005,5,2005,South Float West - 90',South Float West,90,"",56,D,3,3,1,single,2005-05-03,2005-05-03,true,S/V GOLDEN HERON,"solid|fg=rgb=""FFFFFF00"" |bg=indexed=""64"""
2005,MAY 2005,5,2005,South Float West - 90',South Float West,90,"",56,K,10,11,2,fill_run,2005-05-10,2005-05-11,true,S/V GOLDEN HERON,"solid|fg=rgb=""FFFFFF00"" |bg=indexed=""64"""
2005,MAY 2005,5,2005,South Float West - 90',South Float West,90,"",56,P,15,17,3,fill_run,2005-05-15,2005-05-17,true,S/V GOLDEN HERON,"solid|fg=rgb=""FFFFFF00"" |bg=indexed=""64"""
2005,MAY 2005,5,2005,South Float West - 90',South Float West,90,"",56,X,23,23,1,single,2005-05-23,2005-05-23,true,S/V GOLDEN HERON,"solid|fg=rgb=""FFFFFF00"" |bg=indexed=""64"""
2005,MAY 2005,5,2005,South Float West - 90',South Float West,90,"",56,AF,31,31,1,single,2005-05-31,2005-05-31,true,M/Y Golden Harbor,"solid|fg=theme=""7"" |bg=indexed=""64"""
2005,JUNE 2005,6,2005,North Pier West - 410',North Pier West,410,"",63,T,19,30,12,fill_run,2005-06-19,2005-06-30,true,R/V CLEAR SEXTANT,"solid|fg=rgb=""FF00B050"" |bg=indexed=""64"""
2005,JUNE 2005,6,2005,North Pier East - 240',North Pier East,240,"",65,N,13,13,1,single,2005-06-13,2005-06-13,true,Barge Silver Voyager,"solid|fg=theme=""3"" tint=""-0.249977111117893"" |bg=indexed=""64"""
2005,JUNE 2005,6,2005,North Pier East - 240',North Pier East,240,"",65,AA,26,27,2,fill_run,2005-06-26,2005-06-27,true,M/Y GREEN LANTERN,"solid|fg=rgb=""FF0070C0"" |bg=indexed=""64"""
2005,JUNE 2005,6,2005,North Pier East - 240',North Pier East,240,"",65,AD,29,30,2,fill_run,2005-06-29,2005-06-30,true,M/Y GREEN LANTERN,"solid|fg=rgb=""FF0070C0"" |bg=indexed=""64"""
2005,JUNE 2005,6,2005,Inner Channel - 55',Inner Channel,55,"",66,V,21,22,2,fill_run,2005-06-21,2005-06-22,true,M/V Quiet Petrel,"solid|fg=theme=""1"" tint=""0.249977111117893"" |bg=indexed=""64"""
2005,JUNE 2005,6,2005,South Float West - 90',South Float West,90,"",67,E,4,5,2,fill_run,2005-06-04,2005-06-05,true,S/V GOLDEN HERON,"solid|fg=rgb=""FFFFFF00"" |bg=indexed=""64"""
2005,JUNE 2005,6,2005,South Float West - 90',South Float West,90,"",67,T,19,22,4,fill_run,2005-06-19,2005-06-22,true,S/V HIGH HERON,"solid|fg=rgb=""FF7030A0"" |bg=indexed=""64"""
2005,JUNE 2005,6,2005,South Float West - 90',South Float West,90,"",67,AA,26,26,1,single,2005-06-26,2005-06-26,true,S/V GOLDEN HERON,"solid|fg=rgb=""FFFFFF00"" |bg=indexed=""64"""
2005,JUNE 2005,6,2005,South Float East - 90',South Float East,90,"",68,O,14,24,11,fill_run,2005-06-14,2005-06-24,true,OSV AMBER REEF,"solid|fg=rgb=""FF00B0F0"" |bg=indexed=""64"""
2005,JULY 2005,7,2005,North Pier West - 410',North Pier West,410,"",74,B,1,8,8,fill_run,2005-07-01,2005-07-08,true,R/V CLEAR SEXTANT,"solid|fg=rgb=""FF00B050"" |bg=indexed=""64"""
2005,JULY 2005,7,2005,North Pier West - 410',North Pier West,410,"",74,W,22,25,4,fill_run,2005-07-22,2005-07-25,true,R/V CLEAR SEXTANT,"solid|fg=rgb=""FF00B050"" |bg=indexed=""64"""
2005,JULY 2005,7,2005,North Pier West - 410',North Pier West,410,"",74,AC,28,31,4,fill_run,2005-07-28,2005-07-31,true,R/V CLEAR SEXTANT,"solid|fg=rgb=""FF00B050"" |bg=indexed=""64"""
2005,JULY 2005,7,2005,North Pier East - 240',North Pier East,240,"",76,B,1,1,1,single,2005-07-01,2005-07-01,true,F/V LONG BEACON,"solid|fg=rgb=""FFC00000"" |bg=indexed=""64"""
2005,JULY 2005,7,2005,North Pier East - 240',North Pier East,240,"",76,AE,30,31,2,fill_run,2005-07-30,2005-07-31,true,M/V SALT MERIDIAN,"solid|fg=rgb=""FFFFC000"" |bg=indexed=""64"""
2005,JULY 2005,7,2005,South Float West - 90',South Float West,90,"",78,D,3,3,1,single,2005-07-03,2005-07-03,true,S/V GOLDEN HERON,"solid|fg=rgb=""FFFFFF00"" |bg=indexed=""64"""
2005,JULY 2005,7,2005,South Float West - 90',South Float West,90,"",78,Y,24,24,1,single,2005-07-24,2005-07-24,true,S/V GOLDEN HERON,"solid|fg=rgb=""FFFFFF00"" |bg=indexed=""64"""
2005,JULY 2005,7,2005,South Float West - 90',South Float West,90,"",78,AF,31,31,1,single,2005-07-31,2005-07-31,true,S/V GOLDEN HERON,"solid|fg=rgb=""FFFFFF00"" |bg=indexed=""64"""
2005,JULY 2005,7,2005,South Float East - 90',South Float East,90,"",79,C,2,4,3,fill_run,2005-07-02,2005-07-04,true,OSV AMBER REEF,"solid|fg=rgb=""FF00B0F0"" |bg=indexed=""64"""
2005,JULY 2005,7,2005,South Float East - 90',South Float East,90,"",79,N,13,17,5,fill_run,2005-07-13,2005-07-17,true,OSV AMBER REEF,"solid|fg=rgb=""FF00B0F0"" |bg=indexed=""64"""
2005,JULY 2005,7,2005,South Float East - 90',South Float East,90,"",79,Z,25,28,4,fill_run,2005-07-25,2005-07-28,true,OSV AMBER REEF,"solid|fg=rgb=""FF00B0F0"" |bg=indexed=""64"""
2005,AUGUST 2005,8,2005,North Pier West - 410',North Pier West,410,"",85,B,1,31,31,fill_run,2005-08-01,2005-08-31,true,R/V CLEAR SEXTANT,"solid|fg=rgb=""FF00B050"" |bg=indexed=""64"""
2005,AUGUST 2005,8,2005,North Pier Face - 75',North Pier Face,75,"",86,L,11,14,4,fill_run,2005-08-11,2005-08-14,true,M/V Deep Drift,"solid|fg=theme=""1"" tint=""0.3499862666707358"" |bg=indexed=""64"""
2005,AUGUST 2005,8,2005,North Pier East - 240',North Pier East,240,"",87,K,10,12,3,fill_run,2005-08-10,2005-08-12,true,M/V Deep Drift,"solid|fg=theme=""1"" tint=""0.3499862666707358"" |bg=indexed=""64"""
2005,AUGUST 2005,8,2005,North Pier East - 240',North Pier East,240,"",87,R,17,17,1,single,2005-08-17,2005-08-17,true,M/Y GREEN LANTERN,"solid|fg=rgb=""FF0070C0"" |bg=indexed=""64"""
2005,AUGUST 2005,8,2005,North Pier East - 240',North Pier East,240,"",87,U,20,23,4,fill_run,2005-08-20,2005-08-23,true,M/V SALT MERIDIAN,"solid|fg=rgb=""FFFFC000"" |bg=indexed=""64"""
2005,AUGUST 2005,8,2005,South Float West - 90',South Float West,90,"",89,O,14,16,3,fill_run,2005-08-14,2005-08-16,true,M/V Deep Drift,"solid|fg=theme=""1"" tint=""0.3499862666707358"" |bg=indexed=""64"""
2005,AUGUST 2005,8,2005,South Float East - 90',South Float East,90,"",90,F,5,6,2,fill_run,2005-08-05,2005-08-06,true,S/V Far Tern,"solid|fg=theme=""9"" tint=""-0.249977111117893"" |bg=indexed=""64"""
2005,AUGUST 2005,8,2005,South Float East - 90',South Float East,90,"",90,H,7,7,1,single,2005-08-07,2005-08-07,true,F/V Iron Sextant,"solid|fg=theme=""7"" tint=""-0.249977111117893"" |bg=indexed=""64"""
2005,AUGUST 2005,8,2005,South Float East - 90',South Float East,90,"",90,I,8,11,4,fill_run,2005-08-08,2005-08-11,true,OSV AMBER REEF,"solid|fg=rgb=""FF00B0F0"" |bg=indexed=""64"""
2005,AUGUST 2005,8,2005,South Float East - 90',South Float East,90,"",90,Q,16,16,1,single,2005-08-16,2005-08-16,true,S/V FAR GANNET,"solid|fg=rgb=""FF7030A0"" |bg=indexed=""64"""
2005,AUGUST 2005,8,2005,South Float East - 90',South Float East,90,"",90,T,19,28,10,fill_run,2005-08-19,2005-08-28,true,OSV AMBER REEF,"solid|fg=rgb=""FF00B0F0"" |bg=indexed=""64"""
2005,SEPTEMBER 2005,9,2005,North Pier West - 410',North Pier West,410,"",97,B,1,4,4,fill_run,2005-09-01,2005-09-04,true,R/V CLEAR SEXTANT,"solid|fg=rgb=""FF00B050"" |bg=indexed=""64"""
2005,SEPTEMBER 2005,9,2005,North Pier West - 410',North Pier West,410,"",97,X,23,30,8,fill_run,2005-09-23,2005-09-30,true,M/V CORAL LANTERN,"solid|fg=theme=""3"" tint=""-0.249977111117893"" |bg=indexed=""64"""
2005,SEPTEMBER 2005,9,2005,North Pier Face - 75',North Pier Face,75,"",98,I,8,11,4,fill_run,2005-09-08,2005-09-11,true,M/V WILD FATHOM,"solid|fg=theme=""3"" tint=""0.5999938962981048"" |bg=indexed=""64"""
2005,SEPTEMBER 2005,9,2005,Inner Channel - 55',Inner Channel,55,"",100,U,20,22,3,fill_run,2005-09-20,2005-09-22,true,M/V Quiet Petrel,"solid|fg=theme=""1"" tint=""0.3499862666707358"" |bg=indexed=""64"""
2005,SEPTEMBER 2005,9,2005,South Float East - 90',South Float East,90,"",102,B,1,2,2,fill_run,2005-09-01,2005-09-02,true,M/V DEEP REEF,"solid|fg=theme=""3"" tint=""-0.499984740745262"" |bg=indexed=""64"""
2005,SEPTEMBER 2005,9,2005,South Float East - 90',South Float East,90,"",102,R,17,17,1,single,2005-09-17,2005-09-17,true,R/V CLEAR FATHOM,"solid|fg=theme=""0"" tint=""-0.249977111117893"" |bg=indexed=""64"""
2005,OCTOBER 2005,10,2005,North Pier West - 410',North Pier West,410,"",108,B,1,31,31,fill_run,2005-10-01,2005-10-31,true,M/V CORAL LANTERN,"solid|fg=theme=""3"" tint=""-0.249977111117893"" |bg=indexed=""64"""
2005,OCTOBER 2005,10,2005,North Pier Face - 75',North Pier Face,75,"",109,M,12,14,3,fill_run,2005-10-12,2005-10-14,true,OSV WILD STAR,"solid|fg=theme=""3"" tint=""0.3999755851924192"" |bg=indexed=""64"""
2005,OCTOBER 2005,10,2005,North Pier East - 240',North Pier East,240,"",110,AD,29,30,2,fill_run,2005-10-29,2005-10-30,true,M/Y GREEN LANTERN,"solid|fg=rgb=""FF0070C0"" |bg=indexed=""64"""
2005,OCTOBER 2005,10,2005,South Float East - 90',South Float East,90,"",113,F,5,11,7,fill_run,2005-10-05,2005-10-11,true,OSV AMBER REEF,"solid|fg=rgb=""FF00B0F0"" |bg=indexed=""64"""
2005,NOVEMBER 2005,11,2005,North Pier West - 410',North Pier West,410,"",119,B,1,6,6,fill_run,2005-11-01,2005-11-06,true,M/V CORAL LANTERN,"solid|fg=theme=""3"" tint=""-0.249977111117893"" |bg=indexed=""64"""
2005,NOVEMBER 2005,11,2005,North Pier West - 410',North Pier West,410,"",119,O,14,20,7,fill_run,2005-11-14,2005-11-20,true,R/V CLEAR SEXTANT,"solid|fg=rgb=""FF00B050"" |bg=indexed=""64"""
2005,NOVEMBER 2005,11,2005,North Pier West - 410',North Pier West,410,"",119,AA,26,30,5,fill_run,2005-11-26,2005-11-30,true,R/V CLEAR SEXTANT,"solid|fg=rgb=""FF00B050"" |bg=indexed=""64"""
2005,NOVEMBER 2005,11,2005,North Pier East - 240',North Pier East,240,"",121,B,1,1,1,single,2005-11-01,2005-11-01,true,M/Y GREEN LANTERN,"solid|fg=rgb=""FF0070C0"" |bg=indexed=""64"""
2005,DECEMBER 2005,12,2005,North Pier West - 410',North Pier West,410,"",130,F,5,31,27,fill_run,2005-12-05,2005-12-31,true,R/V CLEAR SEXTANT,"solid|fg=rgb=""FF00B050"" |bg=indexed=""64"""
2006,JANUARY 2006,1,2006,North Pier West - 410',North Pier West,410,"",8,B,1,1,1,single,2006-01-01,2006-01-01,true,R/V CLEAR SEXTANT,"solid|fg=rgb=""FF00B050"" |bg=indexed=""64"""
2006,JANUARY 2006,1,2006,North Pier West - 410',North Pier West,410,"",8,U,20,31,12,fill_run,2006-01-20,2006-01-31,true,R/V CLEAR SEXTANT,"solid|fg=rgb=""FF00B050"" |bg=indexed=""64"""
2006,JANUARY 2006,1,2006,North Pier East - 240',North Pier East,240,"",10,I,8,11,4,repeat,2006-01-08,2006-01-11,true,M/Y GREEN LANTERN,""
2006,JANUARY 2006,1,2006,Inner Channel - 55',Inner Channel,55,"",11,I,8,8,1,single,2006-01-08,2006-01-08,true,M/V QUIET PETREL,""
2006,FEBRUARY 2006,2,2006,North Pier West - 410',North Pier West,410,"",19,B,1,3,3,fill_run,2006-02-01,2006-02-03,true,R/V CLEAR SEXTANT,"solid|fg=rgb=""FF00B050"" |bg=indexed=""64"""
2006,FEBRUARY 2006,2,2006,North Pier East - 240',North Pier East,240,"",21,D,3,3,1,single,2006-02-03,2006-02-03,true,M/Y GREEN LANTERN,"solid|fg=theme=""4"" tint=""-0.249977111117893"" |bg=indexed=""64"""
2006,FEBRUARY 2006,2,2006,Inner Channel - 55',Inner Channel,55,"",22,E,4,6,3,fill_run,2006-02-04,2006-02-06,true,M/V Iron Heron,"solid|fg=theme=""0"" tint=""-0.249977111117893"" |bg=indexed=""64"""
2006,MARCH 2006,3,2006,North Pier West - 410',North Pier West,410,"",30,D,3,3,1,single,2006-03-03,2006-03-03,true,M/V NORTHERN HARBOR,""
2006,MARCH 2006,3,2006,Inner Channel - 55',Inner Channel,55,"",33,N,13,16,4,fill_run,2006-03-13,2006-03-16,true,M/V Iron Heron,"solid|fg=theme=""0"" tint=""-0.249977111117893"" |bg=indexed=""64"""
2006,MARCH 2006,3,2006,South Float West - 90',South Float West,90,"",34,B,1,1,1,single,2006-03-01,2006-03-01,true,R/V GOLDEN VOYAGER,""
2006,MARCH 2006,3,2006,South Float West - 90',South Float West,90,"",34,O,14,14,1,single,2006-03-14,2006-03-14,true,M/Y GREEN LANTERN,""
2006,APRIL 2006,4,2006,North Pier West - 410',North Pier West,410,"",41,B,1,11,11,fill_run,2006-04-01,2006-04-11,true,R/V CLEAR SEXTANT,"solid|fg=rgb=""FF00B050"" |bg=indexed=""64"""
2006,APRIL 2006,4,2006,North Pier West - 410',North Pier West,410,"",41,T,19,30,12,fill_run,2006-04-19,2006-04-30,true,R/V CLEAR SEXTANT,"solid|fg=rgb=""FF00B050"" |bg=indexed=""64"""
2006,APRIL 2006,4,2006,Inner Channel - 55',Inner Channel,55,"",44,AC,28,30,3,fill_run,2006-04-28,2006-04-30,true,M/Y GREEN LANTERN,"solid|fg=theme=""4"" tint=""-0.249977111117893"" |bg=indexed=""64"""
2006,MAY 2006,5,2006,North Pier West - 410',North Pier West,410,"",52,B,1,1,1,single,2006-05-01,2006-05-01,true,R/V CLEAR SEXTANT,"solid|fg=rgb=""FF00B050"" |bg=indexed=""64"""
2006,MAY 2006,5,2006,North Pier West - 410',North Pier West,410,"",52,M,12,19,8,fill_run,2006-05-12,2006-05-19,true,R/V CLEAR SEXTANT,"solid|fg=rgb=""FF00B050"" |bg=indexed=""64"""
2006,MAY 2006,5,2006,North Pier East - 240',North Pier East,240,"",54,B,1,5,5,fill_run,2006-05-01,2006-05-05,true,OSV Western Reef,"solid|fg=theme=""3"" tint=""0.3999755851924192"" |bg=indexed=""64"""
2006,MAY 2006,5,2006,North Pier East - 240',North Pier East,240,"",54,W,22,24,3,fill_run,2006-05-22,2006-05-24,true,OSV Western Reef,"solid|fg=theme=""3"" tint=""0.3999755851924192"" |bg=indexed=""64"""
2006,MAY 2006,5,2006,South Float East - 90',South Float East,90,"",57,Z,25,31,7,fill_run,2006-05-25,2006-05-31,true,OSV AMBER REEF,"solid|fg=rgb=""FFFFFF00"" |bg=indexed=""64"""
2006,JUNE 2006,6,2006,North Pier West - 410',North Pier West,410,"",63,G,6,7,2,fill_run,2006-06-06,2006-06-07,true,R/V CLEAR SEXTANT,"solid|fg=rgb=""FF00B050"" |bg=indexed=""64"""
2006,JUNE 2006,6,2006,North Pier West - 410',North Pier West,410,"",63,R,17,19,3,fill_run,2006-06-17,2006-06-19,true,R/V CLEAR SEXTANT,"solid|fg=rgb=""FF00B050"" |bg=indexed=""64"""
2006,JUNE 2006,6,2006,North Pier East - 240',North Pier East,240,"",65,M,12,18,7,fill_run,2006-06-12,2006-06-18,true,M/V Deep Ledge,"solid|fg=theme=""3"" tint=""0.3999755851924192"" |bg=indexed=""64"""
2006,JUNE 2006,6,2006,South Float East - 90',South Float East,90,"",68,B,1,2,2,fill_run,2006-06-01,2006-06-02,true,OSV AMBER REEF,"solid|fg=rgb=""FFFFFF00"" |bg=indexed=""64"""
2006,JULY 2006,7,2006,North Pier West - 410',North Pier West,410,"",74,AF,31,31,1,single,2006-07-31,2006-07-31,true,R/V Blue Ledge,"solid|fg=theme=""3"" tint=""-0.249977111117893"" |bg=indexed=""64"""
2006,JULY 2006,7,2006,North Pier Face - 75',North Pier Face,75,"",75,L,11,12,2,fill_run,2006-07-11,2006-07-12,true,M/Y GREEN LANTERN,"solid|fg=theme=""3"" tint=""-0.249977111117893"" |bg=indexed=""64"""
2006,AUGUST 2006,8,2006,North Pier West - 410',North Pier West,410,"",85,B,1,8,8,fill_run,2006-08-01,2006-08-08,true,R/V Blue Ledge,"solid|fg=theme=""3"" tint=""-0.249977111117893"" |bg=indexed=""64"""
2006,AUGUST 2006,8,2006,North Pier West - 410',North Pier West,410,"",85,S,18,25,8,fill_run,2006-08-18,2006-08-25,true,R/V Blue Ledge,"solid|fg=theme=""3"" tint=""-0.249977111117893"" |bg=indexed=""64"""
2006,AUGUST 2006,8,2006,South Float East - 90',South Float East,90,"",90,D,3,4,2,fill_run,2006-08-03,2006-08-04,true,R/V IRON DORY,"solid|fg=rgb=""FFFF0000"" |bg=indexed=""64"""
2006,AUGUST 2006,8,2006,South Float East - 90',South Float East,90,"",90,V,21,22,2,fill_run,2006-08-21,2006-08-22,true,R/V Quiet Dory,"solid|fg=theme=""4"" tint=""0.3999755851924192"" |bg=indexed=""64"""
2006,SEPTEMBER 2006,9,2006,North Pier West - 410',North Pier West,410,"",97,B,1,5,5,fill_run,2006-09-01,2006-09-05,true,R/V Blue Ledge,"solid|fg=theme=""3"" tint=""-0.499984740745262"" |bg=indexed=""64"""
2006,SEPTEMBER 2006,9,2006,North Pier West - 410',North Pier West,410,"",97,AC,28,30,3,fill_run,2006-09-28,2006-09-30,true,R/V CLEAR SEXTANT,"solid|fg=rgb=""FF00B050"" |bg=indexed=""64"""
2006,SEPTEMBER 2006,9,2006,North Pier East - 240',North Pier East,240,"",99,W,22,23,2,fill_run,2006-09-22,2006-09-23,true,M/Y GREEN LANTERN,"solid|fg=theme=""3"" tint=""-0.499984740745262"" |bg=indexed=""64"""
2006,SEPTEMBER 2006,9,2006,North Pier East - 240',North Pier East,240,"",99,AD,29,30,2,fill_run,2006-09-29,2006-09-30,true,M/Y GREEN LANTERN,"solid|fg=theme=""3"" tint=""-0.499984740745262"" |bg=indexed=""64"""
2006,SEPTEMBER 2006,9,2006,Inner Channel - 55',Inner Channel,55,"",100,P,15,15,1,single,2006-09-15,2006-09-15,true,M/V Iron Heron,"solid|fg=theme=""0"" tint=""-0.249977111117893"" |bg=indexed=""64"""
2006,SEPTEMBER 2006,9,2006,South Float West - 90',South Float West,90,"",101,I,8,9,2,fill_run,2006-09-08,2006-09-09,true,F/V Green Dory,"solid|fg=theme=""0"" tint=""-0.1499984740745262"" |bg=indexed=""64"""
2006,SEPTEMBER 2006,9,2006,South Float East - 90',South Float East,90,"",102,H,7,8,2,fill_run,2006-09-07,2006-09-08,true,R/V Green Voyager,"solid|fg=theme=""0"" tint=""-0.1499984740745262"" |bg=indexed=""64"""
2006,SEPTEMBER 2006,9,2006,South Float East - 90',South Float East,90,"",102,V,21,21,1,single,2006-09-21,2006-09-21,true,Tug FAR STRAND,"solid|fg=theme=""5"" tint=""-0.249977111117893"" |bg=indexed=""64"""
2006,OCTOBER 2006,10,2006,North Pier West - 410',North Pier West,410,"",108,C,2,4,3,fill_run,2006-10-02,2006-10-04,true,R/V CLEAR SEXTANT,"solid|fg=rgb=""FF00B050"" |bg=indexed=""64"""
2006,OCTOBER 2006,10,2006,North Pier West - 410',North Pier West,410,"",108,Q,16,27,12,fill_run,2006-10-16,2006-10-27,true,R/V CLEAR SEXTANT,"solid|fg=rgb=""FF00B050"" |bg=indexed=""64"""
2006,OCTOBER 2006,10,2006,North Pier East - 240',North Pier East,240,"",110,H,7,7,1,single,2006-10-07,2006-10-07,true,M/Y GREEN LANTERN,"solid|fg=theme=""3"" tint=""-0.499984740745262"" |bg=indexed=""64"""
2006,OCTOBER 2006,10,2006,North Pier East - 240',North Pier East,240,"",110,N,13,13,1,single,2006-10-13,2006-10-13,true,Barge SILVER VOYAGER,"solid|fg=rgb=""FF002060"" |bg=indexed=""64"""
2006,OCTOBER 2006,10,2006,North Pier East - 240',North Pier East,240,"",110,Q,16,16,1,single,2006-10-16,2006-10-16,true,M/Y GREEN LANTERN,"solid|fg=theme=""3"" tint=""-0.499984740745262"" |bg=indexed=""64"""
2006,OCTOBER 2006,10,2006,North Pier East - 240',North Pier East,240,"",110,T,19,24,6,fill_run,2006-10-19,2006-10-24,true,M/Y GREEN LANTERN,"solid|fg=theme=""3"" tint=""-0.499984740745262"" |bg=indexed=""64"""
2006,OCTOBER 2006,10,2006,North Pier East - 240',North Pier East,240,"",110,AA,26,26,1,single,2006-10-26,2006-10-26,true,Tug WILD GANNET,"solid|fg=rgb=""FF002060"" |bg=indexed=""64"""
2006,OCTOBER 2006,10,2006,Inner Channel - 55',Inner Channel,55,"",111,U,20,31,12,fill_run,2006-10-20,2006-10-31,true,M/V Iron Heron,"solid|fg=theme=""0"" tint=""-0.249977111117893"" |bg=indexed=""64"""
2006,OCTOBER 2006,10,2006,South Float East - 90',South Float East,90,"",113,I,8,11,4,fill_run,2006-10-08,2006-10-11,true,M/V DEEP REEF,"solid|fg=rgb=""FF0070C0"" |bg=indexed=""64"""
2006,OCTOBER 2006,10,2006,South Float East - 90',South Float East,90,"",113,AC,28,28,1,single,2006-10-28,2006-10-28,true,S/V Golden Heron,"solid|fg=rgb=""FFFFC000"" |bg=indexed=""64"""
2006,OCTOBER 2006,10,2006,South Float East - 90',South Float East,90,"",113,AE,30,31,2,fill_run,2006-10-30,2006-10-31,true,M/V Iron Horizon,"solid|fg=rgb=""FFFFC000"" |bg=indexed=""64"""
2006,NOVEMBER 2006,11,2006,North Pier West - 410',North Pier West,410,"",119,B,1,1,1,single,2006-11-01,2006-11-01,true,Tug Wild Gannet,"solid|fg=theme=""3"" |bg=indexed=""64"""
2006,NOVEMBER 2006,11,2006,North Pier West - 410',North Pier West,410,"",119,D,3,4,2,fill_run,2006-11-03,2006-11-04,true,Tug Wild Gannet,"solid|fg=theme=""3"" |bg=indexed=""64"""
2006,NOVEMBER 2006,11,2006,North Pier West - 410',North Pier West,410,"",119,M,12,14,3,fill_run,2006-11-12,2006-11-14,true,OSV WILD STAR,"solid|fg=theme=""3"" tint=""0.3999755851924192"" |bg=indexed=""64"""
2006,NOVEMBER 2006,11,2006,North Pier West - 410',North Pier West,410,"",119,R,17,18,2,fill_run,2006-11-17,2006-11-18,true,OSV WILD STAR,"solid|fg=theme=""3"" tint=""0.3999755851924192"" |bg=indexed=""64"""
2006,NOVEMBER 2006,11,2006,North Pier Face - 75',North Pier Face,75,"",120,N,13,17,5,fill_run,2006-11-13,2006-11-17,true,M/Y GREEN LANTERN,"solid|fg=theme=""3"" tint=""-0.499984740745262"" |bg=indexed=""64"""
2006,NOVEMBER 2006,11,2006,North Pier East - 240',North Pier East,240,"",121,D,3,26,24,fill_run,2006-11-03,2006-11-26,true,R/V BRIGHT HARBOR,"solid|fg=theme=""1"" tint=""0.499984740745262"" |bg=indexed=""64"""
2006,DECEMBER 2006,12,2006,North Pier West - 410',North Pier West,410,"",130,B,1,9,9,fill_run,2006-12-01,2006-12-09,true,R/V CLEAR SEXTANT,"solid|fg=rgb=""FF00B050"" |bg=indexed=""64"""
2006,DECEMBER 2006,12,2006,North Pier West - 410',North Pier West,410,"",130,N,13,13,1,single,2006-12-13,2006-12-13,true,M/Y GREEN LANTERN,"solid|fg=rgb=""FF002060"" |bg=indexed=""64"""
2006,DECEMBER 2006,12,2006,North Pier West - 410',North Pier West,410,"",130,O,14,29,16,fill_run,2006-12-14,2006-12-29,true,R/V CLEAR SEXTANT,"solid|fg=rgb=""FF00B050"" |bg=indexed=""64"""
2006,DECEMBER 2006,12,2006,North Pier East - 240',North Pier East,240,"",132,B,1,31,31,fill_run,2006-12-01,2006-12-31,true,R/V BRIGHT HARBOR,"solid|fg=theme=""1"" tint=""0.499984740745262"" |bg=indexed=""64"""
2007,JANUARY 2007,1,2007,North Pier West - 410',North Pier West,410,"",8,B,1,31,31,fill_run,2007-01-01,2007-01-31,true,R/V CLEAR SEXTANT,"solid|fg=rgb=""FF00B050"" |bg=indexed=""64"""
2007,JANUARY 2007,1,2007,North Pier Face - 75',North Pier Face,75,"",9,R,17,18,2,fill_run,2007-01-17,2007-01-18,true,M/Y GREEN LANTERN,"solid|fg=theme=""3"" tint=""0.5999938962981048"" |bg=indexed=""64"""
2007,JANUARY 2007,1,2007,North Pier East - 240',North Pier East,240,"",10,B,1,31,31,fill_run,2007-01-01,2007-01-31,true,M/V CORAL LANTERN,"solid|fg=rgb=""FF0070C0"" |bg=indexed=""64"""
2007,FEBRUARY 2007,2,2007,North Pier West - 410',North Pier West,410,"",19,B,1,28,28,fill_run,2007-02-01,2007-02-28,true,R/V CLEAR SEXTANT,"solid|fg=rgb=""FF00B050"" |bg=indexed=""64"""
2007,FEBRUARY 2007,2,2007,North Pier East - 240',North Pier East,240,"",21,D,3,22,20,fill_run,2007-02-03,2007-02-22,true,M/V CORAL LANTERN,"solid|fg=rgb=""FF0070C0"" |bg=indexed=""64"""
2007,MARCH 2007,3,2007,North Pier West - 410',North Pier West,410,"",30,B,1,31,31,fill_run,2007-03-01,2007-03-31,true,R/V CLEAR SEXTANT,"solid|fg=rgb=""FF00B050"" |bg=indexed=""64"""
2007,MARCH 2007,3,2007,North Pier East - 240',North Pier East,240,"",32,Y,24,24,1,single,2007-03-24,2007-03-24,true,Barge Silver Voyager,"solid|fg=theme=""3"" tint=""0.3999755851924192"" |bg=indexed=""64"""
2007,APRIL 2007,4,2007,North Pier West - 410',North Pier West,410,"",41,B,1,30,30,fill_run,2007-04-01,2007-04-30,true,R/V CLEAR SEXTANT,"solid|fg=rgb=""FF00B050"" |bg=indexed=""64"""
2007,APRIL 2007,4,2007,North Pier East - 240',North Pier East,240,"",43,T,19,28,10,fill_run,2007-04-19,2007-04-28,true,M/V NORTHERN HARBOR,"solid|fg=rgb=""FFC00000"" |bg=indexed=""64"""
2007,MAY 2007,5,2007,North Pier West - 410',North Pier West,410,"",52,B,1,31,31,fill_run,2007-05-01,2007-05-31,true,R/V CLEAR SEXTANT,"solid|fg=rgb=""FF00B050"" |bg=indexed=""64"""
2007,MAY 2007,5,2007,North Pier East - 240',North Pier East,240,"",54,B,1,1,1,single,2007-05-01,2007-05-01,true,R/V Blue Ketch,"solid|fg=theme=""1"" |bg=indexed=""64"""
2007,MAY 2007,5,2007,North Pier East - 240',North Pier East,240,"",54,C,2,2,1,single,2007-05-02,2007-05-02,true,M/V NORTHERN HARBOR,"solid|fg=rgb=""FFC00000"" |bg=indexed=""64"""
2007,MAY 2007,5,2007,North Pier East - 240',North Pier East,240,"",54,E,4,6,3,fill_run,2007-05-04,2007-05-06,true,M/V NORTHERN HARBOR,"solid|fg=rgb=""FFC00000"" |bg=indexed=""64"""
2007,MAY 2007,5,2007,North Pier East - 240',North Pier East,240,"",54,I,8,13,6,fill_run,2007-05-08,2007-05-13,true,R/V Blue Ketch,"solid|fg=theme=""1"" |bg=indexed=""64"""
2007,MAY 2007,5,2007,North Pier East - 240',North Pier East,240,"",54,O,14,31,18,fill_run,2007-05-14,2007-05-31,true,M/V NORTHERN HARBOR,"solid|fg=rgb=""FFC00000"" |bg=indexed=""64"""
2007,MAY 2007,5,2007,South Float East - 90',South Float East,90,"",57,D,3,3,1,single,2007-05-03,2007-05-03,true,M/Y GREEN LANTERN,"solid|fg=theme=""0"" tint=""-0.1499984740745262"" |bg=indexed=""64"""
2007,MAY 2007,5,2007,South Float East - 90',South Float East,90,"",57,X,23,28,6,fill_run,2007-05-23,2007-05-28,true,OSV AMBER REEF,"solid|fg=rgb=""FF002060"" |bg=indexed=""64"""
2007,JUNE 2007,6,2007,North Pier West - 410',North Pier West,410,"",63,B,1,30,30,fill_run,2007-06-01,2007-06-30,true,R/V CLEAR SEXTANT,"solid|fg=rgb=""FF00B050"" |bg=indexed=""64"""
2007,JUNE 2007,6,2007,North Pier East - 240',North Pier East,240,"",65,E,4,9,6,fill_run,2007-06-04,2007-06-09,true,M/V NORTHERN HARBOR,"solid|fg=rgb=""FFC00000"" |bg=indexed=""64"""
2007,JUNE 2007,6,2007,North Pier East - 240',North Pier East,240,"",65,P,15,16,2,fill_run,2007-06-15,2007-06-16,true,M/Y GREEN LANTERN,"solid|fg=theme=""0"" tint=""-0.1499984740745262"" |bg=indexed=""64"""
2007,JUNE 2007,6,2007,North Pier East - 240',North Pier East,240,"",65,Y,24,25,2,fill_run,2007-06-24,2007-06-25,true,M/Y GREEN LANTERN,"solid|fg=theme=""3"" tint=""0.3999755851924192"" |bg=indexed=""64"""
2007,JUNE 2007,6,2007,North Pier East - 240',North Pier East,240,"",65,AA,26,28,3,fill_run,2007-06-26,2007-06-28,true,Barge Blue Sextant,"solid|fg=theme=""7"" tint=""0.3999755851924192"" |bg=indexed=""64"""
2007,JUNE 2007,6,2007,South Float West - 90',South Float West,90,"",67,C,2,2,1,single,2007-06-02,2007-06-02,true,M/V FAR KESTREL,"solid|fg=theme=""1"" |bg=indexed=""64"""
2007,JUNE 2007,6,2007,South Float East - 90',South Float East,90,"",68,C,2,5,4,fill_run,2007-06-02,2007-06-05,true,OSV AMBER REEF,"solid|fg=rgb=""FF002060"" |bg=indexed=""64"""
2007,JULY 2007,7,2007,North Pier West - 410',North Pier West,410,"",74,B,1,31,31,fill_run,2007-07-01,2007-07-31,true,R/V CLEAR SEXTANT,"solid|fg=rgb=""FF00B050"" |bg=indexed=""64"""
2007,JULY 2007,7,2007,North Pier East - 240',North Pier East,240,"",76,T,19,19,1,single,2007-07-19,2007-07-19,true,Barge Silver Voyager,"solid|fg=theme=""3"" tint=""0.3999755851924192"" |bg=indexed=""64"""
2007,JULY 2007,7,2007,North Pier East - 240',North Pier East,240,"",76,AB,27,30,4,fill_run,2007-07-27,2007-07-30,true,M/V NORTHERN HARBOR,"solid|fg=rgb=""FFC00000"" |bg=indexed=""64"""
2007,JULY 2007,7,2007,South Float East - 90',South Float East,90,"",79,P,15,16,2,fill_run,2007-07-15,2007-07-16,true,OSV SILVER TIDE,"solid|fg=rgb=""FF006600"" |bg=indexed=""64"""
2007,JULY 2007,7,2007,South Float East - 90',South Float East,90,"",79,X,23,26,4,fill_run,2007-07-23,2007-07-26,true,R/V FAR STAR,"solid|fg=rgb=""FFFFC000"" |bg=indexed=""64"""
2007,JULY 2007,7,2007,South Float East - 90',South Float East,90,"",79,AB,27,29,3,fill_run,2007-07-27,2007-07-29,true,OSV SILVER TIDE,"solid|fg=rgb=""FF006600"" |bg=indexed=""64"""
2007,AUGUST 2007,8,2007,North Pier West - 410',North Pier West,410,"",85,B,1,31,31,fill_run,2007-08-01,2007-08-31,true,R/V CLEAR SEXTANT,"solid|fg=rgb=""FF00B050"" |bg=indexed=""64"""
2007,AUGUST 2007,8,2007,North Pier East - 240',North Pier East,240,"",87,B,1,5,5,fill_run,2007-08-01,2007-08-05,true,M/V NORTHERN HARBOR,"solid|fg=rgb=""FFC00000"" |bg=indexed=""64"""
2007,AUGUST 2007,8,2007,North Pier East - 240',North Pier East,240,"",87,H,7,11,5,fill_run,2007-08-07,2007-08-11,true,M/V DEEP LEDGE,"solid|fg=theme=""3"" tint=""0.5999938962981048"" |bg=indexed=""64"""
2007,AUGUST 2007,8,2007,North Pier East - 240',North Pier East,240,"",87,AB,27,31,5,fill_run,2007-08-27,2007-08-31,true,M/V CORAL LANTERN,"solid|fg=rgb=""FF0070C0"" |bg=indexed=""64"""
2007,AUGUST 2007,8,2007,South Float East - 90',South Float East,90,"",90,B,1,3,3,fill_run,2007-08-01,2007-08-03,true,OSV SILVER TIDE,"solid|fg=rgb=""FF006600"" |bg=indexed=""64"""
2007,AUGUST 2007,8,2007,South Float East - 90',South Float East,90,"",90,AB,27,28,2,fill_run,2007-08-27,2007-08-28,true,S/V Golden Fathom,"solid|fg=rgb=""FF7030A0"" |bg=indexed=""64"""
2007,SEPTEMBER 2007,9,2007,North Pier West - 410',North Pier West,410,"",97,B,1,30,30,fill_run,2007-09-01,2007-09-30,true,R/V CLEAR SEXTANT,"solid|fg=rgb=""FF00B050"" |bg=indexed=""64"""
2007,SEPTEMBER 2007,9,2007,North Pier East - 240',North Pier East,240,"",99,B,1,3,3,fill_run,2007-09-01,2007-09-03,true,M/V CORAL LANTERN,"solid|fg=rgb=""FF0070C0"" |bg=indexed=""64"""
2007,SEPTEMBER 2007,9,2007,North Pier East - 240',North Pier East,240,"",99,O,14,30,17,fill_run,2007-09-14,2007-09-30,true,M/V CORAL LANTERN,"solid|fg=rgb=""FF0070C0"" |bg=indexed=""64"""
2007,SEPTEMBER 2007,9,2007,South Float East - 90',South Float East,90,"",102,K,10,14,5,fill_run,2007-09-10,2007-09-14,true,S/V Silver Cove,"solid|fg=theme=""7"" tint=""0.3999755851924192"" |bg=indexed=""64"""
2007,OCTOBER 2007,10,2007,North Pier West - 410',North Pier West,410,"",108,B,1,31,31,fill_run,2007-10-01,2007-10-31,true,R/V CLEAR SEXTANT,"solid|fg=rgb=""FF00B050"" |bg=indexed=""64"""
2007,OCTOBER 2007,10,2007,North Pier East - 240',North Pier East,240,"",110,B,1,8,8,fill_run,2007-10-01,2007-10-08,true,M/V NORTHERN HARBOR,"solid|fg=rgb=""FFC00000"" |bg=indexed=""64"""
2007,OCTOBER 2007,10,2007,North Pier East - 240',North Pier East,240,"",110,K,10,14,5,fill_run,2007-10-10,2007-10-14,true,Pier repair - no docking,"solid|fg=rgb=""FFFFFF00"" |bg=indexed=""64"""
2007,OCTOBER 2007,10,2007,North Pier East - 240',North Pier East,240,"",110,P,15,16,2,fill_run,2007-10-15,2007-10-16,true,M/V NORTHERN HARBOR,"solid|fg=rgb=""FFC00000"" |bg=indexed=""64"""
2007,OCTOBER 2007,10,2007,North Pier East - 240',North Pier East,240,"",110,T,19,21,3,fill_run,2007-10-19,2007-10-21,true,Dock maintenance - restricted access,"solid|fg=rgb=""FFFFFF00"" |bg=indexed=""64"""
2007,OCTOBER 2007,10,2007,North Pier East - 240',North Pier East,240,"",110,W,22,24,3,fill_run,2007-10-22,2007-10-24,true,M/V NORTHERN HARBOR,"solid|fg=rgb=""FFC00000"" |bg=indexed=""64"""
2007,OCTOBER 2007,10,2007,North Pier East - 240',North Pier East,240,"",110,AC,28,28,1,single,2007-10-28,2007-10-28,true,M/V NORTHERN HARBOR,"solid|fg=rgb=""FFC00000"" |bg=indexed=""64"""
2007,OCTOBER 2007,10,2007,South Float East - 90',South Float East,90,"",113,F,5,9,5,fill_run,2007-10-05,2007-10-09,true,M/V DEEP REEF,"solid|fg=theme=""8"" tint=""0.3999755851924192"" |bg=indexed=""64"""
2007,NOVEMBER 2007,11,2007,North Pier West - 410',North Pier West,410,"",119,B,1,30,30,fill_run,2007-11-01,2007-11-30,true,R/V CLEAR SEXTANT,"solid|fg=rgb=""FF00B050"" |bg=indexed=""64"""
2007,NOVEMBER 2007,11,2007,North Pier Face - 75',North Pier Face,75,"",120,O,14,14,1,single,2007-11-14,2007-11-14,true,M/Y GREEN LANTERN,"solid|fg=theme=""0"" tint=""-0.249977111117893"" |bg=indexed=""64"""
2007,NOVEMBER 2007,11,2007,North Pier Face - 75',North Pier Face,75,"",120,S,18,18,1,single,2007-11-18,2007-11-18,true,M/Y GREEN LANTERN,"solid|fg=theme=""0"" tint=""-0.249977111117893"" |bg=indexed=""64"""
2007,NOVEMBER 2007,11,2007,North Pier East - 240',North Pier East,240,"",121,F,5,10,6,fill_run,2007-11-05,2007-11-10,true,M/V NORTHERN HARBOR,"solid|fg=rgb=""FFC00000"" |bg=indexed=""64"""
2007,NOVEMBER 2007,11,2007,North Pier East - 240',North Pier East,240,"",121,U,20,21,2,fill_run,2007-11-20,2007-11-21,true,Barge Silver Voyager,"solid|fg=theme=""4"" tint=""0.3999755851924192"" |bg=indexed=""64"""
2007,DECEMBER 2007,12,2007,North Pier West - 410',North Pier West,410,"",130,B,1,31,31,fill_run,2007-12-01,2007-12-31,true,R/V CLEAR SEXTANT,"solid|fg=rgb=""FF00B050"" |bg=indexed=""64"""
2007,DECEMBER 2007,12,2007,North Pier East - 240',North Pier East,240,"",132,D,3,7,5,fill_run,2007-12-03,2007-12-07,true,M/V NORTHERN HARBOR,"solid|fg=rgb=""FFC00000"" |bg=indexed=""64"""
2007,DECEMBER 2007,12,2007,South Float West - 90',South Float West,90,"",134,B,1,31,31,fill_run,2007-12-01,2007-12-31,true,Pier repair - no docking,"solid|fg=rgb=""FFFFFF00"" |bg=indexed=""64"""
2008,JANUARY 2008,1,2008,North Pier West - 410',North Pier West,410,"",8,B,1,31,31,fill_run,2008-01-01,2008-01-31,true,R/V CLEAR SEXTANT,"solid|fg=rgb=""FF00B050"" |bg=indexed=""64"""
2008,JANUARY 2008,1,2008,North Pier Face - 75',North Pier Face,75,"",9,U,20,20,1,single,2008-01-20,2008-01-20,true,Tug Wild Gannet,"solid|fg=theme=""3"" tint=""-0.249977111117893"" |bg=indexed=""64"""
2008,JANUARY 2008,1,2008,North Pier Face - 75',North Pier Face,75,"",9,X,23,24,2,fill_run,2008-01-23,2008-01-24,true,Tug Wild Gannet,"solid|fg=theme=""3"" tint=""-0.249977111117893"" |bg=indexed=""64"""
2008,JANUARY 2008,1,2008,South Float West - 90',South Float West,90,"",12,B,1,31,31,fill_run,2008-01-01,2008-01-31,true,Concrete work near test wells,"solid|fg=rgb=""FFFFFF00"" |bg=indexed=""64"""
2008,FEBRUARY 2008,2,2008,North Pier West - 410',North Pier West,410,"",19,B,1,29,29,fill_run,2008-02-01,2008-02-29,true,R/V CLEAR SEXTANT,"solid|fg=rgb=""FF00B050"" |bg=indexed=""64"""
2008,MARCH 2008,3,2008,North Pier West - 410',North Pier West,410,"",30,E,4,18,15,fill_run,2008-03-04,2008-03-18,true,R/V CLEAR SEXTANT,"solid|fg=rgb=""FF00B050"" |bg=indexed=""64"""
2008,MARCH 2008,3,2008,North Pier East - 240',North Pier East,240,"",32,AA,26,26,1,single,2008-03-26,2008-03-26,true,Barge Silver Voyager,""
2008,MARCH 2008,3,2008,South Float West - 90',South Float West,90,"",34,B,1,31,31,fill_run,2008-03-01,2008-03-31,true,Ultrasonic pier test,"solid|fg=rgb=""FFFFFF00"" |bg=indexed=""64"""
2008,APRIL 2008,4,2008,North Pier West - 410',North Pier West,410,"",41,C,2,26,25,fill_run,2008-04-02,2008-04-26,true,R/V GOLDEN COMPASS,"solid|fg=rgb=""FF0070C0"" |bg=indexed=""64"""
2008,APRIL 2008,4,2008,North Pier East - 240',North Pier East,240,"",43,L,11,13,3,fill_run,2008-04-11,2008-04-13,true,OSV Wild Star,"solid|fg=rgb=""FF002060"" |bg=indexed=""64"""
2008,APRIL 2008,4,2008,North Pier East - 240',North Pier East,240,"",43,Q,16,20,5,fill_run,2008-04-16,2008-04-20,true,OSV Wild Star,"solid|fg=rgb=""FF002060"" |bg=indexed=""64"""
2008,APRIL 2008,4,2008,North Pier East - 240',North Pier East,240,"",43,Z,25,27,3,fill_run,2008-04-25,2008-04-27,true,OSV Wild Star,"solid|fg=theme=""3"" tint=""-0.499984740745262"" |bg=indexed=""64"""
2008,APRIL 2008,4,2008,South Float West - 90',South Float West,90,"",45,B,1,30,30,fill_run,2008-04-01,2008-04-30,true,Dock maintenance - restricted access,"solid|fg=rgb=""FFFFFF00"" |bg=indexed=""64"""
2008,MAY 2008,5,2008,North Pier West - 410',North Pier West,410,"",52,B,1,2,2,fill_run,2008-05-01,2008-05-02,true,R/V GOLDEN COMPASS,"solid|fg=rgb=""FF0070C0"" |bg=indexed=""64"""
2008,MAY 2008,5,2008,North Pier West - 410',North Pier West,410,"",52,F,5,11,7,fill_run,2008-05-05,2008-05-11,true,M/V NORTHERN HARBOR,"solid|fg=rgb=""FFC00000"" |bg=indexed=""64"""
2008,MAY 2008,5,2008,North Pier West - 410',North Pier West,410,"",52,N,13,13,1,single,2008-05-13,2008-05-13,true,M/Y GREEN LANTERN,"solid|fg=theme=""3"" tint=""0.3999755851924192"" |bg=indexed=""64"""
2008,MAY 2008,5,2008,North Pier West - 410',North Pier West,410,"",52,Q,16,16,1,single,2008-05-16,2008-05-16,true,Tug Wild Gannet,"solid|fg=rgb=""FF002060"" |bg=indexed=""64"""
2008,MAY 2008,5,2008,North Pier West - 410',North Pier West,410,"",52,R,17,17,1,single,2008-05-17,2008-05-17,true,M/Y GREEN LANTERN,"solid|fg=theme=""3"" tint=""0.3999755851924192"" |bg=indexed=""64"""
2008,MAY 2008,5,2008,North Pier West - 410',North Pier West,410,"",52,T,19,20,2,fill_run,2008-05-19,2008-05-20,true,OSV AMBER REEF,"solid|fg=rgb=""FF00B050"" |bg=indexed=""64"""
2008,MAY 2008,5,2008,North Pier West - 410',North Pier West,410,"",52,AA,26,31,6,fill_run,2008-05-26,2008-05-31,true,M/V NORTHERN HARBOR,"solid|fg=rgb=""FFC00000"" |bg=indexed=""64"""
2008,MAY 2008,5,2008,North Pier Face - 75',North Pier Face,75,"",53,F,5,5,1,single,2008-05-05,2008-05-05,true,M/Y GREEN LANTERN,"solid|fg=theme=""3"" tint=""0.5999938962981048"" |bg=indexed=""64"""
2008,MAY 2008,5,2008,North Pier East - 240',North Pier East,240,"",54,B,1,4,4,fill_run,2008-05-01,2008-05-04,true,OSV Wild Star,"solid|fg=rgb=""FF002060"" |bg=indexed=""64"""
2008,MAY 2008,5,2008,North Pier East - 240',North Pier East,240,"",54,F,5,5,1,single,2008-05-05,2008-05-05,true,M/Y GREEN LANTERN,"solid|fg=theme=""3"" tint=""0.5999938962981048"" |bg=indexed=""64"""
2008,MAY 2008,5,2008,North Pier East - 240',North Pier East,240,"",54,J,9,12,4,fill_run,2008-05-09,2008-05-12,true,R/V GOLDEN COMPASS,"solid|fg=rgb=""FF0070C0"" |bg=indexed=""64"""
2008,MAY 2008,5,2008,North Pier East - 240',North Pier East,240,"",54,P,15,17,3,fill_run,2008-05-15,2008-05-17,true,R/V GOLDEN COMPASS,"solid|fg=rgb=""FF0070C0"" |bg=indexed=""64"""
2008,MAY 2008,5,2008,North Pier East - 240',North Pier East,240,"",54,T,19,19,1,single,2008-05-19,2008-05-19,true,Tug Wild Gannet,"solid|fg=rgb=""FF002060"" |bg=indexed=""64"""
2008,MAY 2008,5,2008,North Pier East - 240',North Pier East,240,"",54,Y,24,26,3,fill_run,2008-05-24,2008-05-26,true,R/V GOLDEN COMPASS,"solid|fg=rgb=""FF0070C0"" |bg=indexed=""64"""
2008,MAY 2008,5,2008,North Pier East - 240',North Pier East,240,"",54,AF,31,31,1,single,2008-05-31,2008-05-31,true,R/V GOLDEN COMPASS,"solid|fg=rgb=""FF0070C0"" |bg=indexed=""64"""
2008,MAY 2008,5,2008,South Float West - 90',South Float West,90,"",56,AB,27,30,4,fill_run,2008-05-27,2008-05-30,true,M/V DEEP REEF,"solid|fg=rgb=""FF7030A0"" |bg=indexed=""64"""
2008,MAY 2008,5,2008,South Float East - 90',South Float East,90,"",57,V,21,31,11,fill_run,2008-05-21,2008-05-31,true,OSV AMBER REEF,"solid|fg=rgb=""FF00B050"" |bg=indexed=""64"""
2008,JUNE 2008,6,2008,North Pier West - 410',North Pier West,410,"",63,D,3,13,11,fill_run,2008-06-03,2008-06-13,true,M/V NORTHERN HARBOR,"solid|fg=rgb=""FFC00000"" |bg=indexed=""64"""
2008,JUNE 2008,6,2008,North Pier West - 410',North Pier West,410,"",63,V,21,28,8,fill_run,2008-06-21,2008-06-28,true,R/V GOLDEN COMPASS,"solid|fg=rgb=""FF0070C0"" |bg=indexed=""64"""
2008,JUNE 2008,6,2008,North Pier East - 240',North Pier East,240,"",65,B,1,9,9,fill_run,2008-06-01,2008-06-09,true,R/V GOLDEN COMPASS,"solid|fg=rgb=""FF0070C0"" |bg=indexed=""64"""
2008,JUNE 2008,6,2008,North Pier East - 240',North Pier East,240,"",65,N,13,17,5,fill_run,2008-06-13,2008-06-17,true,R/V GOLDEN COMPASS,"solid|fg=rgb=""FF0070C0"" |bg=indexed=""64"""
2008,JUNE 2008,6,2008,South Float East - 90',South Float East,90,"",68,B,1,3,3,fill_run,2008-06-01,2008-06-03,true,OSV AMBER REEF,"solid|fg=rgb=""FF00B050"" |bg=indexed=""64"""
2008,JUNE 2008,6,2008,South Float East - 90',South Float East,90,"",68,AD,29,31,3,fill_run,2008-06-29,"",false,OSV Grey Fathom,"solid|fg=theme=""9"" tint=""-0.249977111117893"" |bg=indexed=""64"""
2008,JULY 2008,7,2008,North Pier West - 410',North Pier West,410,"",74,N,13,25,13,fill_run,2008-07-13,2008-07-25,true,M/V NORTHERN HARBOR,"solid|fg=rgb=""FFC00000"" |bg=indexed=""64"""
2008,JULY 2008,7,2008,South Float East - 90',South Float East,90,"",79,B,1,5,5,fill_run,2008-07-01,2008-07-05,true,OSV Grey Fathom,"solid|fg=theme=""9"" tint=""-0.249977111117893"" |bg=indexed=""64"""
2008,JULY 2008,7,2008,South Float East - 90',South Float East,90,"",79,W,22,23,2,fill_run,2008-07-22,2008-07-23,true,OSV SILVER TIDE,"solid|fg=rgb=""FF008000"" |bg=indexed=""64"""
2008,JULY 2008,7,2008,South Float East - 90',South Float East,90,"",79,AF,31,31,1,single,2008-07-31,2008-07-31,true,OSV SILVER TIDE,"solid|fg=rgb=""FF008000"" |bg=indexed=""64"""
2008,AUGUST 2008,8,2008,North Pier West - 410',North Pier West,410,"",85,D,3,9,7,fill_run,2008-08-03,2008-08-09,true,M/V NORTHERN HARBOR,"solid|fg=rgb=""FFC00000"" |bg=indexed=""64"""
2008,AUGUST 2008,8,2008,North Pier East - 240',North Pier East,240,"",87,C,2,5,4,fill_run,2008-08-02,2008-08-05,true,M/V DEEP LEDGE,"solid|fg=rgb=""FF00B0F0"" |bg=indexed=""64"""
2008,AUGUST 2008,8,2008,South Float East - 90',South Float East,90,"",90,B,1,1,1,single,2008-08-01,2008-08-01,true,OSV SILVER TIDE,"solid|fg=rgb=""FF008000"" |bg=indexed=""64"""
2008,AUGUST 2008,8,2008,South Float East - 90',South Float East,90,"",90,Y,24,25,2,fill_run,2008-08-24,2008-08-25,true,M/Y Golden Harbor,"solid|fg=rgb=""FF00B050"" |bg=indexed=""64"""
2008,SEPTEMBER 2008,9,2008,North Pier West - 410',North Pier West,410,"",97,N,13,29,17,fill_run,2008-09-13,2008-09-29,true,R/V GOLDEN COMPASS,"solid|fg=rgb=""FF0070C0"" |bg=indexed=""64"""
2008,OCTOBER 2008,10,2008,North Pier West - 410',North Pier West,410,"",108,B,1,1,1,single,2008-10-01,2008-10-01,true,R/V GOLDEN COMPASS,"solid|fg=rgb=""FF0070C0"" |bg=indexed=""64"""
2008,OCTOBER 2008,10,2008,North Pier West - 410',North Pier West,410,"",108,I,8,10,3,fill_run,2008-10-08,2008-10-10,true,R/V GOLDEN COMPASS,"solid|fg=rgb=""FF0070C0"" |bg=indexed=""64"""
2008,OCTOBER 2008,10,2008,North Pier West - 410',North Pier West,410,"",108,Q,16,18,3,fill_run,2008-10-16,2008-10-18,true,R/V GOLDEN COMPASS,"solid|fg=rgb=""FF0070C0"" |bg=indexed=""64"""
2008,OCTOBER 2008,10,2008,North Pier West - 410',North Pier West,410,"",108,X,23,31,9,fill_run,2008-10-23,2008-10-31,true,R/V GOLDEN COMPASS,"solid|fg=rgb=""FF0070C0"" |bg=indexed=""64"""
2008,NOVEMBER 2008,11,2008,North Pier West - 410',North Pier West,410,"",119,D,3,6,4,fill_run,2008-11-03,2008-11-06,true,R/V GOLDEN COMPASS,"solid|fg=rgb=""FF0070C0"" |bg=indexed=""64"""
2009,MARCH 2009,3,2009,North Pier East - 240',North Pier East,240,"",32,AB,27,27,1,single,2009-03-27,2009-03-27,true,Barge Silver Voyager,""
2009,MAY 2009,5,2009,North Pier West - 410',North Pier West,410,"",52,U,20,21,2,merge,2009-05-20,2009-05-21,true,R/V GOLDEN COMPASS,"solid|fg=theme=""4"" |bg=indexed=""64"""
2009,MAY 2009,5,2009,North Pier West - 410',North Pier West,410,"",52,Z,25,28,4,fill_run,2009-05-25,2009-05-28,true,R/V GOLDEN COMPASS,"solid|fg=theme=""4"" |bg=indexed=""64"""
2009,MAY 2009,5,2009,North Pier East - 240',North Pier East,240,"",54,Z,25,25,1,single,2009-05-25,2009-05-25,true,M/V GREY COMPASS,"solid|fg=theme=""9"" |bg=indexed=""64"""
2009,MAY 2009,5,2009,North Pier East - 240',North Pier East,240,"",54,AD,29,29,1,single,2009-05-29,2009-05-29,true,M/V GREY COMPASS,"solid|fg=theme=""9"" |bg=indexed=""64"""
2009,MAY 2009,5,2009,Inner Channel - 55',Inner Channel,55,"",55,E,4,4,1,single,2009-05-04,2009-05-04,true,R/V Golden Horizon,""
2009,MAY 2009,5,2009,South Float East - 90',South Float East,90,"",57,AA,26,27,2,merge,2009-05-26,2009-05-27,true,OSV AMBER REEF,"solid|fg=rgb=""FF008000"" |bg=indexed=""64"""
2009,JUNE 2009,6,2009,North Pier West - 410',North Pier West,410,"",63,D,3,5,3,fill_run,2009-06-03,2009-06-05,true,R/V GOLDEN COMPASS,"solid|fg=theme=""4"" |bg=indexed=""64"""
2009,JUNE 2009,6,2009,North Pier West - 410',North Pier West,410,"",63,G,6,6,1,single,2009-06-06,2009-06-06,true,F/V IRON LEDGE,"solid|fg=theme=""8"" tint=""0.3999755851924192"" |bg=indexed=""64"""
2009,JUNE 2009,6,2009,North Pier West - 410',North Pier West,410,"",63,M,12,14,3,merge,2009-06-12,2009-06-14,true,R/V GOLDEN COMPASS,"solid|fg=theme=""3"" tint=""0.3999755851924192"" |bg=indexed=""64"""
2009,JUNE 2009,6,2009,North Pier West - 410',North Pier West,410,"",63,U,20,23,4,merge,2009-06-20,2009-06-23,true,R/V GOLDEN COMPASS,"solid|fg=theme=""4"" |bg=indexed=""64"""
2009,JUNE 2009,6,2009,North Pier West - 410',North Pier West,410,"",63,AA,26,26,1,single,2009-06-26,2009-06-26,true,M/V GREY COMPASS,"solid|fg=theme=""9"" |bg=indexed=""64"""
2009,JUNE 2009,6,2009,North Pier West - 410',North Pier West,410,"",63,AC,28,28,1,single,2009-06-28,2009-06-28,true,M/Y Long Meridian,"solid|fg=rgb=""FFFFFF00"" |bg=indexed=""64"""
2009,JUNE 2009,6,2009,North Pier West - 410',North Pier West,410,"",63,AD,29,30,2,merge,2009-06-29,2009-06-30,true,M/V NORTHERN HARBOR,"solid|fg=rgb=""FFC00000"" |bg=indexed=""64"""
2009,JUNE 2009,6,2009,North Pier Face - 75',North Pier Face,75,"",64,T,19,21,3,merge,2009-06-19,2009-06-21,true,OSV Clear Dory,"solid|fg=theme=""0"" tint=""-0.249977111117893"" |bg=indexed=""64"""
2009,JUNE 2009,6,2009,North Pier East - 240',North Pier East,240,"",65,D,3,4,2,merge,2009-06-03,2009-06-04,true,OSV AMBER REEF,"solid|fg=rgb=""FF008000"" |bg=indexed=""64"""
2009,JUNE 2009,6,2009,North Pier East - 240',North Pier East,240,"",65,X,23,24,2,merge,2009-06-23,2009-06-24,true,Tug Far Compass,"solid|fg=rgb=""FFFFFF00"" |bg=indexed=""64"""
2009,JUNE 2009,6,2009,North Pier East - 240',North Pier East,240,"",65,AF,31,31,1,single,"","",false,R/V CORAL TERN,"solid|fg=theme=""3"" tint=""0.3999755851924192"" |bg=rgb=""FF000000"""
2009,JUNE 2009,6,2009,Inner Channel - 55',Inner Channel,55,"",66,D,3,3,1,single,2009-06-03,2009-06-03,true,R/V Golden Horizon,""
2009,JUNE 2009,6,2009,South Float East - 90',South Float East,90,"",68,B,1,2,2,merge,2009-06-01,2009-06-02,true,S/V Silver Cove,"solid|fg=rgb=""FFFFFF00"" |bg=indexed=""64"""
2009,JUNE 2009,6,2009,South Float East - 90',South Float East,90,"",68,D,3,5,3,merge,2009-06-03,2009-06-05,true,OSV AMBER REEF,"solid|fg=rgb=""FF008000"" |bg=indexed=""64"""
2009,JUNE 2009,6,2009,South Float East - 90',South Float East,90,"",68,AD,29,29,1,single,2009-06-29,2009-06-29,true,M/Y Long Meridian,"solid|fg=rgb=""FFFFFF00"" |bg=indexed=""64"""
2009,JUNE 2009,6,2009,South Float East - 90',South Float East,90,"",68,AE,30,30,1,single,2009-06-30,2009-06-30,true,S/Y High Gannet,"solid|fg=rgb=""FFFFFF00"" |bg=indexed=""64"""
2009,JULY 2009,7,2009,North Pier West - 410',North Pier West,410,"",74,B,1,31,31,merge,2009-07-01,2009-07-31,true,M/V NORTHERN HARBOR,"solid|fg=rgb=""FFC00000"" |bg=indexed=""64"""
2009,JULY 2009,7,2009,North Pier Face - 75',North Pier Face,75,"",75,C,2,5,4,merge,2009-07-02,2009-07-05,true,Community sail day,"solid|fg=theme=""0"" tint=""-0.249977111117893"" |bg=indexed=""64"""
2009,JULY 2009,7,2009,North Pier Face - 75',North Pier Face,75,"",75,N,13,17,5,fill_run,2009-07-13,2009-07-17,true,R/V WESTERN DRIFT,"solid|fg=theme=""0"" tint=""-0.1499984740745262"" |bg=indexed=""64"""
2009,JULY 2009,7,2009,North Pier Face - 75',North Pier Face,75,"",75,S,18,23,6,fill_run,2009-07-18,2009-07-23,true,F/V Northern Dory,"solid|fg=theme=""0"" tint=""-0.1499984740745262"" |bg=indexed=""64"""
2009,JULY 2009,7,2009,North Pier Face - 75',North Pier Face,75,"",75,Y,24,31,8,fill_run,2009-07-24,2009-07-31,true,F/V Grey Meridian,"solid|fg=theme=""0"" tint=""-0.1499984740745262"" |bg=indexed=""64"""
2009,JULY 2009,7,2009,North Pier East - 240',North Pier East,240,"",76,E,4,5,2,repeat,2009-07-04,2009-07-05,true,R/V GOLDEN COMPASS,"solid|fg=theme=""3"" tint=""0.3999755851924192"" |bg=rgb=""FF000000"""
2009,JULY 2009,7,2009,North Pier East - 240',North Pier East,240,"",76,R,17,31,15,fill_run,2009-07-17,2009-07-31,true,R/V GOLDEN COMPASS,"solid|fg=theme=""3"" tint=""0.3999755851924192"" |bg=rgb=""FF000000"""
2009,JULY 2009,7,2009,Inner Channel - 55',Inner Channel,55,"",77,D,3,3,1,single,2009-07-03,2009-07-03,true,R/V Golden Horizon,""
2009,JULY 2009,7,2009,South Float West - 90',South Float West,90,"",78,Q,16,16,1,single,2009-07-16,2009-07-16,true,R/V Long Ketch,"solid|fg=theme=""7"" tint=""-0.249977111117893"" |bg=indexed=""64"""
2009,JULY 2009,7,2009,South Float West - 90',South Float West,90,"",78,S,18,18,1,single,2009-07-18,2009-07-18,true,M/V Amber Meridian,""
2009,JULY 2009,7,2009,South Float East - 90',South Float East,90,"",79,C,2,5,4,merge,2009-07-02,2009-07-05,true,R/V Northern Lantern,"solid|fg=rgb=""FFFFFF00"" |bg=indexed=""64"""
2009,JULY 2009,7,2009,South Float East - 90',South Float East,90,"",79,G,6,6,1,single,2009-07-06,2009-07-06,true,R/V Long Ketch,"solid|fg=theme=""7"" tint=""-0.249977111117893"" |bg=indexed=""64"""
2009,JULY 2009,7,2009,South Float East - 90',South Float East,90,"",79,K,10,13,4,merge,2009-07-10,2009-07-13,true,R/V Long Ketch,"solid|fg=theme=""7"" tint=""-0.249977111117893"" |bg=indexed=""64"""
2009,JULY 2009,7,2009,South Float East - 90',South Float East,90,"",79,O,14,15,2,merge,2009-07-14,2009-07-15,true,M/Y Wild Tern,"solid|fg=rgb=""FFFFFF00"" |bg=indexed=""64"""
2009,JULY 2009,7,2009,South Float East - 90',South Float East,90,"",79,S,18,18,1,single,2009-07-18,2009-07-18,true,M/Y Grey Heron,"solid|fg=rgb=""FFFFFF00"" |bg=indexed=""64"""
2009,JULY 2009,7,2009,South Float East - 90',South Float East,90,"",79,U,20,20,1,single,2009-07-20,2009-07-20,true,R/V Long Ketch,"solid|fg=theme=""7"" tint=""-0.249977111117893"" |bg=indexed=""64"""
2009,JULY 2009,7,2009,South Float East - 90',South Float East,90,"",79,V,21,22,2,merge,2009-07-21,2009-07-22,true,OSV Silver Tide,"solid|fg=rgb=""FFFFFF00"" |bg=indexed=""64"""
2009,JULY 2009,7,2009,South Float East - 90',South Float East,90,"",79,AA,26,27,2,fill_run,2009-07-26,2009-07-27,true,R/V Long Ketch,"solid|fg=theme=""7"" tint=""-0.499984740745262"" |bg=indexed=""64"""
2009,JULY 2009,7,2009,South Float East - 90',South Float East,90,"",79,AD,29,30,2,fill_run,2009-07-29,2009-07-30,true,OSV Silver Tide,"solid|fg=rgb=""FFFFFF00"" |bg=indexed=""64"""
2009,JULY 2009,7,2009,South Float East - 90',South Float East,90,"",79,AF,31,31,1,single,2009-07-31,2009-07-31,true,Arrives AM,"solid|fg=rgb=""FFFFFF00"" |bg=indexed=""64"""
2009,AUGUST 2009,8,2009,North Pier West - 410',North Pier West,410,"",85,B,1,25,25,fill_run,2009-08-01,2009-08-25,true,M/V NORTHERN HARBOR,"solid|fg=rgb=""FFC00000"" |bg=rgb=""FF000000"""
2009,AUGUST 2009,8,2009,North Pier Face - 75',North Pier Face,75,"",86,M,12,12,1,single,2009-08-12,2009-08-12,true,F/V Western Sound,"solid|fg=rgb=""FF00B050"" |bg=rgb=""FF000000"""
2009,AUGUST 2009,8,2009,North Pier Face - 75',North Pier Face,75,"",86,AC,28,28,1,single,2009-08-28,2009-08-28,true,F/V Clear Voyager,"solid|fg=theme=""8"" tint=""-0.249977111117893"" |bg=indexed=""64"""
2009,AUGUST 2009,8,2009,North Pier East - 240',North Pier East,240,"",87,B,1,1,1,single,2009-08-01,2009-08-01,true,M/V Northern Kestrel,"solid|fg=rgb=""FFFFFF00"" |bg=indexed=""64"""
2009,AUGUST 2009,8,2009,North Pier East - 240',North Pier East,240,"",87,P,15,16,2,merge,2009-08-15,2009-08-16,true,M/V GREY COMPASS,"solid|fg=theme=""9"" |bg=indexed=""64"""
2009,AUGUST 2009,8,2009,North Pier East - 240',North Pier East,240,"",87,S,18,18,1,single,2009-08-18,2009-08-18,true,M/V Grey Compass,"solid|fg=rgb=""FF008080"" |bg=indexed=""64"""
2009,AUGUST 2009,8,2009,North Pier East - 240',North Pier East,240,"",87,Y,24,25,2,merge,2009-08-24,2009-08-25,true,R/V GOLDEN COMPASS,"solid|fg=theme=""4"" |bg=indexed=""64"""
2009,AUGUST 2009,8,2009,Inner Channel - 55',Inner Channel,55,"",88,F,5,5,1,single,2009-08-05,2009-08-05,true,R/V Golden Horizon,""
2009,AUGUST 2009,8,2009,South Float West - 90',South Float West,90,"",89,B,1,1,1,single,2009-08-01,2009-08-01,true,R/V Long Ketch,"solid|fg=rgb=""FF60497A"" |bg=rgb=""FF000000"""
2009,AUGUST 2009,8,2009,South Float West - 90',South Float West,90,"",89,D,3,3,1,single,2009-08-03,2009-08-03,true,R/V Long Ketch,"solid|fg=rgb=""FF60497A"" |bg=rgb=""FF000000"""
2009,AUGUST 2009,8,2009,South Float East - 90',South Float East,90,"",90,B,1,1,1,single,2009-08-01,2009-08-01,true,Arrives AM,"solid|fg=rgb=""FFFFFF00"" |bg=indexed=""64"""
2009,AUGUST 2009,8,2009,South Float East - 90',South Float East,90,"",90,E,4,5,2,merge,2009-08-04,2009-08-05,true,M/Y Quiet Voyager,"solid|fg=rgb=""FFFFFF00"" |bg=indexed=""64"""
2009,AUGUST 2009,8,2009,South Float East - 90',South Float East,90,"",90,I,8,8,1,single,2009-08-08,2009-08-08,true,R/V Long Ketch,"solid|fg=rgb=""FF60497A"" |bg=rgb=""FF000000"""
2009,AUGUST 2009,8,2009,South Float East - 90',South Float East,90,"",90,L,11,13,3,merge,2009-08-11,2009-08-13,true,F/V Golden Sextant,"solid|fg=rgb=""FFFFFF00"" |bg=indexed=""64"""
2009,AUGUST 2009,8,2009,South Float East - 90',South Float East,90,"",90,S,18,21,4,merge,2009-08-18,2009-08-21,true,R/V Northern Lantern,"solid|fg=rgb=""FFFFFF00"" |bg=indexed=""64"""
2009,AUGUST 2009,8,2009,South Float East - 90',South Float East,90,"",90,AE,30,30,1,single,2009-08-30,2009-08-30,true,S/V Golden Beacon,"solid|fg=rgb=""FFFFFF00"" |bg=indexed=""64"""
2009,SEPTEMBER 2009,9,2009,North Pier West - 410',North Pier West,410,"",97,B,1,1,1,single,2009-09-01,2009-09-01,true,R/V CORAL TERN,"solid|fg=rgb=""FF538DD5"" |bg=rgb=""FF000000"""
2009,SEPTEMBER 2009,9,2009,North Pier West - 410',North Pier West,410,"",97,E,4,11,8,merge,2009-09-04,2009-09-11,true,R/V CORAL TERN,"solid|fg=rgb=""FF538DD5"" |bg=rgb=""FF000000"""
2009,SEPTEMBER 2009,9,2009,North Pier West - 410',North Pier West,410,"",97,S,18,19,2,merge,2009-09-18,2009-09-19,true,F/V Coral Sextant,"solid|fg=rgb=""FFFFFF00"" |bg=indexed=""64"""
2009,SEPTEMBER 2009,9,2009,North Pier West - 410',North Pier West,410,"",97,Y,24,30,7,merge,2009-09-24,2009-09-30,true,M/V NORTHERN HARBOR,"solid|fg=rgb=""FFC00000"" |bg=indexed=""64"""
2009,SEPTEMBER 2009,9,2009,Inner Channel - 55',Inner Channel,55,"",100,F,5,5,1,single,2009-09-05,2009-09-05,true,R/V Golden Horizon,""
2009,SEPTEMBER 2009,9,2009,South Float West - 90',South Float West,90,"",101,AD,29,29,1,single,2009-09-29,2009-09-29,true,R/V Long Ketch,"solid|fg=theme=""7"" tint=""-0.249977111117893"" |bg=indexed=""64"""
2009,SEPTEMBER 2009,9,2009,South Float East - 90',South Float East,90,"",102,B,1,1,1,single,2009-09-01,2009-09-01,true,Barge SILVER VOYAGER,"solid|fg=rgb=""FF31869B"" |bg=rgb=""FF000000"""
2009,SEPTEMBER 2009,9,2009,South Float East - 90',South Float East,90,"",102,I,8,8,1,single,2009-09-08,2009-09-08,true,R/V Long Ketch,"solid|fg=theme=""7"" tint=""-0.249977111117893"" |bg=indexed=""64"""
2009,SEPTEMBER 2009,9,2009,South Float East - 90',South Float East,90,"",102,R,17,17,1,single,2009-09-17,2009-09-17,true,R/V Long Ketch,"solid|fg=theme=""7"" tint=""-0.249977111117893"" |bg=indexed=""64"""
2009,SEPTEMBER 2009,9,2009,South Float East - 90',South Float East,90,"",102,T,19,20,2,repeat,2009-09-19,2009-09-20,true,R/V Long Ketch,"solid|fg=theme=""7"" tint=""-0.249977111117893"" |bg=indexed=""64"""
2009,SEPTEMBER 2009,9,2009,South Float East - 90',South Float East,90,"",102,W,22,23,2,repeat,2009-09-22,2009-09-23,true,R/V Long Ketch,"solid|fg=theme=""7"" tint=""-0.249977111117893"" |bg=indexed=""64"""
2009,SEPTEMBER 2009,9,2009,South Float East - 90',South Float East,90,"",102,Y,24,25,2,merge,2009-09-24,2009-09-25,true,S/V Silver Current,"solid|fg=rgb=""FFFFFF00"" |bg=indexed=""64"""
2009,SEPTEMBER 2009,9,2009,South Float East - 90',South Float East,90,"",102,AA,26,29,4,repeat,2009-09-26,2009-09-29,true,R/V Long Ketch,"solid|fg=theme=""7"" tint=""-0.249977111117893"" |bg=indexed=""64"""
2009,OCTOBER 2009,10,2009,North Pier West - 410',North Pier West,410,"",108,D,3,4,2,merge,2009-10-03,2009-10-04,true,M/V NORTHERN HARBOR,"solid|fg=rgb=""FFC00000"" |bg=indexed=""64"""
2009,OCTOBER 2009,10,2009,North Pier West - 410',North Pier West,410,"",108,P,15,24,10,merge,2009-10-15,2009-10-24,true,R/V GOLDEN COMPASS,"solid|fg=theme=""4"" |bg=indexed=""64"""
2009,OCTOBER 2009,10,2009,North Pier West - 410',North Pier West,410,"",108,AC,28,30,3,fill_run,2009-10-28,2009-10-30,true,R/V GOLDEN COMPASS,"solid|fg=theme=""4"" |bg=indexed=""64"""
2009,OCTOBER 2009,10,2009,North Pier Face - 75',North Pier Face,75,"",109,T,19,21,3,fill_run,2009-10-19,2009-10-21,true,Campus event,"solid|fg=theme=""0"" tint=""-0.1499984740745262"" |bg=indexed=""64"""
2009,OCTOBER 2009,10,2009,North Pier East - 240',North Pier East,240,"",110,H,7,13,7,merge,2009-10-07,2009-10-13,true,"Bollard replacement, west face","solid|fg=theme=""0"" tint=""-0.3499862666707358"" |bg=indexed=""64"""
2009,OCTOBER 2009,10,2009,North Pier East - 240',North Pier East,240,"",110,O,14,14,1,single,2009-10-14,2009-10-14,true,M/V Grey Compass,"solid|fg=rgb=""FFFFFF00"" |bg=indexed=""64"""
2009,OCTOBER 2009,10,2009,North Pier East - 240',North Pier East,240,"",110,P,15,16,2,fill_run,2009-10-15,2009-10-16,true,OSV AMBER REEF,"solid|fg=rgb=""FF008000"" |bg=indexed=""64"""
2009,OCTOBER 2009,10,2009,Inner Channel - 55',Inner Channel,55,"",111,C,2,2,1,single,2009-10-02,2009-10-02,true,R/V Golden Horizon,""
2009,OCTOBER 2009,10,2009,South Float West - 90',South Float West,90,"",112,G,6,8,3,repeat,2009-10-06,2009-10-08,true,R/V Long Ketch,"solid|fg=theme=""7"" tint=""-0.249977111117893"" |bg=indexed=""64"""
2009,OCTOBER 2009,10,2009,South Float West - 90',South Float West,90,"",112,U,20,22,3,repeat,2009-10-20,2009-10-22,true,R/V Long Ketch,"solid|fg=theme=""7"" tint=""-0.249977111117893"" |bg=indexed=""64"""
2009,OCTOBER 2009,10,2009,South Float West - 90',South Float West,90,"",112,Y,24,29,6,merge,2009-10-24,2009-10-29,true,Donor reception,"solid|fg=rgb=""FFFFFF00"" |bg=indexed=""64"""
2009,OCTOBER 2009,10,2009,South Float East - 90',South Float East,90,"",113,E,4,4,1,single,2009-10-04,2009-10-04,true,R/V Long Ketch,"solid|fg=theme=""7"" tint=""-0.249977111117893"" |bg=indexed=""64"""
2009,OCTOBER 2009,10,2009,South Float East - 90',South Float East,90,"",113,F,5,7,3,merge,2009-10-05,2009-10-07,true,M/V Deep Reef,"solid|fg=rgb=""FFFFFF00"" |bg=indexed=""64"""
2009,OCTOBER 2009,10,2009,South Float East - 90',South Float East,90,"",113,K,10,10,1,single,2009-10-10,2009-10-10,true,R/V Long Ketch,"solid|fg=theme=""7"" tint=""-0.249977111117893"" |bg=indexed=""64"""
2009,OCTOBER 2009,10,2009,South Float East - 90',South Float East,90,"",113,M,12,15,4,repeat,2009-10-12,2009-10-15,true,R/V Long Ketch,"solid|fg=theme=""7"" tint=""-0.249977111117893"" |bg=indexed=""64"""
2009,OCTOBER 2009,10,2009,South Float East - 90',South Float East,90,"",113,R,17,17,1,single,2009-10-17,2009-10-17,true,R/V Long Ketch,"solid|fg=theme=""7"" tint=""-0.249977111117893"" |bg=indexed=""64"""
2009,OCTOBER 2009,10,2009,South Float East - 90',South Float East,90,"",113,U,20,21,2,fill_run,2009-10-20,2009-10-21,true,OSV AMBER REEF,"solid|fg=rgb=""FF008000"" |bg=indexed=""64"""
2009,OCTOBER 2009,10,2009,South Float East - 90',South Float East,90,"",113,AB,27,28,2,repeat,2009-10-27,2009-10-28,true,R/V Long Ketch,"solid|fg=theme=""7"" tint=""-0.249977111117893"" |bg=indexed=""64"""
2009,NOVEMBER 2009,11,2009,North Pier West - 410',North Pier West,410,"",119,I,8,9,2,merge,2009-11-08,2009-11-09,true,R/V GOLDEN COMPASS,"solid|fg=theme=""4"" |bg=indexed=""64"""
2009,NOVEMBER 2009,11,2009,North Pier West - 410',North Pier West,410,"",119,Q,16,23,8,merge,2009-11-16,2009-11-23,true,R/V GOLDEN COMPASS,"solid|fg=theme=""4"" |bg=indexed=""64"""
2009,NOVEMBER 2009,11,2009,North Pier East - 240',North Pier East,240,"",121,B,1,20,20,merge,2009-11-01,2009-11-20,true,Dock inspection,"solid|fg=theme=""0"" tint=""-0.3499862666707358"" |bg=indexed=""64"""
2009,NOVEMBER 2009,11,2009,Inner Channel - 55',Inner Channel,55,"",122,F,5,5,1,single,2009-11-05,2009-11-05,true,R/V Golden Horizon,""
2009,NOVEMBER 2009,11,2009,South Float East - 90',South Float East,90,"",124,F,5,18,14,merge,2009-11-05,2009-11-18,true,R/V Swift Lantern,"solid|fg=rgb=""FFFFFF00"" |bg=indexed=""64"""
2009,DECEMBER 2009,12,2009,North Pier West - 410',North Pier West,410,"",130,O,14,28,15,merge,2009-12-14,2009-12-28,true,R/V GOLDEN COMPASS,"solid|fg=theme=""4"" |bg=rgb=""FF000000"""
2009,DECEMBER 2009,12,2009,Inner Channel - 55',Inner Channel,55,"",133,D,3,3,1,single,2009-12-03,2009-12-03,true,R/V Golden Horizon,""
2010,JANUARY 2010,1,2010,North Pier West - 410',North Pier West,410,"",8,E,1,8,8,merge,2010-01-01,2010-01-08,true,R/V GOLDEN COMPASS,"solid|fg=theme=""4"" |bg=indexed=""64"""
2010,JANUARY 2010,1,2010,North Pier West - 410',North Pier West,410,"",8,Y,21,28,8,merge,2010-01-21,2010-01-28,true,R/V GOLDEN COMPASS,"solid|fg=theme=""4"" |bg=indexed=""64"""
2010,JANUARY 2010,1,2010,North Pier East - 240',North Pier East,240,"",10,AA,23,23,1,single,2010-01-23,2010-01-23,true,Barge SILVER VOYAGER,"solid|fg=rgb=""FF31869B"" |bg=rgb=""FF000000"""
2010,JANUARY 2010,1,2010,North Pier East - 240',North Pier East,240,"",10,AF,28,28,1,single,2010-01-28,2010-01-28,true,Barge SILVER VOYAGER,"solid|fg=rgb=""FF31869B"" |bg=rgb=""FF000000"""
2010,FEBRUARY 2010,2,2010,North Pier West - 410',North Pier West,410,"",19,B,1,8,8,merge,2010-02-01,2010-02-08,true,R/V GOLDEN COMPASS,"solid|fg=theme=""4"" |bg=indexed=""64"""
2010,FEBRUARY 2010,2,2010,North Pier East - 240',North Pier East,240,"",21,AB,27,27,1,single,2010-02-27,2010-02-27,true,Barge SILVER VOYAGER,"solid|fg=rgb=""FF31869B"" |bg=rgb=""FF000000"""
2010,MARCH 2010,3,2010,North Pier West - 410',North Pier West,410,"",30,E,4,11,8,merge,2010-03-04,2010-03-11,true,R/V GOLDEN COMPASS,"solid|fg=theme=""4"" |bg=indexed=""64"""
2010,MARCH 2010,3,2010,North Pier West - 410',North Pier West,410,"",30,Y,24,26,3,fill_run,2010-03-24,2010-03-26,true,R/V GOLDEN COMPASS,"solid|fg=theme=""4"" |bg=indexed=""64"""
2010,MARCH 2010,3,2010,North Pier East - 240',North Pier East,240,"",32,AA,26,26,1,single,2010-03-26,2010-03-26,true,Barge Silver Voyager,""
2010,APRIL 2010,4,2010,North Pier West - 410',North Pier West,410,"",41,B,1,2,2,merge,2010-04-01,2010-04-02,true,R/V GOLDEN COMPASS,"solid|fg=theme=""4"" |bg=indexed=""64"""
2010,APRIL 2010,4,2010,North Pier West - 410',North Pier West,410,"",41,G,6,8,3,fill_run,2010-04-06,2010-04-08,true,Arrival 1400,"solid|fg=theme=""3"" tint=""0.5999938962981048"" |bg=indexed=""64"""
2010,APRIL 2010,4,2010,North Pier West - 410',North Pier West,410,"",41,P,15,28,14,fill_run,2010-04-15,2010-04-28,true,M/V NORTHERN HARBOR,"solid|fg=rgb=""FFC00000"" |bg=indexed=""64"""
2010,APRIL 2010,4,2010,North Pier West - 410',North Pier West,410,"",41,AD,29,30,2,merge,2010-04-29,2010-04-30,true,R/V GOLDEN COMPASS,"solid|fg=theme=""4"" |bg=indexed=""64"""
2010,APRIL 2010,4,2010,North Pier East - 240',North Pier East,240,"",43,M,12,13,2,merge,2010-04-12,2010-04-13,true,R/V GOLDEN COMPASS,"solid|fg=theme=""4"" |bg=indexed=""64"""
2010,APRIL 2010,4,2010,North Pier East - 240',North Pier East,240,"",43,V,21,21,1,single,2010-04-21,2010-04-21,true,M/V GREY COMPASS,"solid|fg=rgb=""FFF79646"" |bg=rgb=""FF000000"""
2010,APRIL 2010,4,2010,North Pier East - 240',North Pier East,240,"",43,X,23,23,1,single,2010-04-23,2010-04-23,true,M/V GREY COMPASS,"solid|fg=rgb=""FFF79646"" |bg=rgb=""FF000000"""
2010,APRIL 2010,4,2010,North Pier East - 240',North Pier East,240,"",43,Y,24,24,1,single,2010-04-24,2010-04-24,true,Delayed due to weather,""
2010,APRIL 2010,4,2010,North Pier East - 240',North Pier East,240,"",43,Z,25,25,1,single,2010-04-25,2010-04-25,true,M/V GREY COMPASS,"solid|fg=rgb=""FFF79646"" |bg=rgb=""FF000000"""
2010,APRIL 2010,4,2010,Inner Channel - 55',Inner Channel,55,"",44,S,18,23,6,merge,2010-04-18,2010-04-23,true,Holiday,"solid|fg=theme=""4"" tint=""0.3999755851924192"" |bg=indexed=""64"""
2010,APRIL 2010,4,2010,Inner Channel - 55',Inner Channel,55,"",44,AA,26,26,1,single,2010-04-26,2010-04-26,true,S/V Iron Petrel,"solid|fg=rgb=""FFFF0000"" |bg=indexed=""64"""
2010,APRIL 2010,4,2010,Inner Channel - 55',Inner Channel,55,"",44,AF,31,31,1,single,"","",false,R/V Grey Kestrel,""
2010,APRIL 2010,4,2010,South Float West - 90',South Float West,90,"",45,U,20,21,2,repeat,2010-04-20,2010-04-21,true,R/V Long Ketch,"solid|fg=rgb=""FF60497A"" |bg=rgb=""FF000000"""
2010,APRIL 2010,4,2010,South Float West - 90',South Float West,90,"",45,X,23,23,1,single,2010-04-23,2010-04-23,true,R/V Long Ketch,"solid|fg=rgb=""FF60497A"" |bg=rgb=""FF000000"""
2010,APRIL 2010,4,2010,South Float East - 90',South Float East,90,"",46,G,6,17,12,merge,2010-04-06,2010-04-17,true,Tug Long Kestrel,"solid|fg=rgb=""FFFFFF00"" |bg=indexed=""64"""
2010,MAY 2010,5,2010,North Pier West - 410',North Pier West,410,"",52,B,1,2,2,repeat,2010-05-01,2010-05-02,true,R/V GOLDEN COMPASS,"solid|fg=theme=""3"" tint=""0.3999755851924192"" |bg=rgb=""FF000000"""
2010,MAY 2010,5,2010,North Pier West - 410',North Pier West,410,"",52,Y,24,25,2,merge,2010-05-24,2010-05-25,true,M/V GREY COMPASS,"solid|fg=theme=""9"" |bg=indexed=""64"""
2010,MAY 2010,5,2010,North Pier West - 410',North Pier West,410,"",52,AE,30,31,2,merge,2010-05-30,2010-05-31,true,M/V GREY COMPASS,"solid|fg=theme=""9"" |bg=indexed=""64"""
2010,MAY 2010,5,2010,North Pier East - 240',North Pier East,240,"",54,F,5,5,1,single,2010-05-05,2010-05-05,true,S/V Iron Petrel,"solid|fg=rgb=""FFFF0000"" |bg=rgb=""FF000000"""
2010,MAY 2010,5,2010,North Pier East - 240',North Pier East,240,"",54,K,10,15,6,merge,2010-05-10,2010-05-15,true,M/V GREY COMPASS,"solid|fg=theme=""9"" |bg=indexed=""64"""
2010,MAY 2010,5,2010,Inner Channel - 55',Inner Channel,55,"",55,C,2,2,1,single,2010-05-02,2010-05-02,true,R/V Golden Horizon,""
2010,MAY 2010,5,2010,South Float West - 90',South Float West,90,"",56,B,1,5,5,merge,2010-05-01,2010-05-05,true,R/V Long Ketch,"solid|fg=rgb=""FF60497A"" |bg=rgb=""FF000000"""
2010,MAY 2010,5,2010,South Float West - 90',South Float West,90,"",56,I,8,11,4,merge,2010-05-08,2010-05-11,true,R/V Long Ketch,"solid|fg=rgb=""FF60497A"" |bg=rgb=""FF000000"""
2010,MAY 2010,5,2010,South Float West - 90',South Float West,90,"",56,P,15,17,3,merge,2010-05-15,2010-05-17,true,R/V Long Ketch,"solid|fg=rgb=""FF60497A"" |bg=rgb=""FF000000"""
2010,MAY 2010,5,2010,South Float West - 90',South Float West,90,"",56,X,23,24,2,merge,2010-05-23,2010-05-24,true,R/V Long Ketch,"solid|fg=rgb=""FF60497A"" |bg=rgb=""FF000000"""
2010,MAY 2010,5,2010,South Float West - 90',South Float West,90,"",56,AE,30,31,2,merge,2010-05-30,2010-05-31,true,R/V Long Ketch,"solid|fg=rgb=""FF60497A"" |bg=rgb=""FF000000"""
2010,JUNE 2010,6,2010,North Pier West - 410',North Pier West,410,"",63,Q,16,17,2,merge,2010-06-16,2010-06-17,true,S/V Iron Petrel,"solid|fg=rgb=""FFFF0000"" |bg=rgb=""FF000000"""
2010,JUNE 2010,6,2010,North Pier West - 410',North Pier West,410,"",63,T,19,22,4,merge,2010-06-19,2010-06-22,true,R/V Blue Voyager,"solid|fg=theme=""3"" tint=""0.3999755851924192"" |bg=indexed=""64"""
2010,JUNE 2010,6,2010,North Pier West - 410',North Pier West,410,"",63,AC,28,28,1,single,2010-06-28,2010-06-28,true,R/V Blue Voyager,"solid|fg=theme=""3"" tint=""0.3999755851924192"" |bg=indexed=""64"""
2010,JUNE 2010,6,2010,North Pier East - 240',North Pier East,240,"",65,D,3,14,12,merge,2010-06-03,2010-06-14,true,M/V GREY COMPASS,"solid|fg=theme=""9"" |bg=indexed=""64"""
2010,JUNE 2010,6,2010,North Pier East - 240',North Pier East,240,"",65,Y,24,24,1,single,2010-06-24,2010-06-24,true,S/V Iron Petrel,"solid|fg=rgb=""FFFF0000"" |bg=rgb=""FF000000"""
2010,JUNE 2010,6,2010,Inner Channel - 55',Inner Channel,55,"",66,B,1,1,1,single,2010-06-01,2010-06-01,true,R/V Golden Horizon,""
2010,JUNE 2010,6,2010,Inner Channel - 55',Inner Channel,55,"",66,O,14,14,1,single,2010-06-14,2010-06-14,true,M/Y Wild Wind,"solid|fg=theme=""5"" tint=""0.5999938962981048"" |bg=indexed=""64"""
2010,JUNE 2010,6,2010,South Float West - 90',South Float West,90,"",67,D,3,4,2,repeat,2010-06-03,2010-06-04,true,R/V Long Ketch,"solid|fg=rgb=""FF60497A"" |bg=rgb=""FF000000"""
2010,JUNE 2010,6,2010,South Float West - 90',South Float West,90,"",67,J,9,10,2,merge,2010-06-09,2010-06-10,true,R/V Long Ketch,"solid|fg=rgb=""FF60497A"" |bg=rgb=""FF000000"""
2010,JUNE 2010,6,2010,South Float West - 90',South Float West,90,"",67,P,15,15,1,single,2010-06-15,2010-06-15,true,R/V Long Ketch,"solid|fg=rgb=""FF60497A"" |bg=rgb=""FF000000"""
2010,JUNE 2010,6,2010,South Float West - 90',South Float West,90,"",67,W,22,23,2,merge,2010-06-22,2010-06-23,true,R/V Long Ketch,"solid|fg=rgb=""FF60497A"" |bg=rgb=""FF000000"""
2010,JUNE 2010,6,2010,South Float West - 90',South Float West,90,"",67,Z,25,25,1,single,2010-06-25,2010-06-25,true,R/V Long Ketch,"solid|fg=rgb=""FF60497A"" |bg=rgb=""FF000000"""
2010,JUNE 2010,6,2010,South Float East - 90',South Float East,90,"",68,B,1,5,5,merge,2010-06-01,2010-06-05,true,OSV AMBER REEF,"solid|fg=rgb=""FF008000"" |bg=indexed=""64"""
2010,JUNE 2010,6,2010,South Float East - 90',South Float East,90,"",68,I,8,12,5,merge,2010-06-08,2010-06-12,true,OSV AMBER REEF,"solid|fg=rgb=""FF008000"" |bg=indexed=""64"""
2010,JUNE 2010,6,2010,South Float East - 90',South Float East,90,"",68,Q,16,24,9,merge,2010-06-16,2010-06-24,true,OSV AMBER REEF,"solid|fg=rgb=""FF008000"" |bg=indexed=""64"""
2010,JULY 2010,7,2010,North Pier West - 410',North Pier West,410,"",74,B,1,2,2,merge,2010-07-01,2010-07-02,true,R/V Blue Voyager,"solid|fg=theme=""3"" tint=""0.3999755851924192"" |bg=indexed=""64"""
2010,JULY 2010,7,2010,North Pier West - 410',North Pier West,410,"",74,J,9,11,3,merge,2010-07-09,2010-07-11,true,R/V Iron Ketch,"solid|fg=theme=""2"" tint=""-0.249977111117893"" |bg=indexed=""64"""
2010,JULY 2010,7,2010,North Pier West - 410',North Pier West,410,"",74,R,17,31,15,merge,2010-07-17,2010-07-31,true,M/V NORTHERN HARBOR,"solid|fg=rgb=""FFC00000"" |bg=indexed=""64"""
2010,JULY 2010,7,2010,North Pier Face - 75',North Pier Face,75,"",75,K,10,16,7,fill_run,2010-07-10,2010-07-16,true,Paving near dock entrance,"solid|fg=theme=""0"" tint=""-0.1499984740745262"" |bg=indexed=""64"""
2010,JULY 2010,7,2010,North Pier Face - 75',North Pier Face,75,"",75,R,17,17,1,single,2010-07-17,2010-07-17,true,R/V Quiet Anchor,"solid|fg=theme=""0"" tint=""-0.1499984740745262"" |bg=indexed=""64"""
2010,JULY 2010,7,2010,North Pier Face - 75',North Pier Face,75,"",75,S,18,21,4,fill_run,2010-07-18,2010-07-21,true,Student tour,"solid|fg=theme=""0"" tint=""-0.1499984740745262"" |bg=indexed=""64"""
2010,JULY 2010,7,2010,North Pier Face - 75',North Pier Face,75,"",75,W,22,22,1,single,2010-07-22,2010-07-22,true,S/V Iron Petrel,"solid|fg=rgb=""FFFF0000"" |bg=rgb=""FF000000"""
2010,JULY 2010,7,2010,North Pier Face - 75',North Pier Face,75,"",75,Z,25,25,1,single,2010-07-25,2010-07-25,true,S/V Iron Petrel,"solid|fg=rgb=""FFFF0000"" |bg=rgb=""FF000000"""
2010,JULY 2010,7,2010,North Pier Face - 75',North Pier Face,75,"",75,AD,29,30,2,merge,2010-07-29,2010-07-30,true,R/V CLEAR TERN,"solid|fg=theme=""0"" tint=""-0.1499984740745262"" |bg=indexed=""64"""
2010,JULY 2010,7,2010,North Pier East - 240',North Pier East,240,"",76,R,17,17,1,single,2010-07-17,2010-07-17,true,S/V Iron Petrel,"solid|fg=rgb=""FFFF0000"" |bg=rgb=""FF000000"""
2010,JULY 2010,7,2010,North Pier East - 240',North Pier East,240,"",76,T,19,19,1,single,2010-07-19,2010-07-19,true,S/V Iron Petrel,"solid|fg=rgb=""FFFF0000"" |bg=rgb=""FF000000"""
2010,JULY 2010,7,2010,North Pier East - 240',North Pier East,240,"",76,X,23,25,3,merge,2010-07-23,2010-07-25,true,M/V Green Anchor,"solid|fg=theme=""9"" |bg=indexed=""64"""
2010,JULY 2010,7,2010,North Pier East - 240',North Pier East,240,"",76,AB,27,30,4,merge,2010-07-27,2010-07-30,true,M/V Green Anchor,"solid|fg=theme=""9"" |bg=indexed=""64"""
2010,JULY 2010,7,2010,Inner Channel - 55',Inner Channel,55,"",77,C,2,2,1,single,2010-07-02,2010-07-02,true,R/V Golden Horizon,""
2010,JULY 2010,7,2010,South Float West - 90',South Float West,90,"",78,C,2,3,2,repeat,2010-07-02,2010-07-03,true,R/V Long Ketch,"solid|fg=rgb=""FF60497A"" |bg=rgb=""FF000000"""
2010,JULY 2010,7,2010,South Float West - 90',South Float West,90,"",78,H,7,7,1,single,2010-07-07,2010-07-07,true,R/V Long Ketch,"solid|fg=rgb=""FF60497A"" |bg=rgb=""FF000000"""
2010,JULY 2010,7,2010,South Float West - 90',South Float West,90,"",78,J,9,9,1,single,2010-07-09,2010-07-09,true,R/V Long Ketch,"solid|fg=rgb=""FF60497A"" |bg=rgb=""FF000000"""
2010,JULY 2010,7,2010,South Float West - 90',South Float West,90,"",78,R,17,18,2,merge,2010-07-17,2010-07-18,true,M/Y Deep Horizon,"solid|fg=theme=""8"" tint=""0.3999755851924192"" |bg=indexed=""64"""
2010,JULY 2010,7,2010,South Float West - 90',South Float West,90,"",78,V,21,24,4,repeat,2010-07-21,2010-07-24,true,R/V Long Ketch,"solid|fg=rgb=""FF60497A"" |bg=rgb=""FF000000"""
2010,JULY 2010,7,2010,South Float West - 90',South Float West,90,"",78,AC,28,28,1,single,2010-07-28,2010-07-28,true,R/V Long Ketch,"solid|fg=rgb=""FF60497A"" |bg=rgb=""FF000000"""
2010,JULY 2010,7,2010,South Float East - 90',South Float East,90,"",79,B,1,1,1,single,2010-07-01,2010-07-01,true,M/Y Wild Ketch,"solid|fg=theme=""8"" tint=""0.3999755851924192"" |bg=indexed=""64"""
2010,JULY 2010,7,2010,South Float East - 90',South Float East,90,"",79,F,5,10,6,merge,2010-07-05,2010-07-10,true,OSV AMBER REEF,"solid|fg=rgb=""FF008000"" |bg=rgb=""FF000000"""
2010,JULY 2010,7,2010,South Float East - 90',South Float East,90,"",79,P,15,15,1,single,2010-07-15,2010-07-15,true,Barge Blue Current,""
2010,JULY 2010,7,2010,South Float East - 90',South Float East,90,"",79,T,19,19,1,single,2010-07-19,2010-07-19,true,R/V Long Ketch,"solid|fg=rgb=""FF60497A"" |bg=rgb=""FF000000"""
2010,JULY 2010,7,2010,South Float East - 90',South Float East,90,"",79,U,20,21,2,merge,2010-07-20,2010-07-21,true,OSV Silver Tide,"solid|fg=rgb=""FFFFFF00"" |bg=indexed=""64"""
2010,JULY 2010,7,2010,South Float East - 90',South Float East,90,"",79,AC,28,29,2,merge,2010-07-28,2010-07-29,true,OSV Silver Tide,"solid|fg=rgb=""FFFFFF00"" |bg=indexed=""64"""
2010,JULY 2010,7,2010,South Float East - 90',South Float East,90,"",79,AE,30,31,2,merge,2010-07-30,2010-07-31,true,M/Y Long Meridian,"solid|fg=rgb=""FFFFFF00"" |bg=indexed=""64"""
2010,AUGUST 2010,8,2010,North Pier West - 410',North Pier West,410,"",85,B,1,2,2,fill_run,2010-08-01,2010-08-02,true,M/V NORTHERN HARBOR,"solid|fg=rgb=""FFC00000"" |bg=rgb=""FF000000"""
2010,AUGUST 2010,8,2010,North Pier West - 410',North Pier West,410,"",85,D,3,6,4,fill_run,2010-08-03,2010-08-06,true,M/Y Far Skua,"solid|fg=rgb=""FFC00000"" |bg=rgb=""FF000000"""
2010,AUGUST 2010,8,2010,North Pier West - 410',North Pier West,410,"",85,H,7,19,13,fill_run,2010-08-07,2010-08-19,true,M/V NORTHERN HARBOR,"solid|fg=rgb=""FFC00000"" |bg=rgb=""FF000000"""
2010,AUGUST 2010,8,2010,North Pier West - 410',North Pier West,410,"",85,Y,24,24,1,single,2010-08-24,2010-08-24,true,S/V Deep Dory,"solid|fg=rgb=""FFF79646"" |bg=rgb=""FF000000"""
2010,AUGUST 2010,8,2010,North Pier West - 410',North Pier West,410,"",85,AC,28,31,4,merge,2010-08-28,2010-08-31,true,M/V GREY COMPASS,"solid|fg=rgb=""FFF79646"" |bg=rgb=""FF000000"""
2010,AUGUST 2010,8,2010,North Pier Face - 75',North Pier Face,75,"",86,B,1,3,3,merge,2010-08-01,2010-08-03,true,R/V CLEAR TERN,"solid|fg=theme=""0"" tint=""-0.1499984740745262"" |bg=indexed=""64"""
2010,AUGUST 2010,8,2010,North Pier Face - 75',North Pier Face,75,"",86,I,8,10,3,merge,2010-08-08,2010-08-10,true,Barge SILVER VOYAGER,"solid|fg=theme=""8"" tint=""-0.249977111117893"" |bg=rgb=""FF000000"""
2010,AUGUST 2010,8,2010,North Pier Face - 75',North Pier Face,75,"",86,L,11,11,1,single,2010-08-11,2010-08-11,true,R/V LONG STAR,"solid|fg=rgb=""FFFFFF00"" |bg=indexed=""64"""
2010,AUGUST 2010,8,2010,North Pier Face - 75',North Pier Face,75,"",86,N,13,13,1,single,2010-08-13,2010-08-13,true,S/V Iron Petrel,"solid|fg=rgb=""FFFF0000"" |bg=rgb=""FF000000"""
2010,AUGUST 2010,8,2010,North Pier Face - 75',North Pier Face,75,"",86,P,15,15,1,single,2010-08-15,2010-08-15,true,S/V Iron Petrel,"solid|fg=rgb=""FFFF0000"" |bg=rgb=""FF000000"""
2010,AUGUST 2010,8,2010,North Pier East - 240',North Pier East,240,"",87,B,1,3,3,merge,2010-08-01,2010-08-03,true,M/V Green Anchor,"solid|fg=rgb=""FFF79646"" |bg=rgb=""FF000000"""
2010,AUGUST 2010,8,2010,North Pier East - 240',North Pier East,240,"",87,G,6,8,3,merge,2010-08-06,2010-08-08,true,R/V Quiet Heron,"solid|fg=theme=""4"" tint=""0.5999938962981048"" |bg=indexed=""64"""
2010,AUGUST 2010,8,2010,North Pier East - 240',North Pier East,240,"",87,J,9,11,3,merge,2010-08-09,2010-08-11,true,S/V Blue Beacon,"solid|fg=theme=""8"" tint=""0.5999938962981048"" |bg=indexed=""64"""
2010,AUGUST 2010,8,2010,North Pier East - 240',North Pier East,240,"",87,M,12,16,5,merge,2010-08-12,2010-08-16,true,S/V Deep Dory,"solid|fg=theme=""9"" tint=""-0.249977111117893"" |bg=indexed=""64"""
2010,AUGUST 2010,8,2010,North Pier East - 240',North Pier East,240,"",87,R,17,17,1,single,2010-08-17,2010-08-17,true,S/V Iron Petrel,"solid|fg=rgb=""FFFF0000"" |bg=rgb=""FF000000"""
2010,AUGUST 2010,8,2010,North Pier East - 240',North Pier East,240,"",87,S,18,23,6,merge,2010-08-18,2010-08-23,true,Departure 0800,"solid|fg=theme=""9"" tint=""-0.249977111117893"" |bg=indexed=""64"""
2010,AUGUST 2010,8,2010,North Pier East - 240',North Pier East,240,"",87,Z,25,31,7,merge,2010-08-25,2010-08-31,true,M/Y BLUE TIDE,"solid|fg=theme=""8"" tint=""-0.249977111117893"" |bg=indexed=""64"""
2010,AUGUST 2010,8,2010,Inner Channel - 55',Inner Channel,55,"",88,B,1,1,1,single,2010-08-01,2010-08-01,true,R/V Golden Horizon,""
2010,AUGUST 2010,8,2010,Inner Channel - 55',Inner Channel,55,"",88,L,11,11,1,single,2010-08-11,2010-08-11,true,R/V GREEN HARBOR,"solid|fg=rgb=""FFFFFF00"" |bg=indexed=""64"""
2010,AUGUST 2010,8,2010,South Float West - 90',South Float West,90,"",89,B,1,1,1,single,2010-08-01,2010-08-01,true,M/Y Long Meridian,"solid|fg=rgb=""FFFFFF00"" |bg=indexed=""64"""
2010,AUGUST 2010,8,2010,South Float West - 90',South Float West,90,"",89,C,2,2,1,single,2010-08-02,2010-08-02,true,R/V Long Ketch,"solid|fg=rgb=""FF60497A"" |bg=rgb=""FF000000"""
2010,AUGUST 2010,8,2010,South Float West - 90',South Float West,90,"",89,H,7,7,1,single,2010-08-07,2010-08-07,true,R/V Long Ketch,"solid|fg=rgb=""FF60497A"" |bg=rgb=""FF000000"""
2010,AUGUST 2010,8,2010,South Float West - 90',South Float West,90,"",89,J,9,10,2,merge,2010-08-09,2010-08-10,true,S/V Blue Beacon,"solid|fg=theme=""8"" tint=""0.5999938962981048"" |bg=indexed=""64"""
2010,AUGUST 2010,8,2010,South Float West - 90',South Float West,90,"",89,L,11,11,1,single,2010-08-11,2010-08-11,true,Student tour,"solid|fg=rgb=""FFFFFF00"" |bg=indexed=""64"""
2010,AUGUST 2010,8,2010,South Float West - 90',South Float West,90,"",89,N,13,13,1,single,2010-08-13,2010-08-13,true,M/Y Iron Voyager,"solid|fg=rgb=""FFCCFFCC"" |bg=indexed=""64"""
2010,AUGUST 2010,8,2010,South Float West - 90',South Float West,90,"",89,O,14,14,1,single,2010-08-14,2010-08-14,true,R/V Long Ketch,"solid|fg=rgb=""FF60497A"" |bg=rgb=""FF000000"""
2010,AUGUST 2010,8,2010,South Float West - 90',South Float West,90,"",89,P,15,19,5,merge,2010-08-15,2010-08-19,true,M/Y Western Beacon,"solid|fg=theme=""6"" |bg=indexed=""64"""
2010,AUGUST 2010,8,2010,South Float West - 90',South Float West,90,"",89,U,20,20,1,single,2010-08-20,2010-08-20,true,R/V Long Ketch,"solid|fg=rgb=""FF60497A"" |bg=rgb=""FF000000"""
2010,AUGUST 2010,8,2010,South Float West - 90',South Float West,90,"",89,X,23,24,2,merge,2010-08-23,2010-08-24,true,M/V Blue Gannet,"solid|fg=theme=""5"" tint=""0.7999816888943144"" |bg=indexed=""64"""
2010,AUGUST 2010,8,2010,South Float West - 90',South Float West,90,"",89,Z,25,29,5,merge,2010-08-25,2010-08-29,true,R/V Quiet Heron,"solid|fg=theme=""2"" tint=""-0.249977111117893"" |bg=indexed=""64"""
2010,AUGUST 2010,8,2010,South Float West - 90',South Float West,90,"",89,AF,31,31,1,single,2010-08-31,2010-08-31,true,M/Y Salt Sound,"solid|fg=rgb=""FFFFFF00"" |bg=indexed=""64"""
2010,AUGUST 2010,8,2010,South Float East - 90',South Float East,90,"",90,B,1,1,1,single,2010-08-01,2010-08-01,true,S/V CORAL COVE,"solid|fg=theme=""5"" tint=""0.5999938962981048"" |bg=indexed=""64"""
2010,AUGUST 2010,8,2010,South Float East - 90',South Float East,90,"",90,C,2,5,4,merge,2010-08-02,2010-08-05,true,M/Y Long Meridian,"solid|fg=rgb=""FFFFFF00"" |bg=indexed=""64"""
2010,AUGUST 2010,8,2010,South Float East - 90',South Float East,90,"",90,G,6,8,3,merge,2010-08-06,2010-08-08,true,OSV Far Wind,"solid|fg=theme=""8"" tint=""0.5999938962981048"" |bg=indexed=""64"""
2010,AUGUST 2010,8,2010,South Float East - 90',South Float East,90,"",90,J,9,15,7,merge,2010-08-09,2010-08-15,true,OSV AMBER REEF,"solid|fg=rgb=""FF008000"" |bg=rgb=""FF000000"""
2010,AUGUST 2010,8,2010,South Float East - 90',South Float East,90,"",90,S,18,31,14,merge,2010-08-18,2010-08-31,true,OSV AMBER REEF,"solid|fg=rgb=""FF008000"" |bg=rgb=""FF000000"""
2010,SEPTEMBER 2010,9,2010,North Pier West - 410',North Pier West,410,"",97,C,2,8,7,merge,2010-09-02,2010-09-08,true,M/V NORTHERN HARBOR,"solid|fg=rgb=""FFC00000"" |bg=indexed=""64"""
2010,SEPTEMBER 2010,9,2010,North Pier West - 410',North Pier West,410,"",97,V,21,30,10,merge,2010-09-21,2010-09-30,true,M/Y BLUE TIDE,"solid|fg=theme=""8"" tint=""-0.249977111117893"" |bg=indexed=""64"""
2010,SEPTEMBER 2010,9,2010,North Pier Face - 75',North Pier Face,75,"",98,C,2,16,15,fill_run,2010-09-02,2010-09-16,true,F/V Silver Strand,"solid|fg=theme=""0"" tint=""-0.1499984740745262"" |bg=indexed=""64"""
2010,SEPTEMBER 2010,9,2010,North Pier East - 240',North Pier East,240,"",99,I,8,10,3,merge,2010-09-08,2010-09-10,true,M/Y BLUE TIDE,"solid|fg=rgb=""FF31869B"" |bg=rgb=""FF000000"""
2010,SEPTEMBER 2010,9,2010,North Pier East - 240',North Pier East,240,"",99,U,20,20,1,single,2010-09-20,2010-09-20,true,S/V Iron Petrel,"solid|fg=rgb=""FFFF0000"" |bg=rgb=""FF000000"""
2010,SEPTEMBER 2010,9,2010,North Pier East - 240',North Pier East,240,"",99,AA,26,26,1,single,2010-09-26,2010-09-26,true,Ultrasonic pier test,"solid|fg=theme=""6"" tint=""0.5999938962981048"" |bg=indexed=""64"""
2010,SEPTEMBER 2010,9,2010,Inner Channel - 55',Inner Channel,55,"",100,F,5,5,1,single,2010-09-05,2010-09-05,true,R/V Golden Horizon,""
2010,SEPTEMBER 2010,9,2010,Inner Channel - 55',Inner Channel,55,"",100,S,18,26,9,merge,2010-09-18,2010-09-26,true,Science stroll,"solid|fg=rgb=""FFFFFF00"" |bg=indexed=""64"""
2010,SEPTEMBER 2010,9,2010,Inner Channel - 55',Inner Channel,55,"",100,AB,27,27,1,single,2010-09-27,2010-09-27,true,Tug Amber Strand,"solid|fg=theme=""6"" tint=""0.5999938962981048"" |bg=indexed=""64"""
2010,SEPTEMBER 2010,9,2010,South Float West - 90',South Float West,90,"",101,C,2,2,1,single,2010-09-02,2010-09-02,true,M/Y Salt Sound,"solid|fg=rgb=""FFFFFF00"" |bg=indexed=""64"""
2010,SEPTEMBER 2010,9,2010,South Float West - 90',South Float West,90,"",101,F,5,6,2,merge,2010-09-05,2010-09-06,true,R/V Bright Strand,"solid|fg=theme=""7"" tint=""0.3999755851924192"" |bg=indexed=""64"""
2010,SEPTEMBER 2010,9,2010,South Float West - 90',South Float West,90,"",101,H,7,8,2,repeat,2010-09-07,2010-09-08,true,R/V Long Ketch,"solid|fg=rgb=""FF60497A"" |bg=rgb=""FF000000"""
2010,SEPTEMBER 2010,9,2010,South Float West - 90',South Float West,90,"",101,J,9,19,11,merge,2010-09-09,2010-09-19,true,R/V Bright Strand,"solid|fg=theme=""7"" tint=""0.3999755851924192"" |bg=indexed=""64"""
2010,SEPTEMBER 2010,9,2010,South Float West - 90',South Float West,90,"",101,V,21,23,3,merge,2010-09-21,2010-09-23,true,R/V Long Ketch,"solid|fg=rgb=""FF60497A"" |bg=rgb=""FF000000"""
2010,SEPTEMBER 2010,9,2010,South Float West - 90',South Float West,90,"",101,Z,25,26,2,merge,2010-09-25,2010-09-26,true,R/V Long Ketch,"solid|fg=rgb=""FF60497A"" |bg=rgb=""FF000000"""
2010,SEPTEMBER 2010,9,2010,South Float West - 90',South Float West,90,"",101,AC,28,29,2,merge,2010-09-28,2010-09-29,true,R/V Long Ketch,"solid|fg=rgb=""FF60497A"" |bg=rgb=""FF000000"""
2010,SEPTEMBER 2010,9,2010,South Float East - 90',South Float East,90,"",102,B,1,2,2,merge,2010-09-01,2010-09-02,true,OSV AMBER REEF,"solid|fg=rgb=""FF008000"" |bg=indexed=""64"""
2010,SEPTEMBER 2010,9,2010,South Float East - 90',South Float East,90,"",102,D,3,30,28,merge,2010-09-03,2010-09-30,true,R/V Iron Osprey,"solid|fg=theme=""8"" tint=""0.5999938962981048"" |bg=indexed=""64"""
2010,OCTOBER 2010,10,2010,North Pier West - 410',North Pier West,410,"",108,B,1,13,13,merge,2010-10-01,2010-10-13,true,M/Y BLUE TIDE,"solid|fg=rgb=""FF31869B"" |bg=rgb=""FF000000"""
2010,OCTOBER 2010,10,2010,North Pier West - 410',North Pier West,410,"",108,P,15,20,6,fill_run,2010-10-15,2010-10-20,true,R/V GOLDEN COMPASS,"solid|fg=rgb=""FF4F81BD"" |bg=indexed=""64"""
2010,OCTOBER 2010,10,2010,North Pier West - 410',North Pier West,410,"",108,X,23,24,2,merge,2010-10-23,2010-10-24,true,R/V GOLDEN COMPASS,"solid|fg=theme=""3"" tint=""0.3999755851924192"" |bg=indexed=""64"""
2010,OCTOBER 2010,10,2010,North Pier West - 410',North Pier West,410,"",108,AB,27,28,2,merge,2010-10-27,2010-10-28,true,R/V GOLDEN COMPASS,"solid|fg=theme=""3"" tint=""0.3999755851924192"" |bg=indexed=""64"""
2010,OCTOBER 2010,10,2010,North Pier West - 410',North Pier West,410,"",108,AF,31,31,1,single,2010-10-31,2010-10-31,true,R/V GOLDEN COMPASS,"solid|fg=rgb=""FF4F81BD"" |bg=rgb=""FF000000"""
2010,OCTOBER 2010,10,2010,North Pier Face - 75',North Pier Face,75,"",109,AB,27,31,5,fill_run,2010-10-27,2010-10-31,true,Arrival 1400,"solid|fg=theme=""0"" tint=""-0.1499984740745262"" |bg=indexed=""64"""
2010,OCTOBER 2010,10,2010,North Pier East - 240',North Pier East,240,"",110,F,5,6,2,merge,2010-10-05,2010-10-06,true,Dock maintenance - restricted access,"solid|fg=theme=""6"" tint=""0.5999938962981048"" |bg=indexed=""64"""
2010,OCTOBER 2010,10,2010,North Pier East - 240',North Pier East,240,"",110,U,20,20,1,single,2010-10-20,2010-10-20,true,F/V SALT FATHOM,"solid|fg=rgb=""FFFFFF00"" |bg=indexed=""64"""
2010,OCTOBER 2010,10,2010,North Pier East - 240',North Pier East,240,"",110,V,21,24,4,fill_run,2010-10-21,2010-10-24,true,Delayed due to weather,"solid|fg=rgb=""FFFFFF00"" |bg=indexed=""64"""
2010,OCTOBER 2010,10,2010,Inner Channel - 55',Inner Channel,55,"",111,F,5,6,2,merge,2010-10-05,2010-10-06,true,Tug Amber Strand,"solid|fg=theme=""6"" tint=""0.5999938962981048"" |bg=indexed=""64"""
2010,OCTOBER 2010,10,2010,Inner Channel - 55',Inner Channel,55,"",111,O,14,16,3,merge,2010-10-14,2010-10-16,true,R/V Long Ketch,"solid|fg=theme=""7"" tint=""-0.249977111117893"" |bg=indexed=""64"""
2010,OCTOBER 2010,10,2010,South Float West - 90',South Float West,90,"",112,F,5,18,14,merge,2010-10-05,2010-10-18,true,Tug Amber Kestrel,"solid|fg=theme=""8"" tint=""0.5999938962981048"" |bg=indexed=""64"""
2010,OCTOBER 2010,10,2010,South Float West - 90',South Float West,90,"",112,T,19,20,2,merge,2010-10-19,2010-10-20,true,R/V Long Ketch,"solid|fg=rgb=""FF60497A"" |bg=rgb=""FF000000"""
2010,OCTOBER 2010,10,2010,South Float West - 90',South Float West,90,"",112,W,22,23,2,merge,2010-10-22,2010-10-23,true,R/V Long Ketch,"solid|fg=rgb=""FF60497A"" |bg=rgb=""FF000000"""
2010,OCTOBER 2010,10,2010,South Float East - 90',South Float East,90,"",113,D,3,4,2,merge,2010-10-03,2010-10-04,true,R/V Bright Strand,"solid|fg=theme=""7"" tint=""0.3999755851924192"" |bg=indexed=""64"""
2010,OCTOBER 2010,10,2010,South Float East - 90',South Float East,90,"",113,I,8,15,8,merge,2010-10-08,2010-10-15,true,OSV AMBER REEF,"solid|fg=rgb=""FF008000"" |bg=indexed=""64"""
2010,NOVEMBER 2018,11,2018,North Pier West - 410',North Pier West,410,"",119,K,9,12,4,merge,2018-11-09,2018-11-12,true,R/V GOLDEN COMPASS,"solid|fg=theme=""4"" |bg=indexed=""64"""
2010,NOVEMBER 2018,11,2018,North Pier West - 410',North Pier West,410,"",119,P,14,15,2,merge,2018-11-14,2018-11-15,true,R/V GOLDEN COMPASS,"solid|fg=theme=""4"" |bg=indexed=""64"""
2010,NOVEMBER 2018,11,2018,North Pier West - 410',North Pier West,410,"",119,S,17,17,1,single,2018-11-17,2018-11-17,true,Barge SILVER VOYAGER,"solid|fg=rgb=""FF31869B"" |bg=rgb=""FF000000"""
2010,NOVEMBER 2018,11,2018,North Pier West - 410',North Pier West,410,"",119,U,19,20,2,merge,2018-11-19,2018-11-20,true,Barge SILVER VOYAGER,"solid|fg=rgb=""FF31869B"" |bg=rgb=""FF000000"""
2010,NOVEMBER 2018,11,2018,North Pier West - 410',North Pier West,410,"",119,AD,28,30,3,merge,2018-11-28,2018-11-30,true,R/V GOLDEN COMPASS,"solid|fg=theme=""4"" |bg=indexed=""64"""
2010,NOVEMBER 2018,11,2018,North Pier Face - 75',North Pier Face,75,"",120,N,12,13,2,fill_run,2018-11-12,2018-11-13,true,Bunker barge,"solid|fg=theme=""0"" tint=""-0.1499984740745262"" |bg=indexed=""64"""
2010,NOVEMBER 2018,11,2018,North Pier Face - 75',North Pier Face,75,"",120,P,14,22,9,fill_run,2018-11-14,2018-11-22,true,Departs 0600,"solid|fg=theme=""0"" tint=""-0.1499984740745262"" |bg=indexed=""64"""
2010,NOVEMBER 2018,11,2018,North Pier Face - 75',North Pier Face,75,"",120,Y,23,23,1,single,2018-11-23,2018-11-23,true,Barge SILVER VOYAGER,"solid|fg=rgb=""FF31869B"" |bg=rgb=""FF000000"""
2010,NOVEMBER 2018,11,2018,North Pier Face - 75',North Pier Face,75,"",120,AB,26,28,3,fill_run,2018-11-26,2018-11-28,true,F/V SALT FATHOM,"solid|fg=theme=""0"" tint=""-0.1499984740745262"" |bg=indexed=""64"""
2010,NOVEMBER 2018,11,2018,North Pier East - 240',North Pier East,240,"",121,B,0,0,1,single,"","",false,R/V Golden Horizon,""
2010,NOVEMBER 2018,11,2018,North Pier East - 240',North Pier East,240,"",121,AA,25,29,5,merge,2018-11-25,2018-11-29,true,M/V Iron Star,"solid|fg=theme=""6"" tint=""0.3999755851924192"" |bg=indexed=""64"""
2010,NOVEMBER 2018,11,2018,North Pier East - 240',North Pier East,240,"",121,AF,30,30,1,single,2018-11-30,2018-11-30,true,Barge SILVER VOYAGER,"solid|fg=rgb=""FF31869B"" |bg=rgb=""FF000000"""
2010,NOVEMBER 2018,11,2018,Inner Channel - 55',Inner Channel,55,"",122,J,8,8,1,single,2018-11-08,2018-11-08,true,ETD PM,""
2010,NOVEMBER 2018,11,2018,Inner Channel - 55',Inner Channel,55,"",122,AB,26,26,1,single,2018-11-26,2018-11-26,true,Arrival 1400,""
2010,NOVEMBER 2018,11,2018,South Float West - 90',South Float West,90,"",123,F,4,4,1,single,2018-11-04,2018-11-04,true,R/V Long Ketch,"solid|fg=rgb=""FF60497A"" |bg=rgb=""FF000000"""
2010,DECEMBER 2018,12,2018,North Pier West - 410',North Pier West,410,"",130,AC,28,31,4,fill_run,2018-12-28,2018-12-31,true,R/V GOLDEN COMPASS,"solid|fg=theme=""4"" |bg=rgb=""FF000000"""
2010,DECEMBER 2018,12,2018,North Pier Face - 75',North Pier Face,75,"",131,B,1,1,1,single,2018-12-01,2018-12-01,true,F/V SALT FATHOM,""
2010,DECEMBER 2018,12,2018,North Pier Face - 75',North Pier Face,75,"",131,F,5,5,1,single,2018-12-05,2018-12-05,true,Barge SILVER VOYAGER,"solid|fg=rgb=""FF31869B"" |bg=rgb=""FF000000"""
2010,DECEMBER 2018,12,2018,North Pier Face - 75',North Pier Face,75,"",131,R,17,17,1,single,2018-12-17,2018-12-17,true,M/V Western Ketch,"solid|fg=rgb=""FFFFFF00"" |bg=indexed=""64"""
2010,DECEMBER 2018,12,2018,North Pier East - 240',North Pier East,240,"",132,B,1,1,1,single,2018-12-01,2018-12-01,true,R/V Golden Horizon,""
2011,JANUARY 2011,1,2011,North Pier West - 410',North Pier West,410,"",8,B,-3,31,35,merge,"",2011-01-31,false,R/V GOLDEN COMPASS,"solid|fg=theme=""4"" |bg=indexed=""64"""
2011,FEBRUARY 2011,2,2011,North Pier West - 410',North Pier West,410,"",19,B,0,7,8,merge,"",2011-02-07,false,R/V GOLDEN COMPASS,"solid|fg=theme=""4"" |bg=indexed=""64"""
2011,FEBRUARY 2011,2,2011,North Pier East - 240',North Pier East,240,"",21,D,2,3,2,merge,2011-02-02,2011-02-03,true,M/V GREY COMPASS,"solid|fg=theme=""9"" |bg=indexed=""64"""
2011,FEBRUARY 2011,2,2011,North Pier East - 240',North Pier East,240,"",21,F,4,4,1,single,2011-02-04,2011-02-04,true,Barge Blue Petrel,"solid|fg=rgb=""FFFFFF00"" |bg=indexed=""64"""
2011,FEBRUARY 2011,2,2011,North Pier East - 240',North Pier East,240,"",21,AC,27,27,1,single,2011-02-27,2011-02-27,true,M/V GREY COMPASS,"solid|fg=theme=""9"" |bg=indexed=""64"""
2011,MARCH 2011,3,2011,North Pier West - 410',North Pier West,410,"",30,B,0,7,8,merge,"",2011-03-07,false,R/V GOLDEN COMPASS,"solid|fg=theme=""4"" |bg=indexed=""64"""
2011,MARCH 2011,3,2011,North Pier West - 410',North Pier West,410,"",30,V,20,22,3,fill_run,2011-03-20,2011-03-22,true,R/V GOLDEN COMPASS,"solid|fg=theme=""4"" |bg=indexed=""64"""
2011,MARCH 2011,3,2011,North Pier Face - 75',North Pier Face,75,"",31,AB,26,29,4,fill_run,2011-03-26,2011-03-29,true,R/V Quiet Star,"solid|fg=theme=""0"" tint=""-0.1499984740745262"" |bg=indexed=""64"""
2011,MARCH 2011,3,2011,North Pier East - 240',North Pier East,240,"",32,D,2,2,1,single,2011-03-02,2011-03-02,true,M/V GREY COMPASS,"solid|fg=theme=""9"" |bg=indexed=""64"""
2011,MARCH 2011,3,2011,North Pier East - 240',North Pier East,240,"",32,Y,23,23,1,single,2011-03-23,2011-03-23,true,Barge Silver Voyager,""
2011,APRIL 2011,4,2011,North Pier West - 410',North Pier West,410,"",41,B,0,4,5,merge,"",2011-04-04,false,R/V GOLDEN COMPASS,"solid|fg=theme=""3"" tint=""0.3999755851924192"" |bg=rgb=""FF000000"""
2011,APRIL 2011,4,2011,North Pier West - 410',North Pier West,410,"",41,N,12,14,3,merge,2011-04-12,2011-04-14,true,R/V GOLDEN COMPASS,"solid|fg=rgb=""FF4F81BD"" |bg=indexed=""64"""
2011,APRIL 2011,4,2011,North Pier West - 410',North Pier West,410,"",41,U,19,22,4,merge,2011-04-19,2011-04-22,true,Barge High Voyager,"solid|fg=theme=""7"" tint=""0.5999938962981048"" |bg=rgb=""FF000000"""
2011,APRIL 2011,4,2011,North Pier West - 410',North Pier West,410,"",41,Z,24,29,6,merge,2011-04-24,2011-04-29,true,R/V GOLDEN COMPASS,"solid|fg=rgb=""FF4F81BD"" |bg=rgb=""FF000000"""
2011,APRIL 2011,4,2011,North Pier East - 240',North Pier East,240,"",43,M,11,18,8,merge,2011-04-11,2011-04-18,true,Tug Wild Gannet,"solid|fg=theme=""8"" tint=""-0.249977111117893"" |bg=indexed=""64"""
2011,APRIL 2011,4,2011,Inner Channel - 55',Inner Channel,55,"",44,J,8,8,1,single,2011-04-08,2011-04-08,true,M/V Green Tern,""
2011,APRIL 2011,4,2011,South Float West - 90',South Float West,90,"",45,T,18,19,2,repeat,2011-04-18,2011-04-19,true,R/V Long Ketch,"solid|fg=rgb=""FF60497A"" |bg=rgb=""FF000000"""
2011,APRIL 2011,4,2011,South Float West - 90',South Float West,90,"",45,W,21,23,3,repeat,2011-04-21,2011-04-23,true,R/V Long Ketch,"solid|fg=rgb=""FF60497A"" |bg=rgb=""FF000000"""
2011,APRIL 2011,4,2011,South Float West - 90',South Float West,90,"",45,AA,25,26,2,repeat,2011-04-25,2011-04-26,true,R/V Long Ketch,"solid|fg=rgb=""FF60497A"" |bg=rgb=""FF000000"""
2011,MAY 2011,5,2011,North Pier West - 410',North Pier West,410,"",52,O,13,15,3,merge,2011-05-13,2011-05-15,true,R/V Northern Meridian,"solid|fg=theme=""2"" tint=""-0.249977111117893"" |bg=indexed=""64"""
2011,MAY 2011,5,2011,North Pier West - 410',North Pier West,410,"",52,T,18,18,1,single,2011-05-18,2011-05-18,true,M/V GREY COMPASS,"solid|fg=theme=""9"" |bg=indexed=""64"""
2011,MAY 2011,5,2011,North Pier West - 410',North Pier West,410,"",52,V,20,21,2,merge,2011-05-20,2011-05-21,true,M/V GREY COMPASS,"solid|fg=theme=""9"" |bg=indexed=""64"""
2011,MAY 2011,5,2011,North Pier West - 410',North Pier West,410,"",52,AD,28,31,4,merge,2011-05-28,2011-05-31,true,R/V Northern Meridian,"solid|fg=theme=""2"" tint=""-0.249977111117893"" |bg=indexed=""64"""
2011,MAY 2011,5,2011,North Pier East - 240',North Pier East,240,"",54,Y,23,28,6,merge,2011-05-23,2011-05-28,true,M/Y Bright Marlin,"solid|fg=theme=""6"" tint=""0.5999938962981048"" |bg=indexed=""64"""
2011,MAY 2011,5,2011,Inner Channel - 55',Inner Channel,55,"",55,B,0,0,1,single,"","",false,R/V Golden Horizon,""
2011,MAY 2011,5,2011,South Float West - 90',South Float West,90,"",56,D,2,4,3,repeat,2011-05-02,2011-05-04,true,R/V Long Ketch,"solid|fg=rgb=""FF60497A"" |bg=rgb=""FF000000"""
2011,MAY 2011,5,2011,South Float West - 90',South Float West,90,"",56,K,9,10,2,merge,2011-05-09,2011-05-10,true,R/V Long Ketch,"solid|fg=rgb=""FF60497A"" |bg=rgb=""FF000000"""
2011,MAY 2011,5,2011,South Float West - 90',South Float West,90,"",56,O,13,15,3,repeat,2011-05-13,2011-05-15,true,R/V Long Ketch,"solid|fg=rgb=""FF60497A"" |bg=rgb=""FF000000"""
2011,MAY 2011,5,2011,South Float West - 90',South Float West,90,"",56,S,17,17,1,single,2011-05-17,2011-05-17,true,R/V Long Ketch,"solid|fg=rgb=""FF60497A"" |bg=rgb=""FF000000"""
2011,MAY 2011,5,2011,South Float West - 90',South Float West,90,"",56,V,20,20,1,single,2011-05-20,2011-05-20,true,R/V Long Ketch,"solid|fg=rgb=""FF60497A"" |bg=rgb=""FF000000"""
2011,MAY 2011,5,2011,South Float West - 90',South Float West,90,"",56,X,22,22,1,single,2011-05-22,2011-05-22,true,R/V Long Ketch,"solid|fg=rgb=""FF60497A"" |bg=rgb=""FF000000"""
2011,MAY 2011,5,2011,South Float West - 90',South Float West,90,"",56,AG,31,31,1,single,2011-05-31,2011-05-31,true,M/Y Silver Sextant,""
2011,MAY 2011,5,2011,South Float East - 90',South Float East,90,"",57,J,8,8,1,single,2011-05-08,2011-05-08,true,Tug Bright Anchor,"solid|fg=theme=""2"" tint=""-0.249977111117893"" |bg=indexed=""64"""
2011,MAY 2011,5,2011,South Float East - 90',South Float East,90,"",57,U,19,28,10,merge,2011-05-19,2011-05-28,true,OSV AMBER REEF,"solid|fg=rgb=""FF008000"" |bg=indexed=""64"""
2011,JUNE 2011,6,2011,North Pier West - 410',North Pier West,410,"",63,G,5,26,22,merge,2011-06-05,2011-06-26,true,R/V Wild Ledge,"solid|fg=theme=""3"" tint=""-0.249977111117893"" |bg=indexed=""64"""
2011,JUNE 2011,6,2011,North Pier Face - 75',North Pier Face,75,"",64,AE,29,30,2,repeat,2011-06-29,2011-06-30,true,M/V DEEP SOUND,"solid|fg=theme=""0"" tint=""-0.1499984740745262"" |bg=indexed=""64"""
2011,JUNE 2011,6,2011,North Pier East - 240',North Pier East,240,"",65,B,0,0,1,single,"","",false,M/V GREY COMPASS,""
2011,JUNE 2011,6,2011,North Pier East - 240',North Pier East,240,"",65,J,8,8,1,single,2011-06-08,2011-06-08,true,F/V SILVER DRIFT,"solid|fg=theme=""9"" |bg=indexed=""64"""
2011,JUNE 2011,6,2011,North Pier East - 240',North Pier East,240,"",65,K,9,9,1,single,2011-06-09,2011-06-09,true,M/Y Salt Horizon,""
2011,JUNE 2011,6,2011,North Pier East - 240',North Pier East,240,"",65,L,10,10,1,single,2011-06-10,2011-06-10,true,F/V SALT FATHOM,"solid|fg=rgb=""FFFF0000"" |bg=indexed=""64"""
2011,JUNE 2011,6,2011,North Pier East - 240',North Pier East,240,"",65,M,11,11,1,single,2011-06-11,2011-06-11,true,F/V SILVER DRIFT,"solid|fg=theme=""9"" |bg=indexed=""64"""
2011,JUNE 2011,6,2011,North Pier East - 240',North Pier East,240,"",65,R,16,16,1,single,2011-06-16,2011-06-16,true,R/V Coral Sound,"solid|fg=theme=""9"" |bg=indexed=""64"""
2011,JUNE 2011,6,2011,North Pier East - 240',North Pier East,240,"",65,S,17,17,1,single,2011-06-17,2011-06-17,true,F/V SALT FATHOM,"solid|fg=rgb=""FFFF0000"" |bg=indexed=""64"""
2011,JUNE 2011,6,2011,North Pier East - 240',North Pier East,240,"",65,U,19,19,1,single,2011-06-19,2011-06-19,true,M/V GREY COMPASS,"solid|fg=theme=""9"" |bg=indexed=""64"""
2011,JUNE 2011,6,2011,North Pier East - 240',North Pier East,240,"",65,V,20,22,3,merge,2011-06-20,2011-06-22,true,F/V SILVER DRIFT,"solid|fg=theme=""9"" |bg=indexed=""64"""
2011,JUNE 2011,6,2011,North Pier East - 240',North Pier East,240,"",65,AC,27,29,3,merge,2011-06-27,2011-06-29,true,M/V Bright Skua,"solid|fg=theme=""9"" tint=""0.3999755851924192"" |bg=indexed=""64"""
2011,JUNE 2011,6,2011,Inner Channel - 55',Inner Channel,55,"",66,B,0,0,1,single,"","",false,R/V Golden Horizon,""
2011,JUNE 2011,6,2011,Inner Channel - 55',Inner Channel,55,"",66,AA,25,27,3,merge,2011-06-25,2011-06-27,true,R/V Northern Lantern,"solid|fg=rgb=""FFFFFF00"" |bg=indexed=""64"""
2011,JUNE 2011,6,2011,South Float West - 90',South Float West,90,"",67,F,4,4,1,single,2011-06-04,2011-06-04,true,Barge SILVER BEACON,"solid|fg=theme=""2"" tint=""-0.249977111117893"" |bg=indexed=""64"""
2011,JUNE 2011,6,2011,South Float West - 90',South Float West,90,"",67,G,5,6,2,repeat,2011-06-05,2011-06-06,true,R/V Long Ketch,"solid|fg=rgb=""FF60497A"" |bg=rgb=""FF000000"""
2011,JUNE 2011,6,2011,South Float West - 90',South Float West,90,"",67,L,10,11,2,repeat,2011-06-10,2011-06-11,true,R/V Long Ketch,"solid|fg=rgb=""FF60497A"" |bg=rgb=""FF000000"""
2011,JUNE 2011,6,2011,South Float West - 90',South Float West,90,"",67,T,18,18,1,single,2011-06-18,2011-06-18,true,R/V Long Ketch,"solid|fg=rgb=""FF60497A"" |bg=rgb=""FF000000"""
2011,JUNE 2011,6,2011,South Float West - 90',South Float West,90,"",67,X,22,22,1,single,2011-06-22,2011-06-22,true,R/V Long Ketch,"solid|fg=rgb=""FF60497A"" |bg=rgb=""FF000000"""
2011,JUNE 2011,6,2011,South Float West - 90',South Float West,90,"",67,AA,25,25,1,single,2011-06-25,2011-06-25,true,R/V Long Ketch,"solid|fg=rgb=""FF60497A"" |bg=rgb=""FF000000"""
2011,JUNE 2011,6,2011,South Float West - 90',South Float West,90,"",67,AC,27,28,2,repeat,2011-06-27,2011-06-28,true,R/V Long Ketch,"solid|fg=rgb=""FF60497A"" |bg=rgb=""FF000000"""
2011,JUNE 2011,6,2011,South Float East - 90',South Float East,90,"",68,J,8,14,7,fill_run,2011-06-08,2011-06-14,true,OSV AMBER REEF,"solid|fg=rgb=""FF008000"" |bg=rgb=""FF000000"""
2011,JULY 2011,7,2011,North Pier West - 410',North Pier West,410,"",74,C,1,5,5,merge,2011-07-01,2011-07-05,true,R/V Wild Ledge,"solid|fg=theme=""3"" tint=""-0.249977111117893"" |bg=indexed=""64"""
2011,JULY 2011,7,2011,North Pier West - 410',North Pier West,410,"",74,N,12,12,1,single,2011-07-12,2011-07-12,true,F/V SALT FATHOM,"solid|fg=rgb=""FFFF0000"" |bg=rgb=""FF000000"""
2011,JULY 2011,7,2011,North Pier West - 410',North Pier West,410,"",74,O,13,14,2,merge,2011-07-13,2011-07-14,true,Emergency port call,"solid|fg=theme=""8"" tint=""0.5999938962981048"" |bg=indexed=""64"""
2011,JULY 2011,7,2011,North Pier West - 410',North Pier West,410,"",74,U,19,31,13,merge,2011-07-19,2011-07-31,true,R/V Wild Ledge,"solid|fg=theme=""3"" tint=""-0.249977111117893"" |bg=indexed=""64"""
2011,JULY 2011,7,2011,North Pier Face - 75',North Pier Face,75,"",75,S,17,18,2,merge,2011-07-17,2011-07-18,true,Rescue drill,"solid|fg=rgb=""FFFFFF00"" |bg=indexed=""64"""
2011,JULY 2011,7,2011,North Pier East - 240',North Pier East,240,"",76,J,8,8,1,single,2011-07-08,2011-07-08,true,F/V SALT FATHOM,"solid|fg=rgb=""FFFF0000"" |bg=rgb=""FF000000"""
2011,JULY 2011,7,2011,North Pier East - 240',North Pier East,240,"",76,K,9,9,1,single,2011-07-09,2011-07-09,true,M/Y Salt Horizon,""
2011,JULY 2011,7,2011,North Pier East - 240',North Pier East,240,"",76,L,10,10,1,single,2011-07-10,2011-07-10,true,M/V GREY COMPASS,"solid|fg=theme=""9"" |bg=indexed=""64"""
2011,JULY 2011,7,2011,North Pier East - 240',North Pier East,240,"",76,M,11,11,1,single,2011-07-11,2011-07-11,true,S/V Western Compass,""
2011,JULY 2011,7,2011,North Pier East - 240',North Pier East,240,"",76,N,12,12,1,single,2011-07-12,2011-07-12,true,M/V GREY COMPASS,"solid|fg=theme=""9"" |bg=indexed=""64"""
2011,JULY 2011,7,2011,North Pier East - 240',North Pier East,240,"",76,O,13,13,1,single,2011-07-13,2011-07-13,true,S/V Western Compass,""
2011,JULY 2011,7,2011,North Pier East - 240',North Pier East,240,"",76,P,14,14,1,single,2011-07-14,2011-07-14,true,Public open house,""
2011,JULY 2011,7,2011,North Pier East - 240',North Pier East,240,"",76,V,20,20,1,single,2011-07-20,2011-07-20,true,F/V SALT FATHOM,"solid|fg=rgb=""FFFF0000"" |bg=rgb=""FF000000"""
2011,JULY 2011,7,2011,North Pier East - 240',North Pier East,240,"",76,W,21,21,1,single,2011-07-21,2011-07-21,true,M/Y Salt Horizon,""
2011,JULY 2011,7,2011,North Pier East - 240',North Pier East,240,"",76,AF,30,30,1,single,2011-07-30,2011-07-30,true,M/V BRIGHT GANNET,"solid|fg=theme=""9"" |bg=indexed=""64"""
2011,JULY 2011,7,2011,North Pier East - 240',North Pier East,240,"",76,AG,31,31,1,single,2011-07-31,2011-07-31,true,M/V GREY COMPASS,"solid|fg=theme=""9"" |bg=indexed=""64"""
2011,JULY 2011,7,2011,Inner Channel - 55',Inner Channel,55,"",77,B,0,0,1,single,"","",false,R/V Golden Horizon,""
2011,JULY 2011,7,2011,South Float West - 90',South Float West,90,"",78,G,5,8,4,repeat,2011-07-05,2011-07-08,true,R/V Long Ketch,"solid|fg=rgb=""FF60497A"" |bg=rgb=""FF000000"""
2011,JULY 2011,7,2011,South Float West - 90',South Float West,90,"",78,N,12,14,3,repeat,2011-07-12,2011-07-14,true,R/V Long Ketch,"solid|fg=rgb=""FF60497A"" |bg=rgb=""FF000000"""
2011,JULY 2011,7,2011,South Float West - 90',South Float West,90,"",78,R,16,16,1,single,2011-07-16,2011-07-16,true,R/V Long Ketch,"solid|fg=rgb=""FF60497A"" |bg=rgb=""FF000000"""
2011,JULY 2011,7,2011,South Float West - 90',South Float West,90,"",78,S,17,17,1,single,2011-07-17,2011-07-17,true,Barge SILVER BEACON,"solid|fg=theme=""8"" |bg=indexed=""64"""
2011,JULY 2011,7,2011,South Float West - 90',South Float West,90,"",78,T,18,18,1,single,2011-07-18,2011-07-18,true,R/V Far Marlin,""
2011,JULY 2011,7,2011,South Float West - 90',South Float West,90,"",78,U,19,19,1,single,2011-07-19,2011-07-19,true,R/V Long Ketch,"solid|fg=rgb=""FF60497A"" |bg=rgb=""FF000000"""
2011,JULY 2011,7,2011,South Float West - 90',South Float West,90,"",78,W,21,21,1,single,2011-07-21,2011-07-21,true,R/V Long Ketch,"solid|fg=rgb=""FF60497A"" |bg=rgb=""FF000000"""
2011,JULY 2011,7,2011,South Float West - 90',South Float West,90,"",78,X,22,25,4,merge,2011-07-22,2011-07-25,true,M/Y Salt Sound,"solid|fg=theme=""6"" tint=""0.3999755851924192"" |bg=indexed=""64"""
2011,JULY 2011,7,2011,South Float West - 90',South Float West,90,"",78,AB,26,26,1,single,2011-07-26,2011-07-26,true,R/V Long Ketch,"solid|fg=rgb=""FF60497A"" |bg=rgb=""FF000000"""
2011,JULY 2011,7,2011,South Float East - 90',South Float East,90,"",79,D,2,3,2,merge,2011-07-02,2011-07-03,true,R/V Far Sextant,"solid|fg=rgb=""FFFFFF00"" |bg=indexed=""64"""
2011,JULY 2011,7,2011,South Float East - 90',South Float East,90,"",79,J,8,14,7,merge,2011-07-08,2011-07-14,true,OSV AMBER REEF,"solid|fg=rgb=""FF008000"" |bg=rgb=""FF000000"""
2011,JULY 2011,7,2011,South Float East - 90',South Float East,90,"",79,AC,27,28,2,merge,2011-07-27,2011-07-28,true,OSV Silver Tide,"solid|fg=rgb=""FFFFFF00"" |bg=rgb=""FF000000"""
2011,AUGUST 2011,8,2011,North Pier West - 410',North Pier West,410,"",85,B,0,5,6,merge,"",2011-08-05,false,R/V Wild Ledge,"solid|fg=rgb=""FF16365C"" |bg=rgb=""FF000000"""
2011,AUGUST 2011,8,2011,North Pier West - 410',North Pier West,410,"",85,O,13,19,7,merge,2011-08-13,2011-08-19,true,R/V Wild Ledge,"solid|fg=rgb=""FF16365C"" |bg=rgb=""FF000000"""
2011,AUGUST 2011,8,2011,North Pier West - 410',North Pier West,410,"",85,Z,24,31,8,merge,2011-08-24,2011-08-31,true,R/V GOLDEN COMPASS,"solid|fg=theme=""3"" tint=""0.3999755851924192"" |bg=rgb=""FF000000"""
2011,AUGUST 2011,8,2011,North Pier Face - 75',North Pier Face,75,"",86,B,0,1,2,repeat,"",2011-08-01,false,M/V DEEP SOUND,"solid|fg=theme=""0"" tint=""-0.1499984740745262"" |bg=indexed=""64"""
2011,AUGUST 2011,8,2011,North Pier Face - 75',North Pier Face,75,"",86,J,8,8,1,single,2011-08-08,2011-08-08,true,OSV High Star,"solid|fg=rgb=""FFFFFF00"" |bg=rgb=""FF000000"""
2011,AUGUST 2011,8,2011,North Pier East - 240',North Pier East,240,"",87,F,4,4,1,single,2011-08-04,2011-08-04,true,S/V Iron Marlin,"solid|fg=rgb=""FFFFFF00"" |bg=indexed=""64"""
2011,AUGUST 2011,8,2011,North Pier East - 240',North Pier East,240,"",87,G,5,5,1,single,2011-08-05,2011-08-05,true,F/V SALT FATHOM,"solid|fg=rgb=""FFFF0000"" |bg=rgb=""FF000000"""
2011,AUGUST 2011,8,2011,North Pier East - 240',North Pier East,240,"",87,H,6,6,1,single,2011-08-06,2011-08-06,true,M/Y Salt Horizon,""
2011,AUGUST 2011,8,2011,North Pier East - 240',North Pier East,240,"",87,K,9,9,1,single,2011-08-09,2011-08-09,true,F/V SALT FATHOM,"solid|fg=rgb=""FFFF0000"" |bg=rgb=""FF000000"""
2011,AUGUST 2011,8,2011,North Pier East - 240',North Pier East,240,"",87,N,12,12,1,single,2011-08-12,2011-08-12,true,M/Y Swift Skua,"solid|fg=theme=""6"" tint=""-0.249977111117893"" |bg=indexed=""64"""
2011,AUGUST 2011,8,2011,North Pier East - 240',North Pier East,240,"",87,P,14,14,1,single,2011-08-14,2011-08-14,true,Community sail day,""
2011,AUGUST 2011,8,2011,North Pier East - 240',North Pier East,240,"",87,AA,25,25,1,single,2011-08-25,2011-08-25,true,M/V BRIGHT GANNET,"solid|fg=rgb=""FFF79646"" |bg=rgb=""FF000000"""
2011,AUGUST 2011,8,2011,Inner Channel - 55',Inner Channel,55,"",88,H,6,6,1,single,2011-08-06,2011-08-06,true,Road race - access limited,"solid|fg=rgb=""FFFFFF00"" |bg=indexed=""64"""
2011,AUGUST 2011,8,2011,Inner Channel - 55',Inner Channel,55,"",88,P,14,14,1,single,2011-08-14,2011-08-14,true,Barge Coral Skua,""
2011,AUGUST 2011,8,2011,South Float West - 90',South Float West,90,"",89,F,4,4,1,single,2011-08-04,2011-08-04,true,R/V Long Ketch,"solid|fg=rgb=""FF60497A"" |bg=rgb=""FF000000"""
2011,AUGUST 2011,8,2011,South Float West - 90',South Float West,90,"",89,M,11,11,1,single,2011-08-11,2011-08-11,true,Float rebuild - no usage permitted,"solid|fg=rgb=""FFFFFF00"" |bg=indexed=""64"""
2011,AUGUST 2011,8,2011,South Float West - 90',South Float West,90,"",89,N,12,13,2,merge,2011-08-12,2011-08-13,true,M/Y Western Strand,"solid|fg=theme=""2"" tint=""-0.249977111117893"" |bg=indexed=""64"""
2011,AUGUST 2011,8,2011,South Float West - 90',South Float West,90,"",89,P,14,15,2,repeat,2011-08-14,2011-08-15,true,R/V Long Ketch,"solid|fg=rgb=""FF60497A"" |bg=rgb=""FF000000"""
2011,AUGUST 2011,8,2011,South Float West - 90',South Float West,90,"",89,U,19,19,1,single,2011-08-19,2011-08-19,true,S/V Golden Cove,"solid|fg=theme=""6"" tint=""-0.249977111117893"" |bg=indexed=""64"""
2011,AUGUST 2011,8,2011,South Float West - 90',South Float West,90,"",89,V,20,20,1,single,2011-08-20,2011-08-20,true,R/V Long Ketch,"solid|fg=rgb=""FF60497A"" |bg=rgb=""FF000000"""
2011,AUGUST 2011,8,2011,South Float West - 90',South Float West,90,"",89,X,22,22,1,single,2011-08-22,2011-08-22,true,R/V Green Wind,"solid|fg=rgb=""FF60497A"" |bg=rgb=""FF000000"""
2011,AUGUST 2011,8,2011,South Float West - 90',South Float West,90,"",89,Y,23,23,1,single,2011-08-23,2011-08-23,true,R/V Northern Lantern,"solid|fg=rgb=""FFFFFF00"" |bg=indexed=""64"""
2011,AUGUST 2011,8,2011,South Float West - 90',South Float West,90,"",89,Z,24,24,1,single,2011-08-24,2011-08-24,true,M/Y Clear Gannet,"solid|fg=theme=""2"" tint=""-0.249977111117893"" |bg=indexed=""64"""
2011,AUGUST 2011,8,2011,South Float East - 90',South Float East,90,"",90,D,2,4,3,merge,2011-08-02,2011-08-04,true,R/V Blue Heron,"solid|fg=theme=""5"" tint=""0.5999938962981048"" |bg=indexed=""64"""
2011,AUGUST 2011,8,2011,South Float East - 90',South Float East,90,"",90,H,6,6,1,single,2011-08-06,2011-08-06,true,M/V Deep Reef,"solid|fg=theme=""5"" |bg=indexed=""64"""
2011,AUGUST 2011,8,2011,South Float East - 90',South Float East,90,"",90,K,9,10,2,merge,2011-08-09,2011-08-10,true,M/Y Salt Cove,"solid|fg=theme=""2"" tint=""-0.249977111117893"" |bg=indexed=""64"""
2011,AUGUST 2011,8,2011,South Float East - 90',South Float East,90,"",90,O,13,24,12,merge,2011-08-13,2011-08-24,true,M/Y Deep Compass,"solid|fg=theme=""3"" tint=""0.3999755851924192"" |bg=indexed=""64"""
2011,AUGUST 2011,8,2011,South Float East - 90',South Float East,90,"",90,AF,30,31,2,merge,2011-08-30,2011-08-31,true,M/Y Salt Sound,"solid|fg=theme=""6"" tint=""0.5999938962981048"" |bg=indexed=""64"""
2011,SEPTEMBER 2011,9,2011,North Pier West - 410',North Pier West,410,"",97,C,1,2,2,merge,2011-09-01,2011-09-02,true,R/V GOLDEN COMPASS,"solid|fg=rgb=""FF4F81BD"" |bg=indexed=""64"""
2011,SEPTEMBER 2011,9,2011,North Pier West - 410',North Pier West,410,"",97,H,6,11,6,merge,2011-09-06,2011-09-11,true,R/V GOLDEN COMPASS,"solid|fg=rgb=""FF4F81BD"" |bg=rgb=""FF000000"""
2011,SEPTEMBER 2011,9,2011,North Pier West - 410',North Pier West,410,"",97,P,14,14,1,single,2011-09-14,2011-09-14,true,R/V Deep Star,""
2011,SEPTEMBER 2011,9,2011,North Pier West - 410',North Pier West,410,"",97,Q,15,20,6,merge,2011-09-15,2011-09-20,true,R/V GOLDEN COMPASS,"solid|fg=rgb=""FF4F81BD"" |bg=rgb=""FF000000"""
2011,SEPTEMBER 2011,9,2011,North Pier West - 410',North Pier West,410,"",97,W,21,21,1,single,2011-09-21,2011-09-21,true,R/V Deep Star,""
2011,SEPTEMBER 2011,9,2011,North Pier West - 410',North Pier West,410,"",97,X,22,25,4,merge,2011-09-22,2011-09-25,true,R/V GOLDEN COMPASS,"solid|fg=rgb=""FF4F81BD"" |bg=indexed=""64"""
2011,SEPTEMBER 2011,9,2011,North Pier West - 410',North Pier West,410,"",97,AB,26,27,2,merge,2011-09-26,2011-09-27,true,R/V Quiet Heron,"solid|fg=theme=""5"" tint=""0.5999938962981048"" |bg=indexed=""64"""
2011,SEPTEMBER 2011,9,2011,North Pier Face - 75',North Pier Face,75,"",98,U,19,19,1,single,2011-09-19,2011-09-19,true,Departs 0600,"solid|fg=theme=""0"" tint=""-0.1499984740745262"" |bg=indexed=""64"""
2011,SEPTEMBER 2011,9,2011,North Pier Face - 75',North Pier Face,75,"",98,V,20,20,1,single,2011-09-20,2011-09-20,true,ETA 1200,"solid|fg=theme=""0"" tint=""-0.1499984740745262"" |bg=rgb=""FF000000"""
2011,SEPTEMBER 2011,9,2011,North Pier Face - 75',North Pier Face,75,"",98,X,22,22,1,single,2011-09-22,2011-09-22,true,Dock maintenance - restricted access,"solid|fg=rgb=""FFFFFF00"" |bg=indexed=""64"""
2011,SEPTEMBER 2011,9,2011,North Pier East - 240',North Pier East,240,"",99,E,3,4,2,merge,2011-09-03,2011-09-04,true,Tug Blue Fathom,"solid|fg=theme=""6"" tint=""-0.249977111117893"" |bg=indexed=""64"""
2011,SEPTEMBER 2011,9,2011,North Pier East - 240',North Pier East,240,"",99,Q,15,16,2,merge,2011-09-15,2011-09-16,true,F/V SALT FATHOM,"solid|fg=rgb=""FFFF0000"" |bg=indexed=""64"""
2011,SEPTEMBER 2011,9,2011,North Pier East - 240',North Pier East,240,"",99,S,17,17,1,single,2011-09-17,2011-09-17,true,Tug Iron Anchor,"solid|fg=theme=""8"" tint=""0.5999938962981048"" |bg=indexed=""64"""
2011,SEPTEMBER 2011,9,2011,North Pier East - 240',North Pier East,240,"",99,T,18,19,2,merge,2011-09-18,2011-09-19,true,ETA 1200,"solid|fg=theme=""9"" |bg=indexed=""64"""
2011,SEPTEMBER 2011,9,2011,North Pier East - 240',North Pier East,240,"",99,V,20,20,1,single,2011-09-20,2011-09-20,true,ETA 1200,"solid|fg=rgb=""FFFF0000"" |bg=rgb=""FF000000"""
2011,SEPTEMBER 2011,9,2011,North Pier East - 240',North Pier East,240,"",99,W,21,25,5,merge,2011-09-21,2011-09-25,true,M/Y Blue Dory,"solid|fg=rgb=""FFFFFF00"" |bg=indexed=""64"""
2011,SEPTEMBER 2011,9,2011,North Pier East - 240',North Pier East,240,"",99,AB,26,27,2,merge,2011-09-26,2011-09-27,true,M/V GREY COMPASS,"solid|fg=rgb=""FFF79646"" |bg=rgb=""FF000000"""
2011,SEPTEMBER 2011,9,2011,North Pier East - 240',North Pier East,240,"",99,AD,28,28,1,single,2011-09-28,2011-09-28,true,R/V Amber Compass,""
2011,SEPTEMBER 2011,9,2011,Inner Channel - 55',Inner Channel,55,"",100,E,3,3,1,single,2011-09-03,2011-09-03,true,Tug CORAL HERON,""
2011,SEPTEMBER 2011,9,2011,Inner Channel - 55',Inner Channel,55,"",100,F,4,4,1,single,2011-09-04,2011-09-04,true,M/V HIGH BEACON,""
2011,SEPTEMBER 2011,9,2011,South Float West - 90',South Float West,90,"",101,C,1,1,1,single,2011-09-01,2011-09-01,true,Science stroll,""
2011,SEPTEMBER 2011,9,2011,South Float West - 90',South Float West,90,"",101,D,2,2,1,single,2011-09-02,2011-09-02,true,R/V Swift Gannet,""
2011,SEPTEMBER 2011,9,2011,South Float West - 90',South Float West,90,"",101,J,8,8,1,single,2011-09-08,2011-09-08,true,R/V Long Ketch,"solid|fg=rgb=""FF60497A"" |bg=rgb=""FF000000"""
2011,SEPTEMBER 2011,9,2011,South Float West - 90',South Float West,90,"",101,L,10,10,1,single,2011-09-10,2011-09-10,true,R/V Long Ketch,"solid|fg=rgb=""FF60497A"" |bg=rgb=""FF000000"""
2011,SEPTEMBER 2011,9,2011,South Float West - 90',South Float West,90,"",101,Z,24,25,2,merge,2011-09-24,2011-09-25,true,R/V Long Ketch,"solid|fg=rgb=""FF60497A"" |bg=rgb=""FF000000"""
2011,SEPTEMBER 2011,9,2011,South Float East - 90',South Float East,90,"",102,C,1,2,2,merge,2011-09-01,2011-09-02,true,M/Y Salt Sound,"solid|fg=theme=""6"" tint=""0.5999938962981048"" |bg=indexed=""64"""
2011,SEPTEMBER 2011,9,2011,South Float East - 90',South Float East,90,"",102,Q,15,16,2,merge,2011-09-15,2011-09-16,true,OSV Salt Voyager,"solid|fg=theme=""6"" tint=""0.5999938962981048"" |bg=indexed=""64"""
2011,SEPTEMBER 2011,9,2011,South Float East - 90',South Float East,90,"",102,S,17,18,2,merge,2011-09-17,2011-09-18,true,Departure 0800,"solid|fg=theme=""8"" tint=""0.5999938962981048"" |bg=indexed=""64"""
2011,SEPTEMBER 2011,9,2011,Small craft slips (institution boats),Small craft slips (institution boats),"",Small craft slips (institution boats),103,F,4,30,27,merge,2011-09-04,2011-09-30,true,M/V Amber Skua,"solid|fg=theme=""8"" tint=""0.5999938962981048"" |bg=indexed=""64"""
2011,OCTOBER 2011,10,2011,North Pier West - 410',North Pier West,410,"",109,D,2,4,3,merge,2011-10-02,2011-10-04,true,R/V GOLDEN COMPASS,"solid|fg=rgb=""FF4F81BD"" |bg=rgb=""FF000000"""
2011,OCTOBER 2011,10,2011,North Pier West - 410',North Pier West,410,"",109,K,9,11,3,merge,2011-10-09,2011-10-11,true,R/V GOLDEN COMPASS,"solid|fg=rgb=""FF4F81BD"" |bg=rgb=""FF000000"""
2011,OCTOBER 2011,10,2011,North Pier West - 410',North Pier West,410,"",109,P,14,19,6,merge,2011-10-14,2011-10-19,true,R/V GOLDEN COMPASS,"solid|fg=rgb=""FF4F81BD"" |bg=rgb=""FF000000"""
2011,OCTOBER 2011,10,2011,Inner Channel - 55',Inner Channel,55,"",112,B,0,0,1,single,"","",false,R/V Golden Horizon,""
2011,OCTOBER 2011,10,2011,South Float West - 90',South Float West,90,"",113,O,13,14,2,merge,2011-10-13,2011-10-14,true,R/V Long Ketch,"solid|fg=rgb=""FF60497A"" |bg=rgb=""FF000000"""
2011,OCTOBER 2011,10,2011,South Float West - 90',South Float West,90,"",113,T,18,20,3,merge,2011-10-18,2011-10-20,true,R/V Long Ketch,"solid|fg=rgb=""FF60497A"" |bg=rgb=""FF000000"""
2011,OCTOBER 2011,10,2011,South Float West - 90',South Float West,90,"",113,Z,24,24,1,single,2011-10-24,2011-10-24,true,R/V Long Ketch,"solid|fg=rgb=""FF60497A"" |bg=rgb=""FF000000"""
2011,OCTOBER 2011,10,2011,South Float West - 90',South Float West,90,"",113,AD,28,28,1,single,2011-10-28,2011-10-28,true,R/V Long Ketch,"solid|fg=rgb=""FF60497A"" |bg=rgb=""FF000000"""
2011,OCTOBER 2011,10,2011,South Float East - 90',South Float East,90,"",114,E,3,11,9,merge,2011-10-03,2011-10-11,true,OSV AMBER REEF,"solid|fg=rgb=""FF008000"" |bg=rgb=""FF000000"""
2011,OCTOBER 2011,10,2011,Small craft slips (institution boats),Small craft slips (institution boats),"",Small craft slips (institution boats),115,D,2,5,4,merge,2011-10-02,2011-10-05,true,M/V Amber Skua,"solid|fg=theme=""8"" tint=""0.5999938962981048"" |bg=indexed=""64"""
2011,OCTOBER 2011,10,2011,Small craft slips (institution boats),Small craft slips (institution boats),"",Small craft slips (institution boats),115,AA,25,30,6,merge,2011-10-25,2011-10-30,true,Public open house,"solid|fg=rgb=""FFFFFF00"" |bg=indexed=""64"""
2011,NOVEMBER 2011,11,2011,North Pier West - 410',North Pier West,410,"",120,C,1,2,2,merge,2011-11-01,2011-11-02,true,Dock maintenance - restricted access,"solid|fg=rgb=""FF92D050"" |bg=indexed=""64"""
2011,NOVEMBER 2011,11,2011,North Pier West - 410',North Pier West,410,"",120,E,3,14,12,merge,2011-11-03,2011-11-14,true,R/V GOLDEN COMPASS,"solid|fg=rgb=""FF4F81BD"" |bg=rgb=""FF000000"""
2011,NOVEMBER 2011,11,2011,North Pier West - 410',North Pier West,410,"",120,U,19,27,9,merge,2011-11-19,2011-11-27,true,R/V GOLDEN COMPASS,"solid|fg=rgb=""FF4F81BD"" |bg=rgb=""FF000000"""
2011,NOVEMBER 2011,11,2011,North Pier Face - 75',North Pier Face,75,"",121,F,4,7,4,fill_run,2011-11-04,2011-11-07,true,Paving near dock entrance,"solid|fg=theme=""0"" tint=""-0.1499984740745262"" |bg=indexed=""64"""
2011,NOVEMBER 2011,11,2011,North Pier Face - 75',North Pier Face,75,"",121,J,8,27,20,fill_run,2011-11-08,2011-11-27,true,Safety training (RIBs),"solid|fg=theme=""0"" tint=""-0.1499984740745262"" |bg=indexed=""64"""
2011,NOVEMBER 2011,11,2011,North Pier Face - 75',North Pier Face,75,"",121,AD,28,30,3,fill_run,2011-11-28,2011-11-30,true,Road race - access limited,"solid|fg=theme=""0"" tint=""-0.1499984740745262"" |bg=indexed=""64"""
2011,NOVEMBER 2011,11,2011,North Pier East - 240',North Pier East,240,"",122,E,3,3,1,single,2011-11-03,2011-11-03,true,M/V GREY COMPASS,"solid|fg=theme=""9"" |bg=indexed=""64"""
2011,NOVEMBER 2011,11,2011,North Pier East - 240',North Pier East,240,"",122,F,4,4,1,single,2011-11-04,2011-11-04,true,M/V Coral Petrel,""
2011,NOVEMBER 2011,11,2011,North Pier East - 240',North Pier East,240,"",122,G,5,6,2,merge,2011-11-05,2011-11-06,true,M/V GREY COMPASS,"solid|fg=theme=""9"" |bg=indexed=""64"""
2011,NOVEMBER 2011,11,2011,Inner Channel - 55',Inner Channel,55,"",123,B,0,0,1,single,"","",false,R/V Golden Horizon,""
2011,NOVEMBER 2011,11,2011,South Float West - 90',South Float West,90,"",124,H,6,6,1,single,2011-11-06,2011-11-06,true,R/V Long Ketch,"solid|fg=rgb=""FF60497A"" |bg=rgb=""FF000000"""
2011,DECEMBER 2011,12,2011,North Pier West - 410',North Pier West,410,"",131,B,0,31,32,merge,"",2011-12-31,false,R/V GOLDEN COMPASS,"solid|fg=theme=""4"" |bg=rgb=""FF000000"""
2011,DECEMBER 2011,12,2011,North Pier Face - 75',North Pier Face,75,"",132,AA,25,30,6,fill_run,2011-12-25,2011-12-30,true,Science stroll,"solid|fg=theme=""0"" tint=""-0.1499984740745262"" |bg=indexed=""64"""
2011,DECEMBER 2011,12,2011,North Pier Face - 75',North Pier Face,75,"",132,AG,31,31,1,single,2011-12-31,2011-12-31,true,Film crew on dock,"solid|fg=theme=""0"" tint=""-0.1499984740745262"" |bg=indexed=""64"""
2011,DECEMBER 2011,12,2011,North Pier East - 240',North Pier East,240,"",133,L,10,10,1,single,2011-12-10,2011-12-10,true,R/V Wild Sound,""
2011,DECEMBER 2011,12,2011,Inner Channel - 55',Inner Channel,55,"",134,B,0,31,32,merge,"",2011-12-31,false,M/V Salt Tern,"solid|fg=rgb=""FFFFFF00"" |bg=indexed=""64"""
2012,JANUARY 2012,1,2012,North Pier West - 410',North Pier West,410,"",8,B,-4,7,12,merge,"",2012-01-07,false,R/V GOLDEN COMPASS,"solid|fg=theme=""4"" |bg=indexed=""64"""
2012,FEBRUARY 2012,2,2012,North Pier Face - 75',North Pier Face,75,"",20,X,21,28,8,fill_run,2012-02-21,2012-02-28,true,R/V High Compass,"solid|fg=theme=""0"" tint=""-0.1499984740745262"" |bg=indexed=""64"""
2012,FEBRUARY 2012,2,2012,North Pier Face - 75',North Pier Face,75,"",20,AF,29,29,1,single,2012-02-29,2012-02-29,true,Science stroll,"solid|fg=theme=""0"" tint=""-0.1499984740745262"" |bg=indexed=""64"""
2012,FEBRUARY 2012,2,2012,North Pier East - 240',North Pier East,240,"",21,B,-1,17,19,merge,"",2012-02-17,false,M/V Salt Tern,"solid|fg=rgb=""FFFFFF00"" |bg=indexed=""64"""
2012,FEBRUARY 2012,2,2012,North Pier East - 240',North Pier East,240,"",21,AA,24,25,2,merge,2012-02-24,2012-02-25,true,M/V GREY COMPASS,"solid|fg=theme=""9"" |bg=indexed=""64"""
2012,MARCH 2012,3,2012,North Pier West - 410',North Pier West,410,"",30,H,4,10,7,merge,2012-03-04,2012-03-10,true,R/V GOLDEN COMPASS,"solid|fg=theme=""4"" |bg=indexed=""64"""
2012,MARCH 2012,3,2012,North Pier West - 410',North Pier West,410,"",30,S,15,30,16,merge,2012-03-15,2012-03-30,true,R/V GOLDEN COMPASS,"solid|fg=theme=""4"" |bg=indexed=""64"""
2012,MARCH 2012,3,2012,North Pier East - 240',North Pier East,240,"",32,K,7,12,6,merge,2012-03-07,2012-03-12,true,S/V Golden Reef,"solid|fg=theme=""6"" tint=""0.5999938962981048"" |bg=indexed=""64"""
2012,MARCH 2012,3,2012,North Pier East - 240',North Pier East,240,"",32,Y,21,29,9,fill_run,2012-03-21,2012-03-29,true,M/V NORTHERN HARBOR,"solid|fg=rgb=""FFC00000"" |bg=indexed=""64"""
2012,APRIL 2012,4,2012,North Pier West - 410',North Pier West,410,"",41,F,2,27,26,merge,2012-04-02,2012-04-27,true,R/V GOLDEN COMPASS,"solid|fg=rgb=""FF4F81BD"" |bg=indexed=""64"""
2012,APRIL 2012,4,2012,North Pier West - 410',North Pier West,410,"",41,AF,28,30,3,merge,2012-04-28,2012-04-30,true,R/V GOLDEN COMPASS,"solid|fg=rgb=""FF4F81BD"" |bg=indexed=""64"""
2012,APRIL 2012,4,2012,North Pier East - 240',North Pier East,240,"",43,D,0,12,13,merge,"",2012-04-12,false,M/V NORTHERN HARBOR,"solid|fg=rgb=""FFC00000"" |bg=indexed=""64"""
2012,APRIL 2012,4,2012,South Float East - 90',South Float East,90,"",46,V,18,30,13,merge,2012-04-18,2012-04-30,true,OSV AMBER REEF,"solid|fg=rgb=""FF008000"" |bg=indexed=""64"""
2012,MAY 2012,5,2012,North Pier West - 410',North Pier West,410,"",52,E,1,31,31,merge,2012-05-01,2012-05-31,true,R/V GOLDEN COMPASS,"solid|fg=rgb=""FF4F81BD"" |bg=indexed=""64"""
2012,MAY 2012,5,2012,North Pier East - 240',North Pier East,240,"",54,S,15,19,5,merge,2012-05-15,2012-05-19,true,M/V Quiet Compass,"solid|fg=theme=""9"" |bg=indexed=""64"""
2012,MAY 2012,5,2012,Inner Channel - 55',Inner Channel,55,"",55,B,-2,-2,1,single,"","",false,R/V Golden Horizon,""
2012,MAY 2012,5,2012,South Float West - 90',South Float West,90,"",56,K,7,7,1,single,2012-05-07,2012-05-07,true,R/V Long Ketch,""
2012,MAY 2012,5,2012,South Float West - 90',South Float West,90,"",56,R,14,14,1,single,2012-05-14,2012-05-14,true,R/V Long Ketch,""
2012,MAY 2012,5,2012,South Float West - 90',South Float West,90,"",56,Z,22,22,1,single,2012-05-22,2012-05-22,true,R/V Long Ketch,""
2012,MAY 2012,5,2012,South Float East - 90',South Float East,90,"",57,E,1,31,31,merge,2012-05-01,2012-05-31,true,OSV AMBER REEF,"solid|fg=rgb=""FF008000"" |bg=indexed=""64"""
2012,JUNE 2012,6,2012,North Pier West - 410',North Pier West,410,"",63,H,4,10,7,merge,2012-06-04,2012-06-10,true,R/V GOLDEN COMPASS,"solid|fg=theme=""4"" |bg=indexed=""64"""
2012,JUNE 2012,6,2012,North Pier West - 410',North Pier West,410,"",63,W,19,26,8,merge,2012-06-19,2012-06-26,true,R/V GOLDEN COMPASS,"solid|fg=rgb=""FF4F81BD"" |bg=indexed=""64"""
2012,JUNE 2012,6,2012,North Pier West - 410',North Pier West,410,"",63,AE,27,27,1,single,2012-06-27,2012-06-27,true,OSV Wild Beacon,""
2012,JUNE 2012,6,2012,North Pier Face - 75',North Pier Face,75,"",64,L,8,8,1,single,2012-06-08,2012-06-08,true,Barge Northern Anchor,"solid|fg=theme=""9"" tint=""-0.249977111117893"" |bg=indexed=""64"""
2012,JUNE 2012,6,2012,North Pier East - 240',North Pier East,240,"",65,G,3,3,1,single,2012-06-03,2012-06-03,true,Barge Northern Anchor,"solid|fg=theme=""9"" tint=""-0.249977111117893"" |bg=indexed=""64"""
2012,JUNE 2012,6,2012,North Pier East - 240',North Pier East,240,"",65,J,6,20,15,merge,2012-06-06,2012-06-20,true,R/V Coral Strand,"solid|fg=theme=""8"" |bg=indexed=""64"""
2012,JUNE 2012,6,2012,Inner Channel - 55',Inner Channel,55,"",66,B,-2,-2,1,single,"","",false,R/V Golden Horizon,""
2012,JUNE 2012,6,2012,South Float East - 90',South Float East,90,"",68,B,-2,12,15,merge,"",2012-06-12,false,OSV AMBER REEF,"solid|fg=rgb=""FF008000"" |bg=indexed=""64"""
2012,JUNE 2012,6,2012,South Float East - 90',South Float East,90,"",68,Q,13,30,18,merge,2012-06-13,2012-06-30,true,OSV AMBER REEF,"solid|fg=rgb=""FF008000"" |bg=indexed=""64"""
2012,JULY 2012,7,2012,North Pier West - 410',North Pier West,410,"",74,Q,13,14,2,merge,2012-07-13,2012-07-14,true,M/V Long Sound,"solid|fg=theme=""9"" |bg=indexed=""64"""
2012,JULY 2012,7,2012,North Pier West - 410',North Pier West,410,"",74,T,16,16,1,single,2012-07-16,2012-07-16,true,M/V Long Sound,"solid|fg=theme=""9"" |bg=indexed=""64"""
2012,JULY 2012,7,2012,North Pier West - 410',North Pier West,410,"",74,AD,26,30,5,merge,2012-07-26,2012-07-30,true,R/V GOLDEN COMPASS,"solid|fg=rgb=""FF4F81BD"" |bg=indexed=""64"""
2012,JULY 2012,7,2012,North Pier Face - 75',North Pier Face,75,"",75,AG,29,30,2,merge,2012-07-29,2012-07-30,true,Barge Swift Tern,"solid|fg=theme=""8"" tint=""-0.249977111117893"" |bg=indexed=""64"""
2012,JULY 2012,7,2012,North Pier East - 240',North Pier East,240,"",76,AC,25,27,3,merge,2012-07-25,2012-07-27,true,Tug Silver Fathom,"solid|fg=rgb=""FFFF0000"" |bg=rgb=""FF000000"""
2012,JULY 2012,7,2012,North Pier East - 240',North Pier East,240,"",76,AF,28,28,1,single,2012-07-28,2012-07-28,true,Barge Swift Tern,"solid|fg=theme=""8"" tint=""-0.249977111117893"" |bg=indexed=""64"""
2012,JULY 2012,7,2012,Inner Channel - 55',Inner Channel,55,"",77,B,-2,-2,1,single,"","",false,R/V Golden Horizon,""
2012,JULY 2012,7,2012,South Float West - 90',South Float West,90,"",78,L,8,8,1,single,2012-07-08,2012-07-08,true,R/V Long Ketch,""
2012,JULY 2012,7,2012,South Float East - 90',South Float East,90,"",79,E,1,31,31,merge,2012-07-01,2012-07-31,true,OSV AMBER REEF,"solid|fg=rgb=""FF008000"" |bg=indexed=""64"""
2012,AUGUST 2012,8,2012,North Pier West - 410',North Pier West,410,"",86,E,1,8,8,merge,2012-08-01,2012-08-08,true,R/V GOLDEN COMPASS,"solid|fg=rgb=""FF4F81BD"" |bg=indexed=""64"""
2012,AUGUST 2012,8,2012,North Pier West - 410',North Pier West,410,"",86,M,9,11,3,merge,2012-08-09,2012-08-11,true,R/V Coral Strand,"solid|fg=theme=""8"" |bg=indexed=""64"""
2012,AUGUST 2012,8,2012,North Pier West - 410',North Pier West,410,"",86,AE,27,27,1,single,2012-08-27,2012-08-27,true,M/V Far Drift,"solid|fg=rgb=""FFFFFF00"" |bg=indexed=""64"""
2012,AUGUST 2012,8,2012,North Pier West - 410',North Pier West,410,"",86,AF,28,31,4,fill_run,2012-08-28,2012-08-31,true,S/Y High Fathom,"solid|fg=rgb=""FFFFFF00"" |bg=indexed=""64"""
2012,AUGUST 2012,8,2012,North Pier East - 240',North Pier East,240,"",88,E,1,6,6,merge,2012-08-01,2012-08-06,true,R/V Coral Strand,"solid|fg=theme=""8"" tint=""0.3999755851924192"" |bg=indexed=""64"""
2012,AUGUST 2012,8,2012,South Float West - 90',South Float West,90,"",90,I,5,23,19,merge,2012-08-05,2012-08-23,true,OSV AMBER REEF,"solid|fg=rgb=""FF008000"" |bg=indexed=""64"""
2012,SEPTEMBER 2012,9,2012,North Pier West - 410',North Pier West,410,"",98,K,7,21,15,merge,2012-09-07,2012-09-21,true,R/V GOLDEN COMPASS,"solid|fg=rgb=""FF4F81BD"" |bg=indexed=""64"""
2012,SEPTEMBER 2012,9,2012,North Pier East - 240',North Pier East,240,"",100,S,15,18,4,merge,2012-09-15,2012-09-18,true,M/V Bright Reef,"solid|fg=theme=""8"" |bg=indexed=""64"""
2012,SEPTEMBER 2012,9,2012,Inner Channel - 55',Inner Channel,55,"",101,K,7,27,21,fill_run,2012-09-07,2012-09-27,true,M/V Far Beacon,"solid|fg=theme=""6"" |bg=indexed=""64"""
2012,SEPTEMBER 2012,9,2012,South Float East - 90',South Float East,90,"",103,H,4,4,1,single,2012-09-04,2012-09-04,true,M/V Western Harbor,""
2012,SEPTEMBER 2012,9,2012,South Float East - 90',South Float East,90,"",103,O,11,11,1,single,2012-09-11,2012-09-11,true,S/V High Ketch,"solid|fg=rgb=""FFFFFF00"" |bg=indexed=""64"""
2012,SEPTEMBER 2012,9,2012,South Float East - 90',South Float East,90,"",103,R,14,14,1,single,2012-09-14,2012-09-14,true,S/Y Clear Beacon,"solid|fg=rgb=""FFFFFF00"" |bg=indexed=""64"""
2012,OCTOBER 2012,10,2012,North Pier West - 410',North Pier West,410,"",109,AA,23,31,9,merge,2012-10-23,2012-10-31,true,R/V GOLDEN COMPASS,"solid|fg=rgb=""FF4F81BD"" |bg=indexed=""64"""
2012,OCTOBER 2012,10,2012,North Pier East - 240',North Pier East,240,"",111,Q,13,14,2,merge,2012-10-13,2012-10-14,true,M/V Bright Reef,"solid|fg=theme=""8"" |bg=indexed=""64"""
2012,OCTOBER 2012,10,2012,North Pier East - 240',North Pier East,240,"",111,AD,26,29,4,merge,2012-10-26,2012-10-29,true,M/V Bright Reef,"solid|fg=theme=""8"" |bg=indexed=""64"""
2012,OCTOBER 2012,10,2012,Inner Channel - 55',Inner Channel,55,"",112,B,-2,-2,1,single,"","",false,R/V Golden Horizon,""
2012,OCTOBER 2012,10,2012,South Float East - 90',South Float East,90,"",114,L,8,20,13,merge,2012-10-08,2012-10-20,true,OSV AMBER REEF,"solid|fg=rgb=""FF008000"" |bg=indexed=""64"""
2012,NOVEMBER 2012,11,2012,North Pier West - 410',North Pier West,410,"",120,E,1,3,3,merge,2012-11-01,2012-11-03,true,R/V GOLDEN COMPASS,"solid|fg=rgb=""FF4F81BD"" |bg=rgb=""FF000000"""
2012,NOVEMBER 2012,11,2012,North Pier West - 410',North Pier West,410,"",120,M,9,28,20,merge,2012-11-09,2012-11-28,true,R/V GOLDEN COMPASS,"solid|fg=rgb=""FF4F81BD"" |bg=rgb=""FF000000"""
2012,NOVEMBER 2012,11,2012,Inner Channel - 55',Inner Channel,55,"",123,B,-2,-2,1,single,"","",false,R/V Golden Horizon,""
2012,DECEMBER 2012,12,2012,North Pier West - 410',North Pier West,410,"",131,E,1,4,4,merge,2012-12-01,2012-12-04,true,R/V GOLDEN COMPASS,"solid|fg=rgb=""FF4F81BD"" |bg=rgb=""FF000000"""
2012,DECEMBER 2012,12,2012,North Pier West - 410',North Pier West,410,"",131,Y,21,31,11,merge,2012-12-21,2012-12-31,true,R/V GOLDEN COMPASS,"solid|fg=rgb=""FF4F81BD"" |bg=indexed=""64"""
2012,DECEMBER 2012,12,2012,North Pier East - 240',North Pier East,240,"",133,K,7,10,4,merge,2012-12-07,2012-12-10,true,R/V Golden Lantern,"solid|fg=theme=""9"" tint=""-0.249977111117893"" |bg=indexed=""64"""
2012,DECEMBER 2012,12,2012,Inner Channel - 55',Inner Channel,55,"",134,B,-2,-2,1,single,"","",false,R/V Golden Horizon,""
2013,JANUARY 2013,1,2013,North Pier West - 410',North Pier West,410,"",8,B,1,27,27,fill_run,2013-01-01,2013-01-27,true,R/V GOLDEN COMPASS,"solid|fg=theme=""4"" |bg=indexed=""64"""
2013,JANUARY 2013,1,2013,North Pier West - 410',North Pier West,410,"",8,AE,30,31,2,merge,2013-01-30,2013-01-31,true,R/V Wild Current,"solid|fg=rgb=""FF92D050"" |bg=indexed=""64"""
2013,JANUARY 2013,1,2013,Inner Channel - 55',Inner Channel,55,"",11,C,2,2,1,single,2013-01-02,2013-01-02,true,R/V Long Compass,""
2013,FEBRUARY 2013,2,2013,North Pier West - 410',North Pier West,410,"",19,U,16,28,13,fill_run,2013-02-16,2013-02-28,true,R/V GOLDEN COMPASS,"solid|fg=theme=""4"" |bg=indexed=""64"""
2013,FEBRUARY 2013,2,2013,North Pier Face - 75',North Pier Face,75,"",20,T,15,16,2,merge,2013-02-15,2013-02-16,true,OSV High Harbor,"solid|fg=theme=""0"" tint=""-0.1499984740745262"" |bg=indexed=""64"""
2013,FEBRUARY 2013,2,2013,North Pier East - 240',North Pier East,240,"",21,L,7,9,3,merge,2013-02-07,2013-02-09,true,M/V GREY COMPASS,"solid|fg=theme=""9"" |bg=indexed=""64"""
2013,FEBRUARY 2013,2,2013,North Pier East - 240',North Pier East,240,"",21,S,14,15,2,merge,2013-02-14,2013-02-15,true,M/V GREY COMPASS,"solid|fg=theme=""9"" |bg=indexed=""64"""
2013,FEBRUARY 2013,2,2013,Inner Channel - 55',Inner Channel,55,"",22,B,-3,-3,1,single,"","",false,R/V Long Compass,""
2013,MARCH 2013,3,2013,North Pier West - 410',North Pier West,410,"",30,B,-3,4,8,merge,"",2013-03-04,false,R/V GOLDEN COMPASS,"solid|fg=theme=""4"" |bg=indexed=""64"""
2013,MARCH 2013,3,2013,North Pier West - 410',North Pier West,410,"",30,V,17,17,1,single,2013-03-17,2013-03-17,true,R/V GOLDEN COMPASS,""
2013,MARCH 2013,3,2013,North Pier West - 410',North Pier West,410,"",30,AE,26,28,3,fill_run,2013-03-26,2013-03-28,true,R/V GOLDEN COMPASS,"solid|fg=theme=""4"" |bg=indexed=""64"""
2013,MARCH 2013,3,2013,North Pier Face - 75',North Pier Face,75,"",31,AD,25,26,2,merge,2013-03-25,2013-03-26,true,OSV High Harbor,"solid|fg=theme=""0"" tint=""-0.1499984740745262"" |bg=indexed=""64"""
2013,MARCH 2013,3,2013,North Pier East - 240',North Pier East,240,"",32,F,1,1,1,single,2013-03-01,2013-03-01,true,R/V Deep Kestrel,"solid|fg=theme=""8"" tint=""0.5999938962981048"" |bg=indexed=""64"""
2013,MARCH 2013,3,2013,North Pier East - 240',North Pier East,240,"",32,N,9,14,6,merge,2013-03-09,2013-03-14,true,R/V Wild Ledge,"solid|fg=rgb=""FF7030A0"" |bg=indexed=""64"""
2013,MARCH 2013,3,2013,Inner Channel - 55',Inner Channel,55,"",33,B,-3,-3,1,single,"","",false,R/V Long Compass,""
2013,APRIL 2013,4,2013,North Pier West - 410',North Pier West,410,"",41,J,5,7,3,merge,2013-04-05,2013-04-07,true,R/V GOLDEN COMPASS,"solid|fg=rgb=""FF4F81BD"" |bg=indexed=""64"""
2013,APRIL 2013,4,2013,North Pier West - 410',North Pier West,410,"",41,U,16,22,7,merge,2013-04-16,2013-04-22,true,R/V GOLDEN COMPASS,"solid|fg=rgb=""FF4F81BD"" |bg=rgb=""FF000000"""
2013,APRIL 2013,4,2013,North Pier West - 410',North Pier West,410,"",41,AC,24,25,2,merge,2013-04-24,2013-04-25,true,R/V GOLDEN COMPASS,"solid|fg=rgb=""FF4F81BD"" |bg=rgb=""FF000000"""
2013,APRIL 2013,4,2013,North Pier East - 240',North Pier East,240,"",43,K,6,6,1,single,2013-04-06,2013-04-06,true,S/V Western Wind,"solid|fg=rgb=""FFFFFF00"" |bg=indexed=""64"""
2013,APRIL 2013,4,2013,Inner Channel - 55',Inner Channel,55,"",44,B,-3,-3,1,single,"","",false,R/V Long Compass,""
2013,MAY 2013,5,2013,North Pier West - 410',North Pier West,410,"",52,F,1,1,1,single,2013-05-01,2013-05-01,true,R/V GOLDEN COMPASS,"solid|fg=rgb=""FF4F81BD"" |bg=indexed=""64"""
2013,MAY 2013,5,2013,North Pier West - 410',North Pier West,410,"",52,L,7,10,4,merge,2013-05-07,2013-05-10,true,R/V GOLDEN COMPASS,"solid|fg=rgb=""FF4F81BD"" |bg=indexed=""64"""
2013,MAY 2013,5,2013,North Pier West - 410',North Pier West,410,"",52,U,16,26,11,merge,2013-05-16,2013-05-26,true,R/V Wild Ledge,"solid|fg=rgb=""FF7030A0"" |bg=indexed=""64"""
2013,MAY 2013,5,2013,North Pier West - 410',North Pier West,410,"",52,AI,30,31,2,merge,2013-05-30,2013-05-31,true,M/V Long Sound,"solid|fg=theme=""9"" |bg=indexed=""64"""
2013,MAY 2013,5,2013,North Pier Face - 75',North Pier Face,75,"",53,AA,22,22,1,single,2013-05-22,2013-05-22,true,F/V SALT FATHOM,"solid|fg=rgb=""FFFFC000"" |bg=indexed=""64"""
2013,MAY 2013,5,2013,North Pier Face - 75',North Pier Face,75,"",53,AB,23,23,1,single,2013-05-23,2013-05-23,true,M/V Long Sound,"solid|fg=theme=""9"" |bg=indexed=""64"""
2013,MAY 2013,5,2013,North Pier East - 240',North Pier East,240,"",54,V,17,17,1,single,2013-05-17,2013-05-17,true,F/V Western Gannet,"solid|fg=rgb=""FF92D050"" |bg=indexed=""64"""
2013,MAY 2013,5,2013,North Pier East - 240',North Pier East,240,"",54,W,18,22,5,merge,2013-05-18,2013-05-22,true,Departure 0800,"solid|fg=rgb=""FF4F81BD"" |bg=indexed=""64"""
2013,MAY 2013,5,2013,North Pier East - 240',North Pier East,240,"",54,AG,28,31,4,merge,2013-05-28,2013-05-31,true,F/V SALT FATHOM,"solid|fg=rgb=""FFFFC000"" |bg=indexed=""64"""
2013,MAY 2013,5,2013,Inner Channel - 55',Inner Channel,55,"",55,B,-3,-3,1,single,"","",false,R/V Long Compass,""
2013,MAY 2013,5,2013,Inner Channel - 55',Inner Channel,55,"",55,Y,20,20,1,single,2013-05-20,2013-05-20,true,Load equipment,""
2013,MAY 2013,5,2013,South Float West - 90',South Float West,90,"",56,F,1,1,1,single,2013-05-01,2013-05-01,true,R/V Long Ketch,""
2013,MAY 2013,5,2013,South Float West - 90',South Float West,90,"",56,M,8,8,1,single,2013-05-08,2013-05-08,true,R/V Long Ketch,""
2013,MAY 2013,5,2013,South Float West - 90',South Float West,90,"",56,U,16,16,1,single,2013-05-16,2013-05-16,true,R/V Long Ketch,""
2013,MAY 2013,5,2013,South Float West - 90',South Float West,90,"",56,AC,24,24,1,single,2013-05-24,2013-05-24,true,R/V Quiet Meridian,"solid|fg=theme=""5"" tint=""0.7999816888943144"" |bg=indexed=""64"""
2013,MAY 2013,5,2013,South Float East - 90',South Float East,90,"",57,W,18,26,9,merge,2013-05-18,2013-05-26,true,OSV AMBER REEF,"solid|fg=rgb=""FF008000"" |bg=indexed=""64"""
2013,JUNE 2013,6,2013,North Pier West - 410',North Pier West,410,"",63,U,16,16,1,single,2013-06-16,2013-06-16,true,F/V Amber Sound,"solid|fg=rgb=""FF92D050"" |bg=indexed=""64"""
2013,JUNE 2013,6,2013,North Pier West - 410',North Pier West,410,"",63,AF,27,30,4,fill_run,2013-06-27,2013-06-30,true,M/Y BLUE TIDE,"solid|fg=theme=""8"" tint=""0.3999755851924192"" |bg=indexed=""64"""
2013,JUNE 2013,6,2013,North Pier Face - 75',North Pier Face,75,"",64,H,3,3,1,single,2013-06-03,2013-06-03,true,F/V SALT FATHOM,"solid|fg=rgb=""FFFFC000"" |bg=indexed=""64"""
2013,JUNE 2013,6,2013,North Pier East - 240',North Pier East,240,"",65,B,-3,-3,1,single,"","",false,M/V GREY COMPASS,""
2013,JUNE 2013,6,2013,North Pier East - 240',North Pier East,240,"",65,I,4,8,5,merge,2013-06-04,2013-06-08,true,R/V GOLDEN COMPASS,"solid|fg=rgb=""FF4F81BD"" |bg=indexed=""64"""
2013,JUNE 2013,6,2013,North Pier East - 240',North Pier East,240,"",65,T,15,19,5,merge,2013-06-15,2013-06-19,true,R/V GOLDEN COMPASS,"solid|fg=rgb=""FF4F81BD"" |bg=indexed=""64"""
2013,JUNE 2013,6,2013,North Pier East - 240',North Pier East,240,"",65,AA,22,23,2,merge,2013-06-22,2013-06-23,true,Barge SILVER VOYAGER,"solid|fg=rgb=""FF31869B"" |bg=rgb=""FF000000"""
2013,JUNE 2013,6,2013,North Pier East - 240',North Pier East,240,"",65,AD,25,26,2,fill_run,2013-06-25,2013-06-26,true,Barge SILVER VOYAGER,"solid|fg=rgb=""FF31869B"" |bg=rgb=""FF000000"""
2013,JUNE 2013,6,2013,Inner Channel - 55',Inner Channel,55,"",66,B,-3,-2,2,fill_run,"","",false,R/V Long Compass,"solid|fg=rgb=""FFFFFF00"" |bg=indexed=""64"""
2013,JUNE 2013,6,2013,South Float West - 90',South Float West,90,"",67,X,19,19,1,single,2013-06-19,2013-06-19,true,S/V Deep Skua,"solid|fg=theme=""6"" tint=""0.3999755851924192"" |bg=indexed=""64"""
2013,JUNE 2013,6,2013,South Float West - 90',South Float West,90,"",67,AH,29,29,1,single,2013-06-29,2013-06-29,true,M/V Golden Ledge,"solid|fg=theme=""8"" tint=""0.5999938962981048"" |bg=indexed=""64"""
2013,JUNE 2013,6,2013,South Float East - 90',South Float East,90,"",68,G,2,28,27,merge,2013-06-02,2013-06-28,true,OSV AMBER REEF,"solid|fg=rgb=""FF008000"" |bg=indexed=""64"""
2013,JULY 2013,7,2013,North Pier West - 410',North Pier West,410,"",74,F,1,31,31,merge,2013-07-01,2013-07-31,true,M/Y BLUE TIDE,"solid|fg=theme=""8"" tint=""0.3999755851924192"" |bg=indexed=""64"""
2013,JULY 2013,7,2013,North Pier Face - 75',North Pier Face,75,"",75,AG,28,28,1,single,2013-07-28,2013-07-28,true,F/V Coral Marlin,"solid|fg=rgb=""FFFFC000"" |bg=indexed=""64"""
2013,JULY 2013,7,2013,North Pier East - 240',North Pier East,240,"",76,G,2,6,5,merge,2013-07-02,2013-07-06,true,R/V GOLDEN COMPASS,"solid|fg=rgb=""FF4F81BD"" |bg=indexed=""64"""
2013,JULY 2013,7,2013,North Pier East - 240',North Pier East,240,"",76,Q,12,31,20,merge,2013-07-12,2013-07-31,true,R/V GOLDEN COMPASS,"solid|fg=rgb=""FF4F81BD"" |bg=indexed=""64"""
2013,JULY 2013,7,2013,Inner Channel - 55',Inner Channel,55,"",77,B,-3,-2,2,fill_run,"","",false,R/V Long Compass,"solid|fg=rgb=""FFFFFF00"" |bg=indexed=""64"""
2013,JULY 2013,7,2013,South Float West - 90',South Float West,90,"",78,F,1,2,2,merge,2013-07-01,2013-07-02,true,R/V Far Sextant,"solid|fg=rgb=""FFFFFF00"" |bg=indexed=""64"""
2013,JULY 2013,7,2013,South Float West - 90',South Float West,90,"",78,H,3,4,2,fill_run,2013-07-03,2013-07-04,true,M/V Golden Ledge,"solid|fg=theme=""8"" tint=""0.5999938962981048"" |bg=indexed=""64"""
2013,JULY 2013,7,2013,South Float West - 90',South Float West,90,"",78,M,8,8,1,single,2013-07-08,2013-07-08,true,R/V Long Ketch,"solid|fg=rgb=""FF60497A"" |bg=rgb=""FF000000"""
2013,JULY 2013,7,2013,South Float West - 90',South Float West,90,"",78,N,9,9,1,single,2013-07-09,2013-07-09,true,M/Y Blue Compass,"solid|fg=theme=""2"" tint=""-0.249977111117893"" |bg=indexed=""64"""
2013,JULY 2013,7,2013,South Float West - 90',South Float West,90,"",78,T,15,15,1,single,2013-07-15,2013-07-15,true,R/V Long Ketch,"solid|fg=rgb=""FF60497A"" |bg=rgb=""FF000000"""
2013,JULY 2013,7,2013,South Float West - 90',South Float West,90,"",78,U,16,19,4,fill_run,2013-07-16,2013-07-19,true,Barge Quiet Horizon,"solid|fg=rgb=""FFFFFF00"" |bg=indexed=""64"""
2013,JULY 2013,7,2013,South Float West - 90',South Float West,90,"",78,AA,22,22,1,single,2013-07-22,2013-07-22,true,R/V Long Ketch,"solid|fg=rgb=""FF60497A"" |bg=rgb=""FF000000"""
2013,JULY 2013,7,2013,South Float West - 90',South Float West,90,"",78,AB,23,23,1,single,2013-07-23,2013-07-23,true,M/V Deep Reef,"solid|fg=rgb=""FF92D050"" |bg=indexed=""64"""
2013,JULY 2013,7,2013,South Float West - 90',South Float West,90,"",78,AE,26,31,6,merge,2013-07-26,2013-07-31,true,R/V Northern Osprey,"solid|fg=theme=""3"" |bg=indexed=""64"""
2013,JULY 2013,7,2013,South Float East - 90',South Float East,90,"",79,F,1,5,5,merge,2013-07-01,2013-07-05,true,OSV AMBER REEF,"solid|fg=rgb=""FF008000"" |bg=indexed=""64"""
2013,JULY 2013,7,2013,South Float East - 90',South Float East,90,"",79,W,18,22,5,merge,2013-07-18,2013-07-22,true,OSV AMBER REEF,"solid|fg=rgb=""FF008000"" |bg=indexed=""64"""
2013,JULY 2013,7,2013,South Float East - 90',South Float East,90,"",79,AB,23,28,6,merge,2013-07-23,2013-07-28,true,R/V Silver Heron,"solid|fg=rgb=""FFFFFF00"" |bg=indexed=""64"""
2013,JULY 2013,7,2013,South Float East - 90',South Float East,90,"",79,AH,29,29,1,single,2013-07-29,2013-07-29,true,R/V Long Ketch,"solid|fg=rgb=""FF60497A"" |bg=rgb=""FF000000"""
2013,AUGUST 2013,8,2013,North Pier West - 410',North Pier West,410,"",85,F,1,31,31,merge,2013-08-01,2013-08-31,true,M/Y BLUE TIDE,"solid|fg=theme=""8"" tint=""0.3999755851924192"" |bg=indexed=""64"""
2013,AUGUST 2013,8,2013,North Pier East - 240',North Pier East,240,"",87,F,1,3,3,merge,2013-08-01,2013-08-03,true,R/V GOLDEN COMPASS,"solid|fg=rgb=""FF4F81BD"" |bg=indexed=""64"""
2013,AUGUST 2013,8,2013,North Pier East - 240',North Pier East,240,"",87,N,9,11,3,merge,2013-08-09,2013-08-11,true,R/V Green Marlin,"solid|fg=theme=""8"" tint=""-0.249977111117893"" |bg=indexed=""64"""
2013,AUGUST 2013,8,2013,North Pier East - 240',North Pier East,240,"",87,Q,12,31,20,merge,2013-08-12,2013-08-31,true,M/V NORTHERN HARBOR,"solid|fg=rgb=""FFC00000"" |bg=indexed=""64"""
2013,AUGUST 2013,8,2013,Inner Channel - 55',Inner Channel,55,"",88,B,-3,-3,1,single,"","",false,R/V Long Compass,""
2013,AUGUST 2013,8,2013,South Float West - 90',South Float West,90,"",89,F,1,2,2,merge,2013-08-01,2013-08-02,true,R/V Northern Osprey,"solid|fg=theme=""4"" tint=""-0.249977111117893"" |bg=indexed=""64"""
2013,AUGUST 2013,8,2013,South Float West - 90',South Float West,90,"",89,H,3,4,2,merge,2013-08-03,2013-08-04,true,OSV Salt Marlin,"solid|fg=theme=""2"" tint=""-0.09997863704336681"" |bg=indexed=""64"""
2013,AUGUST 2013,8,2013,South Float West - 90',South Float West,90,"",89,J,5,5,1,single,2013-08-05,2013-08-05,true,R/V Long Ketch,"solid|fg=rgb=""FF60497A"" |bg=rgb=""FF000000"""
2013,AUGUST 2013,8,2013,South Float West - 90',South Float West,90,"",89,O,10,11,2,repeat,2013-08-10,2013-08-11,true,R/V Long Ketch,"solid|fg=rgb=""FF60497A"" |bg=rgb=""FF000000"""
2013,AUGUST 2013,8,2013,South Float West - 90',South Float West,90,"",89,V,17,17,1,single,2013-08-17,2013-08-17,true,R/V Long Ketch,"solid|fg=rgb=""FF60497A"" |bg=rgb=""FF000000"""
2013,AUGUST 2013,8,2013,South Float West - 90',South Float West,90,"",89,AC,24,31,8,merge,2013-08-24,2013-08-31,true,"Bollard replacement, west face","solid|fg=rgb=""FFFFFF00"" |bg=indexed=""64"""
2013,AUGUST 2013,8,2013,South Float East - 90',South Float East,90,"",90,K,6,10,5,merge,2013-08-06,2013-08-10,true,OSV AMBER REEF,"solid|fg=rgb=""FF008000"" |bg=indexed=""64"""
2013,AUGUST 2013,8,2013,South Float East - 90',South Float East,90,"",90,P,11,12,2,merge,2013-08-11,2013-08-12,true,S/V Grey Drift,"solid|fg=theme=""4"" tint=""0.3999755851924192"" |bg=indexed=""64"""
2013,AUGUST 2013,8,2013,South Float East - 90',South Float East,90,"",90,T,15,15,1,single,2013-08-15,2013-08-15,true,M/Y Coral Dory,"solid|fg=theme=""9"" tint=""0.5999938962981048"" |bg=indexed=""64"""
2013,AUGUST 2013,8,2013,South Float East - 90',South Float East,90,"",90,AH,29,30,2,merge,2013-08-29,2013-08-30,true,M/V Salt Petrel,"solid|fg=rgb=""FFFFFF00"" |bg=indexed=""64"""
2013,SEPTEMBER 2013,9,2013,North Pier West - 410',North Pier West,410,"",97,F,1,30,30,merge,2013-09-01,2013-09-30,true,M/Y BLUE TIDE,"solid|fg=theme=""8"" tint=""0.3999755851924192"" |bg=indexed=""64"""
2013,SEPTEMBER 2013,9,2013,North Pier East - 240',North Pier East,240,"",99,F,1,30,30,merge,2013-09-01,2013-09-30,true,M/V NORTHERN HARBOR,"solid|fg=rgb=""FFC00000"" |bg=indexed=""64"""
2013,SEPTEMBER 2013,9,2013,Inner Channel - 55',Inner Channel,55,"",100,B,-3,-3,1,single,"","",false,Tug Clear Anchor,""
2013,SEPTEMBER 2013,9,2013,South Float West - 90',South Float West,90,"",101,F,1,30,30,merge,2013-09-01,2013-09-30,true,Ultrasonic pier test,"solid|fg=rgb=""FFF0FF63"" |bg=indexed=""64"""
2013,SEPTEMBER 2013,9,2013,South Float East - 90',South Float East,90,"",102,L,7,7,1,single,2013-09-07,2013-09-07,true,Rescue drill,""
2013,SEPTEMBER 2013,9,2013,South Float East - 90',South Float East,90,"",102,P,11,11,1,single,2013-09-11,2013-09-11,true,R/V Northern Ledge,"solid|fg=theme=""0"" tint=""-0.1499984740745262"" |bg=indexed=""64"""
2013,SEPTEMBER 2013,9,2013,South Float East - 90',South Float East,90,"",102,Q,12,15,4,merge,2013-09-12,2013-09-15,true,R/V Blue Star,"solid|fg=theme=""9"" tint=""0.5999938962981048"" |bg=indexed=""64"""
2013,SEPTEMBER 2013,9,2013,South Float East - 90',South Float East,90,"",102,U,16,16,1,single,2013-09-16,2013-09-16,true,R/V Long Ketch,"solid|fg=rgb=""FF60497A"" |bg=rgb=""FF000000"""
2013,SEPTEMBER 2013,9,2013,South Float East - 90',South Float East,90,"",102,V,17,22,6,merge,2013-09-17,2013-09-22,true,R/V Blue Star,"solid|fg=theme=""9"" tint=""0.5999938962981048"" |bg=indexed=""64"""
2013,SEPTEMBER 2013,9,2013,South Float East - 90',South Float East,90,"",102,AB,23,24,2,repeat,2013-09-23,2013-09-24,true,R/V Long Ketch,"solid|fg=rgb=""FF60497A"" |bg=rgb=""FF000000"""
2013,SEPTEMBER 2013,9,2013,South Float East - 90',South Float East,90,"",102,AD,25,28,4,merge,2013-09-25,2013-09-28,true,R/V Blue Star,"solid|fg=theme=""9"" tint=""0.5999938962981048"" |bg=indexed=""64"""
2013,SEPTEMBER 2013,9,2013,South Float East - 90',South Float East,90,"",102,AH,29,29,1,single,2013-09-29,2013-09-29,true,OSV AMBER REEF,"solid|fg=rgb=""FF008000"" |bg=indexed=""64"""
2013,OCTOBER 2013,10,2013,North Pier West - 410',North Pier West,410,"",108,G,2,17,16,fill_run,2013-10-02,2013-10-17,true,M/Y Blue Tide,"solid|fg=theme=""8"" tint=""0.3999755851924192"" |bg=indexed=""64"""
2013,OCTOBER 2013,10,2013,North Pier West - 410',North Pier West,410,"",108,W,18,30,13,merge,2013-10-18,2013-10-30,true,R/V GOLDEN COMPASS,"solid|fg=theme=""3"" tint=""0.3999755851924192"" |bg=indexed=""64"""
2013,OCTOBER 2013,10,2013,North Pier East - 240',North Pier East,240,"",110,F,1,25,25,merge,2013-10-01,2013-10-25,true,M/V NORTHERN HARBOR,"solid|fg=rgb=""FFC00000"" |bg=indexed=""64"""
2013,OCTOBER 2013,10,2013,North Pier East - 240',North Pier East,240,"",110,AE,26,31,6,merge,2013-10-26,2013-10-31,true,M/Y Blue Tide,"solid|fg=theme=""8"" tint=""0.3999755851924192"" |bg=indexed=""64"""
2013,OCTOBER 2013,10,2013,Inner Channel - 55',Inner Channel,55,"",111,B,-3,-3,1,single,"","",false,R/V Long Compass,""
2013,OCTOBER 2013,10,2013,South Float West - 90',South Float West,90,"",112,I,4,4,1,single,2013-10-04,2013-10-04,true,R/V Long Ketch,"solid|fg=rgb=""FF60497A"" |bg=rgb=""FF000000"""
2013,OCTOBER 2013,10,2013,South Float West - 90',South Float West,90,"",112,K,6,6,1,single,2013-10-06,2013-10-06,true,M/Y High Tern,"solid|fg=rgb=""FFFFFF00"" |bg=indexed=""64"""
2013,OCTOBER 2013,10,2013,South Float West - 90',South Float West,90,"",112,V,17,17,1,single,2013-10-17,2013-10-17,true,R/V Long Ketch,"solid|fg=rgb=""FF60497A"" |bg=rgb=""FF000000"""
2013,OCTOBER 2013,10,2013,South Float West - 90',South Float West,90,"",112,Z,21,22,2,repeat,2013-10-21,2013-10-22,true,R/V Long Ketch,"solid|fg=rgb=""FF60497A"" |bg=rgb=""FF000000"""
2013,OCTOBER 2013,10,2013,South Float West - 90',South Float West,90,"",112,AD,25,25,1,single,2013-10-25,2013-10-25,true,R/V Long Ketch,"solid|fg=rgb=""FF60497A"" |bg=rgb=""FF000000"""
2013,NOVEMBER 2013,11,2013,North Pier West - 410',North Pier West,410,"",119,J,5,7,3,merge,2013-11-05,2013-11-07,true,R/V GOLDEN COMPASS,"solid|fg=rgb=""FF4F81BD"" |bg=indexed=""64"""
2013,NOVEMBER 2013,11,2013,North Pier West - 410',North Pier West,410,"",119,T,15,16,2,merge,2013-11-15,2013-11-16,true,R/V GOLDEN COMPASS,"solid|fg=rgb=""FF4F81BD"" |bg=indexed=""64"""
2013,NOVEMBER 2013,11,2013,North Pier West - 410',North Pier West,410,"",119,AB,23,25,3,merge,2013-11-23,2013-11-25,true,R/V GOLDEN COMPASS,"solid|fg=rgb=""FF4F81BD"" |bg=indexed=""64"""
2013,NOVEMBER 2013,11,2013,North Pier West - 410',North Pier West,410,"",119,AF,27,29,3,merge,2013-11-27,2013-11-29,true,R/V GOLDEN COMPASS,"solid|fg=rgb=""FF4F81BD"" |bg=indexed=""64"""
2013,NOVEMBER 2013,11,2013,North Pier East - 240',North Pier East,240,"",121,F,1,16,16,fill_run,2013-11-01,2013-11-16,true,M/Y Blue Tide,"solid|fg=theme=""8"" tint=""0.3999755851924192"" |bg=indexed=""64"""
2013,NOVEMBER 2013,11,2013,North Pier East - 240',North Pier East,240,"",121,AE,26,30,5,merge,2013-11-26,2013-11-30,true,M/V NORTHERN HARBOR,"solid|fg=rgb=""FFC00000"" |bg=indexed=""64"""
2013,NOVEMBER 2013,11,2013,Inner Channel - 55',Inner Channel,55,"",122,B,-3,-3,1,single,"","",false,Tug Clear Anchor,""
2013,NOVEMBER 2013,11,2013,South Float East - 90',South Float East,90,"",124,AF,27,28,2,merge,2013-11-27,2013-11-28,true,R/V Clear Drift,"solid|fg=theme=""6"" tint=""0.5999938962981048"" |bg=indexed=""64"""
2013,DECEMBER 2013,12,2013,North Pier West - 410',North Pier West,410,"",130,D,-1,31,33,merge,"",2013-12-31,false,R/V GOLDEN COMPASS,"solid|fg=theme=""4"" |bg=rgb=""FF000000"""
2013,DECEMBER 2013,12,2013,North Pier Face - 75',North Pier Face,75,"",131,H,3,9,7,merge,2013-12-03,2013-12-09,true,S/V Grey Skua,"solid|fg=rgb=""FFFFFF00"" |bg=indexed=""64"""
2013,DECEMBER 2013,12,2013,North Pier Face - 75',North Pier Face,75,"",131,Q,12,12,1,single,2013-12-12,2013-12-12,true,Barge SILVER VOYAGER,"solid|fg=rgb=""FF31869B"" |bg=rgb=""FF000000"""
2013,DECEMBER 2013,12,2013,North Pier Face - 75',North Pier Face,75,"",131,S,14,15,2,merge,2013-12-14,2013-12-15,true,Barge SILVER VOYAGER,"solid|fg=rgb=""FF31869B"" |bg=rgb=""FF000000"""
2013,DECEMBER 2013,12,2013,North Pier Face - 75',North Pier Face,75,"",131,U,16,30,15,fill_run,2013-12-16,2013-12-30,true,Tug Far Ledge,"solid|fg=theme=""0"" tint=""-0.1499984740745262"" |bg=indexed=""64"""
2013,DECEMBER 2013,12,2013,North Pier East - 240',North Pier East,240,"",132,F,1,31,31,merge,2013-12-01,2013-12-31,true,M/V NORTHERN HARBOR,"solid|fg=rgb=""FFC00000"" |bg=indexed=""64"""
2013,DECEMBER 2013,12,2013,Inner Channel - 55',Inner Channel,55,"",133,B,-3,-3,1,single,"","",false,Tug Clear Anchor,""
2013,DECEMBER 2013,12,2013,South Float West - 90',South Float West,90,"",134,F,1,3,3,merge,2013-12-01,2013-12-03,true,R/V Clear Drift,"solid|fg=theme=""6"" tint=""0.5999938962981048"" |bg=indexed=""64"""
2013,DECEMBER 2013,12,2013,South Float West - 90',South Float West,90,"",134,I,4,31,28,fill_run,2013-12-04,2013-12-31,true,OSV Blue Osprey,"solid|fg=theme=""7"" tint=""0.5999938962981048"" |bg=indexed=""64"""
2014,January,1,2014,North Pier West - 410',North Pier West,410,"",8,B,0,31,32,merge,"",2014-01-31,false,R/V GOLDEN COMPASS,"solid|fg=rgb=""FF4F81BD"" |bg=rgb=""FF000000"""
2014,January,1,2014,North Pier East - 240',North Pier East,240,"",10,C,1,31,31,merge,2014-01-01,2014-01-31,true,M/V NORTHERN HARBOR,"solid|fg=rgb=""FFC00000"" |bg=indexed=""64"""
2014,February,2,2014,North Pier West - 410',North Pier West,410,"",20,J,4,4,1,single,2014-02-04,2014-02-04,true,R/V GOLDEN COMPASS,"solid|fg=rgb=""FF0070C0"" |bg=rgb=""FF000000"""
2014,February,2,2014,North Pier East - 240',North Pier East,240,"",22,G,1,16,16,merge,2014-02-01,2014-02-16,true,M/V NORTHERN HARBOR,"solid|fg=rgb=""FFC00000"" |bg=indexed=""64"""
2014,February,2,2014,North Pier East - 240',North Pier East,240,"",22,AA,21,28,8,merge,2014-02-21,2014-02-28,true,M/V NORTHERN HARBOR,"solid|fg=rgb=""FFC00000"" |bg=indexed=""64"""
2014,February,2,2014,South Float East - 90',South Float East,90,"",25,AC,23,28,6,merge,2014-02-23,2014-02-28,true,M/V Quiet Current,"solid|fg=rgb=""FFFFFF00"" |bg=indexed=""64"""
2014,March,3,2014,North Pier West - 410',North Pier West,410,"",32,V,16,24,9,merge,2014-03-16,2014-03-24,true,R/V GOLDEN COMPASS,"solid|fg=rgb=""FF4F81BD"" |bg=rgb=""FF000000"""
2014,March,3,2014,North Pier East - 240',North Pier East,240,"",34,G,1,4,4,merge,2014-03-01,2014-03-04,true,M/V NORTHERN HARBOR,"solid|fg=rgb=""FFC00000"" |bg=indexed=""64"""
2014,March,3,2014,North Pier East - 240',North Pier East,240,"",34,Q,11,17,7,merge,2014-03-11,2014-03-17,true,M/V NORTHERN HARBOR,"solid|fg=rgb=""FFC00000"" |bg=indexed=""64"""
2014,March,3,2014,North Pier East - 240',North Pier East,240,"",34,Y,19,19,1,single,2014-03-19,2014-03-19,true,Barge Silver Voyager,""
2014,March,3,2014,North Pier East - 240',North Pier East,240,"",34,AF,26,27,2,fill_run,2014-03-26,2014-03-27,true,S/V Swift Wind,"solid|fg=rgb=""FFFFFF00"" |bg=indexed=""64"""
2014,March,3,2014,Inner Channel - 55',Inner Channel,55,"",35,K,5,5,1,single,2014-03-05,2014-03-05,true,M/V NORTHERN HARBOR,""
2014,March,3,2014,South Float East - 90',South Float East,90,"",37,G,1,14,14,merge,2014-03-01,2014-03-14,true,M/V Quiet Current,"solid|fg=rgb=""FFFFFF00"" |bg=indexed=""64"""
2014,March,3,2014,South Float East - 90',South Float East,90,"",37,U,15,15,1,single,2014-03-15,2014-03-15,true,R/V Long Ketch,"solid|fg=rgb=""FF60497A"" |bg=rgb=""FF000000"""
2014,March,3,2014,South Float East - 90',South Float East,90,"",37,AJ,30,30,1,single,2014-03-30,2014-03-30,true,R/V Long Ketch,"solid|fg=rgb=""FF60497A"" |bg=rgb=""FF000000"""
2014,March,3,2014,North Finger Piers:,North Finger Piers,"",North Finger Piers:,38,R,12,22,11,fill_run,2014-03-12,2014-03-22,true,R/V Blue Star,"solid|fg=theme=""9"" tint=""0.7999816888943144"" |bg=indexed=""64"""
2014,March,3,2014,Small craft slips (institution boats),Small craft slips (institution boats),"",North Finger Piers:,39,W,17,17,1,single,2014-03-17,2014-03-17,true,R/V Blue Marlin,""
2014,April,4,2014,North Pier West - 410',North Pier West,410,"",44,I,3,8,6,merge,2014-04-03,2014-04-08,true,R/V GOLDEN COMPASS,"solid|fg=rgb=""FF4F81BD"" |bg=rgb=""FF000000"""
2014,April,4,2014,North Pier West - 410',North Pier West,410,"",44,S,13,13,1,single,2014-04-13,2014-04-13,true,S/V Swift Wind,"solid|fg=rgb=""FFFFFF00"" |bg=indexed=""64"""
2014,April,4,2014,North Pier West - 410',North Pier West,410,"",44,W,17,20,4,merge,2014-04-17,2014-04-20,true,R/V GOLDEN COMPASS,"solid|fg=rgb=""FF4F81BD"" |bg=rgb=""FF000000"""
2014,April,4,2014,North Pier West - 410',North Pier West,410,"",44,AH,28,30,3,merge,2014-04-28,2014-04-30,true,R/V GOLDEN COMPASS,"solid|fg=rgb=""FF4F81BD"" |bg=rgb=""FF000000"""
2014,April,4,2014,North Pier Face - 75',North Pier Face,75,"",45,R,12,15,4,merge,2014-04-12,2014-04-15,true,OSV Wild Star,"solid|fg=theme=""9"" |bg=indexed=""64"""
2014,April,4,2014,North Pier East - 240',North Pier East,240,"",46,I,3,13,11,merge,2014-04-03,2014-04-13,true,Barge Western Dory,"solid|fg=theme=""6"" tint=""0.5999938962981048"" |bg=indexed=""64"""
2014,April,4,2014,North Pier East - 240',North Pier East,240,"",46,W,17,19,3,merge,2014-04-17,2014-04-19,true,OSV Wild Star,"solid|fg=theme=""9"" |bg=indexed=""64"""
2014,April,4,2014,North Pier East - 240',North Pier East,240,"",46,AE,25,29,5,merge,2014-04-25,2014-04-29,true,OSV Wild Star,"solid|fg=theme=""9"" |bg=indexed=""64"""
2014,April,4,2014,South Float East - 90',South Float East,90,"",49,H,2,2,1,single,2014-04-02,2014-04-02,true,R/V Long Ketch,"solid|fg=rgb=""FF60497A"" |bg=rgb=""FF000000"""
2014,April,4,2014,South Float East - 90',South Float East,90,"",49,Q,11,13,3,merge,2014-04-11,2014-04-13,true,R/V Clear Fathom,"solid|fg=theme=""8"" tint=""0.3999755851924192"" |bg=indexed=""64"""
2014,April,4,2014,South Float East - 90',South Float East,90,"",49,Z,20,20,1,single,2014-04-20,2014-04-20,true,R/V Long Ketch,"solid|fg=rgb=""FF60497A"" |bg=rgb=""FF000000"""
2014,May,5,2014,North Pier West - 410',North Pier West,410,"",56,G,1,11,11,merge,2014-05-01,2014-05-11,true,R/V GOLDEN COMPASS,"solid|fg=rgb=""FF0070C0"" |bg=rgb=""FF000000"""
2014,May,5,2014,North Pier West - 410',North Pier West,410,"",56,Y,19,19,1,single,2014-05-19,2014-05-19,true,M/V GREY COMPASS,""
2014,May,5,2014,North Pier West - 410',North Pier West,410,"",56,Z,20,22,3,merge,2014-05-20,2014-05-22,true,R/V GOLDEN COMPASS,"solid|fg=rgb=""FF4F81BD"" |bg=rgb=""FF000000"""
2014,May,5,2014,North Pier West - 410',North Pier West,410,"",56,AF,26,28,3,merge,2014-05-26,2014-05-28,true,F/V SALT FATHOM,"solid|fg=theme=""6"" tint=""0.3999755851924192"" |bg=indexed=""64"""
2014,May,5,2014,North Pier West - 410',North Pier West,410,"",56,AJ,30,31,2,merge,2014-05-30,2014-05-31,true,M/V NORTHERN HARBOR,"solid|fg=rgb=""FFC00000"" |bg=indexed=""64"""
2014,May,5,2014,North Pier East - 240',North Pier East,240,"",58,U,15,15,1,single,2014-05-15,2014-05-15,true,F/V SALT FATHOM,"solid|fg=theme=""6"" tint=""0.3999755851924192"" |bg=indexed=""64"""
2014,May,5,2014,North Pier East - 240',North Pier East,240,"",58,X,18,19,2,merge,2014-05-18,2014-05-19,true,F/V SALT FATHOM,"solid|fg=theme=""6"" tint=""0.3999755851924192"" |bg=indexed=""64"""
2014,May,5,2014,North Pier East - 240',North Pier East,240,"",58,AG,27,28,2,merge,2014-05-27,2014-05-28,true,F/V SALT FATHOM,"solid|fg=theme=""6"" tint=""0.3999755851924192"" |bg=indexed=""64"""
2014,May,5,2014,Inner Channel - 55',Inner Channel,55,"",59,B,-4,-4,1,single,"","",false,R/V Golden Horizon,""
2014,May,5,2014,South Float West - 90',South Float West,90,"",60,K,5,5,1,single,2014-05-05,2014-05-05,true,R/V Long Ketch,""
2014,May,5,2014,South Float West - 90',South Float West,90,"",60,Q,11,12,2,repeat,2014-05-11,2014-05-12,true,R/V Long Ketch,"solid|fg=rgb=""FF60497A"" |bg=rgb=""FF000000"""
2014,May,5,2014,South Float West - 90',South Float West,90,"",60,V,16,16,1,single,2014-05-16,2014-05-16,true,R/V Long Ketch,"solid|fg=rgb=""FF60497A"" |bg=rgb=""FF000000"""
2014,May,5,2014,South Float West - 90',South Float West,90,"",60,X,18,19,2,merge,2014-05-18,2014-05-19,true,R/V Long Ketch,"solid|fg=rgb=""FF60497A"" |bg=rgb=""FF000000"""
2014,May,5,2014,South Float West - 90',South Float West,90,"",60,Z,20,20,1,single,2014-05-20,2014-05-20,true,R/V Long Ketch,""
2014,May,5,2014,South Float East - 90',South Float East,90,"",61,H,2,2,1,single,2014-05-02,2014-05-02,true,R/V Long Ketch,"solid|fg=rgb=""FF60497A"" |bg=rgb=""FF000000"""
2014,May,5,2014,South Float East - 90',South Float East,90,"",61,K,5,5,1,single,2014-05-05,2014-05-05,true,R/V Long Ketch,"solid|fg=rgb=""FF60497A"" |bg=rgb=""FF000000"""
2014,May,5,2014,South Float East - 90',South Float East,90,"",61,R,12,19,8,merge,2014-05-12,2014-05-19,true,OSV AMBER REEF,"solid|fg=rgb=""FF008000"" |bg=indexed=""64"""
2014,May,5,2014,South Float East - 90',South Float East,90,"",61,AF,26,31,6,merge,2014-05-26,2014-05-31,true,OSV AMBER REEF,"solid|fg=rgb=""FF008000"" |bg=indexed=""64"""
2014,June,6,2014,North Pier West - 410',North Pier West,410,"",68,H,2,4,3,merge,2014-06-02,2014-06-04,true,M/V NORTHERN HARBOR,"solid|fg=rgb=""FFC00000"" |bg=indexed=""64"""
2014,June,6,2014,North Pier West - 410',North Pier West,410,"",68,V,16,22,7,merge,2014-06-16,2014-06-22,true,M/V NORTHERN HARBOR,"solid|fg=rgb=""FFC00000"" |bg=indexed=""64"""
2014,June,6,2014,North Pier West - 410',North Pier West,410,"",68,AD,24,24,1,single,2014-06-24,2014-06-24,true,S/V Far Horizon,"solid|fg=theme=""8"" |bg=indexed=""64"""
2014,June,6,2014,North Pier Face - 75',North Pier Face,75,"",69,AC,23,30,8,fill_run,2014-06-23,2014-06-30,true,Bunker barge,"solid|fg=rgb=""FFD9D9D9"" |bg=rgb=""FF000000"""
2014,June,6,2014,North Pier East - 240',North Pier East,240,"",70,B,-4,-4,1,single,"","",false,M/V GREY COMPASS,""
2014,June,6,2014,North Pier East - 240',North Pier East,240,"",70,G,1,3,3,merge,2014-06-01,2014-06-03,true,R/V CORAL TERN,"solid|fg=rgb=""FF4F81BD"" |bg=rgb=""FF000000"""
2014,June,6,2014,North Pier East - 240',North Pier East,240,"",70,M,7,9,3,merge,2014-06-07,2014-06-09,true,R/V GOLDEN COMPASS,"solid|fg=rgb=""FF4F81BD"" |bg=rgb=""FF000000"""
2014,June,6,2014,North Pier East - 240',North Pier East,240,"",70,T,14,20,7,merge,2014-06-14,2014-06-20,true,R/V GOLDEN COMPASS,"solid|fg=rgb=""FF4F81BD"" |bg=rgb=""FF000000"""
2014,June,6,2014,North Pier East - 240',North Pier East,240,"",70,AA,21,30,10,merge,2014-06-21,2014-06-30,true,M/V NORTHERN HARBOR,"solid|fg=rgb=""FFC00000"" |bg=indexed=""64"""
2014,June,6,2014,Inner Channel - 55',Inner Channel,55,"",71,B,-4,-4,1,single,"","",false,R/V Golden Horizon,""
2014,June,6,2014,South Float West - 90',South Float West,90,"",72,I,3,3,1,single,2014-06-03,2014-06-03,true,R/V Long Ketch,"solid|fg=rgb=""FF60497A"" |bg=rgb=""FF000000"""
2014,June,6,2014,South Float West - 90',South Float West,90,"",72,J,4,4,1,single,2014-06-04,2014-06-04,true,R/V Iron Lantern,"solid|fg=rgb=""FFFFFF00"" |bg=indexed=""64"""
2014,June,6,2014,South Float West - 90',South Float West,90,"",72,P,10,10,1,single,2014-06-10,2014-06-10,true,R/V Long Ketch,"solid|fg=rgb=""FF60497A"" |bg=rgb=""FF000000"""
2014,June,6,2014,South Float West - 90',South Float West,90,"",72,Q,11,13,3,merge,2014-06-11,2014-06-13,true,S/V Golden Anchor,"solid|fg=theme=""6"" tint=""0.3999755851924192"" |bg=indexed=""64"""
2014,June,6,2014,South Float West - 90',South Float West,90,"",72,T,14,15,2,merge,2014-06-14,2014-06-15,true,R/V Long Ketch,"solid|fg=rgb=""FF60497A"" |bg=rgb=""FF000000"""
2014,June,6,2014,South Float West - 90',South Float West,90,"",72,X,18,20,3,merge,2014-06-18,2014-06-20,true,S/V Golden Anchor,"solid|fg=theme=""6"" tint=""0.3999755851924192"" |bg=indexed=""64"""
2014,June,6,2014,South Float West - 90',South Float West,90,"",72,AB,22,22,1,single,2014-06-22,2014-06-22,true,F/V Clear Compass,""
2014,June,6,2014,South Float West - 90',South Float West,90,"",72,AI,29,30,2,merge,2014-06-29,2014-06-30,true,M/V Western Marlin,"solid|fg=theme=""9"" tint=""0.5999938962981048"" |bg=indexed=""64"""
2014,June,6,2014,South Float East - 90',South Float East,90,"",73,G,1,10,10,merge,2014-06-01,2014-06-10,true,OSV AMBER REEF,"solid|fg=rgb=""FF008000"" |bg=indexed=""64"""
2014,June,6,2014,South Float East - 90',South Float East,90,"",73,R,12,16,5,merge,2014-06-12,2014-06-16,true,OSV AMBER REEF,"solid|fg=rgb=""FF008000"" |bg=indexed=""64"""
2014,June,6,2014,South Float East - 90',South Float East,90,"",73,X,18,18,1,single,2014-06-18,2014-06-18,true,F/V Western Gannet,"solid|fg=theme=""4"" tint=""-0.499984740745262"" |bg=indexed=""64"""
2014,June,6,2014,South Float East - 90',South Float East,90,"",73,Z,20,27,8,merge,2014-06-20,2014-06-27,true,S/V Clear Kestrel,"solid|fg=rgb=""FF008000"" |bg=indexed=""64"""
2014,June,6,2014,North Finger Piers:,North Finger Piers,"",North Finger Piers:,74,J,4,4,1,single,2014-06-04,2014-06-04,true,R/V Long Ketch,"solid|fg=rgb=""FF60497A"" |bg=rgb=""FF000000"""
2014,June,6,2014,North Finger Piers:,North Finger Piers,"",North Finger Piers:,74,Y,19,19,1,single,2014-06-19,2014-06-19,true,R/V Quiet Harbor,""
2014,June,6,2014,North Finger Piers:,North Finger Piers,"",North Finger Piers:,74,AH,28,28,1,single,2014-06-28,2014-06-28,true,R/V Long Ketch,"solid|fg=rgb=""FF60497A"" |bg=rgb=""FF000000"""
2014,June,6,2014,Small craft slips (institution boats),Small craft slips (institution boats),"",North Finger Piers:,75,V,16,16,1,single,2014-06-16,2014-06-16,true,M/Y WILD VOYAGER,""
2014,June,6,2014,Small craft slips (institution boats),Small craft slips (institution boats),"",North Finger Piers:,76,E,-1,-1,1,single,"","",false,M/V Golden Current,""
2014,July,7,2014,North Pier West - 410',North Pier West,410,"",80,S,13,13,1,single,2014-07-13,2014-07-13,true,R/V Coral Harbor,"solid|fg=theme=""6"" tint=""0.3999755851924192"" |bg=indexed=""64"""
2014,July,7,2014,North Pier West - 410',North Pier West,410,"",80,AE,25,26,2,fill_run,2014-07-25,2014-07-26,true,S/V Swift Tide,"solid|fg=rgb=""FFF0FF63"" |bg=indexed=""64"""
2014,July,7,2014,North Pier East - 240',North Pier East,240,"",82,I,3,7,5,merge,2014-07-03,2014-07-07,true,M/V NORTHERN HARBOR,"solid|fg=rgb=""FFC00000"" |bg=indexed=""64"""
2014,July,7,2014,North Pier East - 240',North Pier East,240,"",82,U,15,15,1,single,2014-07-15,2014-07-15,true,R/V Coral Harbor,"solid|fg=theme=""6"" tint=""0.3999755851924192"" |bg=indexed=""64"""
2014,July,7,2014,North Pier East - 240',North Pier East,240,"",82,X,18,19,2,merge,2014-07-18,2014-07-19,true,S/Y Silver Meridian,"solid|fg=rgb=""FFFF7E79"" |bg=indexed=""64"""
2014,July,7,2014,North Pier East - 240',North Pier East,240,"",82,AH,28,31,4,merge,2014-07-28,2014-07-31,true,OSV Wild Star,"solid|fg=theme=""9"" |bg=indexed=""64"""
2014,July,7,2014,Inner Channel - 55',Inner Channel,55,"",83,B,-4,-4,1,single,"","",false,R/V Golden Horizon,""
2014,July,7,2014,South Float West - 90',South Float West,90,"",84,J,4,4,1,single,2014-07-04,2014-07-04,true,R/V Long Ketch,"solid|fg=rgb=""FF60497A"" |bg=rgb=""FF000000"""
2014,July,7,2014,South Float West - 90',South Float West,90,"",84,P,10,10,1,single,2014-07-10,2014-07-10,true,R/V Long Ketch,"solid|fg=rgb=""FF60497A"" |bg=rgb=""FF000000"""
2014,July,7,2014,South Float West - 90',South Float West,90,"",84,T,14,14,1,single,2014-07-14,2014-07-14,true,R/V Long Ketch,"solid|fg=rgb=""FF60497A"" |bg=rgb=""FF000000"""
2014,July,7,2014,South Float West - 90',South Float West,90,"",84,V,16,16,1,single,2014-07-16,2014-07-16,true,M/V Silver Marlin,"solid|fg=rgb=""FF005493"" |bg=indexed=""64"""
2014,July,7,2014,South Float West - 90',South Float West,90,"",84,W,17,17,1,single,2014-07-17,2014-07-17,true,R/V Long Ketch,"solid|fg=rgb=""FF60497A"" |bg=rgb=""FF000000"""
2014,July,7,2014,South Float West - 90',South Float West,90,"",84,AB,22,22,1,single,2014-07-22,2014-07-22,true,R/V Long Ketch,"solid|fg=rgb=""FF60497A"" |bg=rgb=""FF000000"""
2014,July,7,2014,South Float West - 90',South Float West,90,"",84,AD,24,25,2,merge,2014-07-24,2014-07-25,true,R/V Long Ketch,"solid|fg=rgb=""FF60497A"" |bg=rgb=""FF000000"""
2014,July,7,2014,South Float West - 90',South Float West,90,"",84,AK,31,31,1,single,2014-07-31,2014-07-31,true,R/V Long Ketch,"solid|fg=rgb=""FF60497A"" |bg=rgb=""FF000000"""
2014,July,7,2014,South Float East - 90',South Float East,90,"",85,G,1,6,6,merge,2014-07-01,2014-07-06,true,OSV AMBER REEF,"solid|fg=rgb=""FF008000"" |bg=indexed=""64"""
2014,July,7,2014,South Float East - 90',South Float East,90,"",85,U,15,20,6,merge,2014-07-15,2014-07-20,true,M/V Green Ledge,"solid|fg=rgb=""FFFFFD78"" |bg=indexed=""64"""
2014,July,7,2014,South Float East - 90',South Float East,90,"",85,AD,24,27,4,merge,2014-07-24,2014-07-27,true,S/Y Wild Petrel,"solid|fg=theme=""6"" |bg=indexed=""64"""
2014,July,7,2014,South Float East - 90',South Float East,90,"",85,AJ,30,30,1,single,2014-07-30,2014-07-30,true,M/Y Deep Compass,""
2014,July,7,2014,North Finger Piers:,North Finger Piers,"",North Finger Piers:,86,H,2,8,7,merge,2014-07-02,2014-07-08,true,M/V Bright Beacon,"solid|fg=theme=""6"" tint=""-0.499984740745262"" |bg=indexed=""64"""
2014,July,7,2014,Small craft slips (institution boats),Small craft slips (institution boats),"",North Finger Piers:,88,E,-1,-1,1,single,"","",false,M/V Golden Current,""
2014,August,8,2014,North Pier West - 410',North Pier West,410,"",93,I,3,19,17,merge,2014-08-03,2014-08-19,true,R/V Iron Cove,"solid|fg=rgb=""FF76D6FF"" |bg=indexed=""64"""
2014,August,8,2014,North Pier West - 410',North Pier West,410,"",93,AD,24,28,5,merge,2014-08-24,2014-08-28,true,Tug Golden Sound,"solid|fg=rgb=""FF942093"" |bg=indexed=""64"""
2014,August,8,2014,North Pier East - 240',North Pier East,240,"",95,H,2,5,4,merge,2014-08-02,2014-08-05,true,OSV Wild Star,"solid|fg=theme=""9"" |bg=indexed=""64"""
2014,August,8,2014,North Pier East - 240',North Pier East,240,"",95,X,18,20,3,merge,2014-08-18,2014-08-20,true,OSV Wild Star,"solid|fg=theme=""9"" |bg=indexed=""64"""
2014,August,8,2014,South Float West - 90',South Float West,90,"",97,K,5,5,1,single,2014-08-05,2014-08-05,true,R/V Long Ketch,"solid|fg=rgb=""FF60497A"" |bg=rgb=""FF000000"""
2014,August,8,2014,South Float West - 90',South Float West,90,"",97,M,7,7,1,single,2014-08-07,2014-08-07,true,R/V Long Ketch,"solid|fg=rgb=""FF60497A"" |bg=rgb=""FF000000"""
2014,August,8,2014,South Float West - 90',South Float West,90,"",97,R,12,13,2,repeat,2014-08-12,2014-08-13,true,R/V Long Ketch,"solid|fg=rgb=""FF60497A"" |bg=rgb=""FF000000"""
2014,August,8,2014,South Float West - 90',South Float West,90,"",97,W,17,17,1,single,2014-08-17,2014-08-17,true,M/Y Deep Compass,""
2014,August,8,2014,South Float West - 90',South Float West,90,"",97,Y,19,19,1,single,2014-08-19,2014-08-19,true,R/V Long Ketch,"solid|fg=rgb=""FF60497A"" |bg=rgb=""FF000000"""
2014,August,8,2014,South Float West - 90',South Float West,90,"",97,AB,22,22,1,single,2014-08-22,2014-08-22,true,R/V Long Ketch,"solid|fg=rgb=""FF60497A"" |bg=rgb=""FF000000"""
2014,August,8,2014,South Float East - 90',South Float East,90,"",98,L,6,8,3,merge,2014-08-06,2014-08-08,true,OSV AMBER REEF,"solid|fg=rgb=""FF008000"" |bg=indexed=""64"""
2014,August,8,2014,South Float East - 90',South Float East,90,"",98,S,13,13,1,single,2014-08-13,2014-08-13,true,M/V Bright Cove,"solid|fg=rgb=""FF0432FF"" |bg=indexed=""64"""
2014,August,8,2014,South Float East - 90',South Float East,90,"",98,Y,19,19,1,single,2014-08-19,2014-08-19,true,S/V Deep Tide,""
2014,August,8,2014,South Float East - 90',South Float East,90,"",98,Z,20,21,2,merge,2014-08-20,2014-08-21,true,M/Y Wild Ketch,"solid|fg=rgb=""FF005493"" |bg=indexed=""64"""
2014,August,8,2014,South Float East - 90',South Float East,90,"",98,AB,22,22,1,single,2014-08-22,2014-08-22,true,M/V Amber Dory,"solid|fg=rgb=""FF00B050"" |bg=indexed=""64"""
2014,August,8,2014,South Float East - 90',South Float East,90,"",98,AC,23,23,1,single,2014-08-23,2014-08-23,true,M/V Northern Current,"solid|fg=theme=""0"" tint=""-0.1499984740745262"" |bg=indexed=""64"""
2014,August,8,2014,Small craft slips (institution boats),Small craft slips (institution boats),"",North Finger Piers:,100,E,-1,-1,1,single,"","",false,M/V Golden Current,""
2014,September,9,2014,North Pier West - 410',North Pier West,410,"",106,X,18,18,1,single,2014-09-18,2014-09-18,true,M/V Grey Compass,"solid|fg=rgb=""FFFF7E79"" |bg=indexed=""64"""
2014,September,9,2014,North Pier West - 410',North Pier West,410,"",106,AA,21,25,5,merge,2014-09-21,2014-09-25,true,M/V Long Tern,"solid|fg=rgb=""FFFF7E79"" |bg=indexed=""64"""
2014,September,9,2014,North Pier West - 410',North Pier West,410,"",106,AI,29,29,1,single,2014-09-29,2014-09-29,true,M/V Grey Compass,"solid|fg=rgb=""FFFF7E79"" |bg=indexed=""64"""
2014,September,9,2014,North Pier East - 240',North Pier East,240,"",108,K,5,9,5,fill_run,2014-09-05,2014-09-09,true,Tug Golden Sound,"solid|fg=rgb=""FF942093"" |bg=indexed=""64"""
2014,September,9,2014,North Pier East - 240',North Pier East,240,"",108,AJ,30,30,1,single,2014-09-30,2014-09-30,true,R/V Long Ketch,"solid|fg=rgb=""FF60497A"" |bg=rgb=""FF000000"""
2014,September,9,2014,Inner Channel - 55',Inner Channel,55,"",109,N,8,26,19,merge,2014-09-08,2014-09-26,true,OSV Clear Lantern,"solid|fg=rgb=""FFFFFD78"" |bg=indexed=""64"""
2014,September,9,2014,South Float West - 90',South Float West,90,"",110,L,6,7,2,repeat,2014-09-06,2014-09-07,true,R/V Long Ketch,"solid|fg=rgb=""FF60497A"" |bg=rgb=""FF000000"""
2014,September,9,2014,South Float West - 90',South Float West,90,"",110,O,9,24,16,fill_run,2014-09-09,2014-09-24,true,Barge Grey Sound,"solid|fg=rgb=""FFFFFF00"" |bg=indexed=""64"""
2014,September,9,2014,South Float West - 90',South Float West,90,"",110,AE,25,27,3,merge,2014-09-25,2014-09-27,true,R/V Blue Star,"solid|fg=theme=""4"" tint=""-0.249977111117893"" |bg=indexed=""64"""
2014,September,9,2014,South Float East - 90',South Float East,90,"",111,AA,21,21,1,single,2014-09-21,2014-09-21,true,R/V Long Ketch,"solid|fg=rgb=""FF60497A"" |bg=rgb=""FF000000"""
2014,September,9,2014,South Float East - 90',South Float East,90,"",111,AD,24,24,1,single,2014-09-24,2014-09-24,true,R/V Long Ketch,"solid|fg=rgb=""FF60497A"" |bg=rgb=""FF000000"""
2014,September,9,2014,North Finger Piers:,North Finger Piers,"",North Finger Piers:,112,E,-1,-1,1,single,"","",false,M/V Golden Current,""
2014,September,9,2014,North Finger Piers:,North Finger Piers,"",North Finger Piers:,112,V,16,27,12,fill_run,2014-09-16,2014-09-27,true,Barge Grey Sound,"solid|fg=rgb=""FFFFFF00"" |bg=indexed=""64"""
2014,October,10,2014,Inner Channel - 55',Inner Channel,55,"",121,B,-4,-4,1,single,"","",false,R/V Golden Horizon,""
2014,October,10,2014,South Float West - 90',South Float West,90,"",122,J,4,17,14,merge,2014-10-04,2014-10-17,true,Barge Grey Sound,"solid|fg=rgb=""FFFFFF00"" |bg=indexed=""64"""
2014,October,10,2014,South Float West - 90',South Float West,90,"",122,AA,21,22,2,repeat,2014-10-21,2014-10-22,true,R/V Long Ketch,"solid|fg=rgb=""FF60497A"" |bg=rgb=""FF000000"""
2014,October,10,2014,South Float East - 90',South Float East,90,"",123,M,7,7,1,single,2014-10-07,2014-10-07,true,R/V Long Ketch,"solid|fg=rgb=""FF60497A"" |bg=rgb=""FF000000"""
2014,October,10,2014,South Float East - 90',South Float East,90,"",123,T,14,14,1,single,2014-10-14,2014-10-14,true,R/V Long Ketch,"solid|fg=rgb=""FF60497A"" |bg=rgb=""FF000000"""
2014,October,10,2014,North Finger Piers:,North Finger Piers,"",North Finger Piers:,124,G,1,14,14,merge,2014-10-01,2014-10-14,true,Barge Grey Sound,"solid|fg=rgb=""FFFFFF00"" |bg=indexed=""64"""
2014,October,10,2014,Small craft slips (institution boats),Small craft slips (institution boats),"",North Finger Piers:,125,D,-2,-2,1,single,"","",false,M/V Golden Current,""
2014,November,11,2014,North Pier West - 410',North Pier West,410,"",130,G,1,9,9,merge,2014-11-01,2014-11-09,true,R/V GOLDEN COMPASS,"solid|fg=rgb=""FF4F81BD"" |bg=rgb=""FF000000"""
2014,November,11,2014,North Pier West - 410',North Pier West,410,"",130,P,10,13,4,merge,2014-11-10,2014-11-13,true,Barge Blue Wind,"solid|fg=theme=""8"" |bg=indexed=""64"""
2014,November,11,2014,North Pier West - 410',North Pier West,410,"",130,V,16,17,2,merge,2014-11-16,2014-11-17,true,R/V GOLDEN COMPASS,"solid|fg=rgb=""FF4F81BD"" |bg=rgb=""FF000000"""
2014,November,11,2014,North Pier West - 410',North Pier West,410,"",130,AB,22,30,9,merge,2014-11-22,2014-11-30,true,R/V GOLDEN COMPASS,"solid|fg=rgb=""FF4F81BD"" |bg=rgb=""FF000000"""
2014,November,11,2014,Inner Channel - 55',Inner Channel,55,"",133,B,-4,-4,1,single,"","",false,R/V Golden Horizon,""
2014,November,11,2014,North Finger Piers:,North Finger Piers,"",North Finger Piers:,136,N,8,11,4,merge,2014-11-08,2014-11-11,true,R/V Western Tide,"solid|fg=rgb=""FFFFFF00"" |bg=indexed=""64"""
2014,November,11,2014,Small craft slips (institution boats),Small craft slips (institution boats),"",North Finger Piers:,137,D,-2,-2,1,single,"","",false,M/V Golden Current,""
2014,December,12,2014,North Pier West - 410',North Pier West,410,"",142,G,1,12,12,merge,2014-12-01,2014-12-12,true,R/V GOLDEN COMPASS,"solid|fg=rgb=""FF4F81BD"" |bg=rgb=""FF000000"""
2014,December,12,2014,North Pier West - 410',North Pier West,410,"",142,Y,19,31,13,fill_run,2014-12-19,2014-12-31,true,R/V GOLDEN COMPASS,"solid|fg=rgb=""FF4F81BD"" |bg=rgb=""FF000000"""
2014,December,12,2014,North Pier East - 240',North Pier East,240,"",144,Y,19,28,10,merge,2014-12-19,2014-12-28,true,Tug Golden Sound,"solid|fg=rgb=""FF942093"" |bg=indexed=""64"""
2014,December,12,2014,Inner Channel - 55',Inner Channel,55,"",145,B,-4,-4,1,single,"","",false,R/V Golden Horizon,""
2014,December,12,2014,Small craft slips (institution boats),Small craft slips (institution boats),"",North Finger Piers:,149,D,-2,-2,1,single,"","",false,M/V Golden Current,""
2015,January,1,2015,North Pier West - 410',North Pier West,410,"",8,B,-1,3,5,merge,"",2015-01-03,false,R/V GOLDEN COMPASS,"solid|fg=rgb=""FF4F81BD"" |bg=rgb=""FF000000"""
2015,January,1,2015,North Pier East - 240',North Pier East,240,"",10,F,3,4,2,merge,2015-01-03,2015-01-04,true,Tug Golden Sound,"solid|fg=rgb=""FF942093"" |bg=indexed=""64"""
2015,March,3,2015,North Pier West - 410',North Pier West,410,"",32,AK,30,31,2,merge,2015-03-30,2015-03-31,true,R/V GOLDEN COMPASS,"solid|fg=rgb=""FF4F81BD"" |bg=rgb=""FF000000"""
2015,March,3,2015,North Pier East - 240',North Pier East,240,"",34,U,14,14,1,single,2015-03-14,2015-03-14,true,Barge Silver Voyager,""
2015,March,3,2015,North Pier East - 240',North Pier East,240,"",34,Y,18,18,1,single,2015-03-18,2015-03-18,true,F/V Bright Ketch,"solid|fg=rgb=""FF92D050"" |bg=indexed=""64"""
2015,March,3,2015,South Float West - 90',South Float West,90,"",36,Z,19,19,1,single,2015-03-19,2015-03-19,true,R/V Long Ketch,"solid|fg=rgb=""FF60497A"" |bg=rgb=""FF000000"""
2015,April,4,2015,North Pier West - 410',North Pier West,410,"",44,J,3,8,6,merge,2015-04-03,2015-04-08,true,R/V GOLDEN COMPASS,"solid|fg=rgb=""FF4F81BD"" |bg=rgb=""FF000000"""
2015,April,4,2015,North Pier West - 410',North Pier West,410,"",44,AD,23,25,3,merge,2015-04-23,2015-04-25,true,R/V GOLDEN COMPASS,"solid|fg=rgb=""FF4F81BD"" |bg=rgb=""FF000000"""
2015,April,4,2015,North Pier East - 240',North Pier East,240,"",46,I,2,4,3,merge,2015-04-02,2015-04-04,true,OSV Golden Ketch,"solid|fg=theme=""4"" tint=""0.5999938962981048"" |bg=indexed=""64"""
2015,April,4,2015,North Pier East - 240',North Pier East,240,"",46,AD,23,24,2,fill_run,2015-04-23,2015-04-24,true,OSV Golden Ketch,"solid|fg=theme=""4"" tint=""0.5999938962981048"" |bg=indexed=""64"""
2015,April,4,2015,North Pier East - 240',North Pier East,240,"",46,AF,25,29,5,merge,2015-04-25,2015-04-29,true,Tug BLUE FATHOM,"solid|fg=theme=""4"" |bg=indexed=""64"""
2015,April,4,2015,South Float West - 90',South Float West,90,"",48,L,5,5,1,single,2015-04-05,2015-04-05,true,R/V Long Ketch,"solid|fg=rgb=""FF60497A"" |bg=rgb=""FF000000"""
2015,April,4,2015,South Float West - 90',South Float West,90,"",48,W,16,16,1,single,2015-04-16,2015-04-16,true,R/V Long Ketch,"solid|fg=rgb=""FF60497A"" |bg=rgb=""FF000000"""
2015,April,4,2015,South Float West - 90',South Float West,90,"",48,AJ,29,30,2,merge,2015-04-29,2015-04-30,true,R/V Long Ketch,"solid|fg=rgb=""FF60497A"" |bg=rgb=""FF000000"""
2015,April,4,2015,North Finger Piers:,North Finger Piers,"",North Finger Piers:,50,V,15,15,1,single,2015-04-15,2015-04-15,true,Provisioning,"solid|fg=rgb=""FFFFFF00"" |bg=indexed=""64"""
2015,May,5,2015,North Pier West - 410',North Pier West,410,"",56,O,8,12,5,merge,2015-05-08,2015-05-12,true,R/V GOLDEN COMPASS,"solid|fg=rgb=""FF4F81BD"" |bg=rgb=""FF000000"""
2015,May,5,2015,North Pier West - 410',North Pier West,410,"",56,W,16,16,1,single,2015-05-16,2015-05-16,true,M/V GREY COMPASS,""
2015,May,5,2015,North Pier West - 410',North Pier West,410,"",56,AE,24,27,4,merge,2015-05-24,2015-05-27,true,M/V Blue Lantern,"solid|fg=rgb=""FFFFC000"" |bg=indexed=""64"""
2015,May,5,2015,North Pier East - 240',North Pier East,240,"",58,N,7,9,3,fill_run,2015-05-07,2015-05-09,true,Tug BLUE FATHOM,"solid|fg=theme=""4"" |bg=indexed=""64"""
2015,May,5,2015,North Pier East - 240',North Pier East,240,"",58,T,13,14,2,fill_run,2015-05-13,2015-05-14,true,M/V Blue Lantern,"solid|fg=rgb=""FFFFC000"" |bg=indexed=""64"""
2015,May,5,2015,Inner Channel - 55',Inner Channel,55,"",59,B,-5,-5,1,single,"","",false,R/V Golden Horizon,""
2015,May,5,2015,South Float West - 90',South Float West,90,"",60,H,1,1,1,single,2015-05-01,2015-05-01,true,R/V Long Ketch,"solid|fg=rgb=""FF60497A"" |bg=rgb=""FF000000"""
2015,May,5,2015,South Float West - 90',South Float West,90,"",60,K,4,4,1,single,2015-05-04,2015-05-04,true,R/V Long Ketch,"solid|fg=rgb=""FF60497A"" |bg=rgb=""FF000000"""
2015,May,5,2015,South Float West - 90',South Float West,90,"",60,N,7,8,2,repeat,2015-05-07,2015-05-08,true,R/V Long Ketch,"solid|fg=rgb=""FF60497A"" |bg=rgb=""FF000000"""
2015,May,5,2015,South Float West - 90',South Float West,90,"",60,R,11,11,1,single,2015-05-11,2015-05-11,true,R/V Long Ketch,"solid|fg=rgb=""FF60497A"" |bg=rgb=""FF000000"""
2015,May,5,2015,South Float West - 90',South Float West,90,"",60,U,14,15,2,merge,2015-05-14,2015-05-15,true,R/V Long Ketch,"solid|fg=rgb=""FF60497A"" |bg=rgb=""FF000000"""
2015,May,5,2015,South Float West - 90',South Float West,90,"",60,W,16,16,1,single,2015-05-16,2015-05-16,true,R/V Long Ketch,""
2015,May,5,2015,South Float West - 90',South Float West,90,"",60,AB,21,21,1,single,2015-05-21,2015-05-21,true,R/V Long Ketch,"solid|fg=rgb=""FF60497A"" |bg=rgb=""FF000000"""
2015,May,5,2015,South Float West - 90',South Float West,90,"",60,AD,23,23,1,single,2015-05-23,2015-05-23,true,R/V Long Ketch,"solid|fg=rgb=""FF60497A"" |bg=rgb=""FF000000"""
2015,May,5,2015,South Float West - 90',South Float West,90,"",60,AK,30,30,1,single,2015-05-30,2015-05-30,true,R/V Bright Current,"solid|fg=theme=""8"" tint=""0.7999816888943144"" |bg=indexed=""64"""
2015,May,5,2015,South Float East - 90',South Float East,90,"",61,K,4,13,10,merge,2015-05-04,2015-05-13,true,OSV AMBER REEF,"solid|fg=rgb=""FF008000"" |bg=rgb=""FF000000"""
2015,May,5,2015,South Float East - 90',South Float East,90,"",61,AB,21,24,4,merge,2015-05-21,2015-05-24,true,OSV AMBER REEF,"solid|fg=rgb=""FF008000"" |bg=rgb=""FF000000"""
2015,May,5,2015,South Float East - 90',South Float East,90,"",61,AH,27,29,3,merge,2015-05-27,2015-05-29,true,OSV AMBER REEF,"solid|fg=rgb=""FF008000"" |bg=rgb=""FF000000"""
2015,June,6,2015,North Pier West - 410',North Pier West,410,"",68,J,3,5,3,merge,2015-06-03,2015-06-05,true,Tug GOLDEN SOUND,"solid|fg=rgb=""FF942093"" |bg=indexed=""64"""
2015,June,6,2015,North Pier West - 410',North Pier West,410,"",68,M,6,9,4,merge,2015-06-06,2015-06-09,true,R/V GOLDEN COMPASS,"solid|fg=rgb=""FF4F81BD"" |bg=rgb=""FF000000"""
2015,June,6,2015,North Pier West - 410',North Pier West,410,"",68,AA,20,29,10,merge,2015-06-20,2015-06-29,true,R/V GOLDEN COMPASS,"solid|fg=rgb=""FF4F81BD"" |bg=rgb=""FF000000"""
2015,June,6,2015,North Pier East - 240',North Pier East,240,"",70,B,-5,-5,1,single,"","",false,M/V GREY COMPASS,""
2015,June,6,2015,North Pier East - 240',North Pier East,240,"",70,H,1,2,2,merge,2015-06-01,2015-06-02,true,R/V Bright Current,"solid|fg=theme=""8"" tint=""0.7999816888943144"" |bg=indexed=""64"""
2015,June,6,2015,North Pier East - 240',North Pier East,240,"",70,M,6,6,1,single,2015-06-06,2015-06-06,true,R/V NORTHERN WIND,"solid|fg=rgb=""FF942093"" |bg=indexed=""64"""
2015,June,6,2015,North Pier East - 240',North Pier East,240,"",70,AD,23,24,2,merge,2015-06-23,2015-06-24,true,OSV Golden Ketch,"solid|fg=theme=""4"" tint=""0.5999938962981048"" |bg=indexed=""64"""
2015,June,6,2015,North Pier East - 240',North Pier East,240,"",70,AI,28,28,1,single,2015-06-28,2015-06-28,true,F/V High Skua,"solid|fg=rgb=""FFFFFF00"" |bg=indexed=""64"""
2015,June,6,2015,North Pier East - 240',North Pier East,240,"",70,AK,30,30,1,single,2015-06-30,2015-06-30,true,F/V High Skua,"solid|fg=rgb=""FFFFFF00"" |bg=indexed=""64"""
2015,June,6,2015,Inner Channel - 55',Inner Channel,55,"",71,B,-5,-5,1,single,"","",false,R/V Golden Horizon,""
2015,June,6,2015,South Float West - 90',South Float West,90,"",72,H,1,2,2,merge,2015-06-01,2015-06-02,true,S/V Golden Anchor,"solid|fg=theme=""8"" |bg=indexed=""64"""
2015,June,6,2015,South Float West - 90',South Float West,90,"",72,P,9,10,2,merge,2015-06-09,2015-06-10,true,S/V Golden Anchor,"solid|fg=theme=""8"" |bg=indexed=""64"""
2015,June,6,2015,South Float West - 90',South Float West,90,"",72,T,13,14,2,merge,2015-06-13,2015-06-14,true,R/V Long Ketch,"solid|fg=rgb=""FF60497A"" |bg=rgb=""FF000000"""
2015,June,6,2015,South Float West - 90',South Float West,90,"",72,V,15,16,2,merge,2015-06-15,2015-06-16,true,S/V Golden Anchor,"solid|fg=theme=""8"" |bg=indexed=""64"""
2015,June,6,2015,South Float West - 90',South Float West,90,"",72,Z,19,19,1,single,2015-06-19,2015-06-19,true,R/V Long Ketch,"solid|fg=rgb=""FF60497A"" |bg=rgb=""FF000000"""
2015,June,6,2015,South Float West - 90',South Float West,90,"",72,AA,20,22,3,merge,2015-06-20,2015-06-22,true,S/V High Meridian,"solid|fg=rgb=""FFFF7E79"" |bg=indexed=""64"""
2015,June,6,2015,South Float West - 90',South Float West,90,"",72,AG,26,27,2,merge,2015-06-26,2015-06-27,true,R/V Long Ketch,"solid|fg=rgb=""FF60497A"" |bg=rgb=""FF000000"""
2015,June,6,2015,South Float West - 90',South Float West,90,"",72,AJ,29,29,1,single,2015-06-29,2015-06-29,true,R/V Long Ketch,"solid|fg=rgb=""FF60497A"" |bg=rgb=""FF000000"""
2015,June,6,2015,South Float East - 90',South Float East,90,"",73,H,1,15,15,merge,2015-06-01,2015-06-15,true,OSV AMBER REEF,"solid|fg=rgb=""FF008000"" |bg=rgb=""FF000000"""
2015,June,6,2015,South Float East - 90',South Float East,90,"",73,Y,18,22,5,merge,2015-06-18,2015-06-22,true,OSV AMBER REEF,"solid|fg=rgb=""FF008000"" |bg=rgb=""FF000000"""
2015,June,6,2015,South Float East - 90',South Float East,90,"",73,AG,26,30,5,merge,2015-06-26,2015-06-30,true,OSV AMBER REEF,"solid|fg=rgb=""FF008000"" |bg=rgb=""FF000000"""
2015,July,7,2015,North Pier West - 410',North Pier West,410,"",80,H,1,11,11,merge,2015-07-01,2015-07-11,true,R/V GOLDEN COMPASS,"solid|fg=rgb=""FF4F81BD"" |bg=rgb=""FF000000"""
2015,July,7,2015,North Pier West - 410',North Pier West,410,"",80,S,12,31,20,merge,2015-07-12,2015-07-31,true,Barge Quiet Wind,"solid|fg=rgb=""FFFFFF00"" |bg=indexed=""64"""
2015,July,7,2015,North Pier East - 240',North Pier East,240,"",82,P,9,10,2,merge,2015-07-09,2015-07-10,true,Tug Bright Petrel,"solid|fg=rgb=""FFFFFF00"" |bg=indexed=""64"""
2015,July,7,2015,North Pier East - 240',North Pier East,240,"",82,AA,20,20,1,single,2015-07-20,2015-07-20,true,M/V Quiet Petrel,"solid|fg=rgb=""FF945200"" |bg=indexed=""64"""
2015,July,7,2015,North Pier East - 240',North Pier East,240,"",82,AB,21,23,3,merge,2015-07-21,2015-07-23,true,R/V Bright Current,"solid|fg=theme=""8"" tint=""0.7999816888943144"" |bg=indexed=""64"""
2015,July,7,2015,North Pier East - 240',North Pier East,240,"",82,AG,26,28,3,merge,2015-07-26,2015-07-28,true,R/V Bright Current,"solid|fg=theme=""8"" tint=""0.7999816888943144"" |bg=indexed=""64"""
2015,July,7,2015,North Pier East - 240',North Pier East,240,"",82,AK,30,30,1,single,2015-07-30,2015-07-30,true,M/Y High Sextant,"solid|fg=rgb=""FFFF7E79"" |bg=indexed=""64"""
2015,July,7,2015,Inner Channel - 55',Inner Channel,55,"",83,B,-5,-5,1,single,"","",false,R/V Golden Horizon,""
2015,July,7,2015,Inner Channel - 55',Inner Channel,55,"",83,AJ,29,29,1,single,2015-07-29,2015-07-29,true,F/V CLEAR KETCH,"solid|fg=rgb=""FFFF7E79"" |bg=indexed=""64"""
2015,July,7,2015,South Float West - 90',South Float West,90,"",84,L,5,5,1,single,2015-07-05,2015-07-05,true,R/V Long Ketch,"solid|fg=rgb=""FF60497A"" |bg=rgb=""FF000000"""
2015,July,7,2015,South Float West - 90',South Float West,90,"",84,P,9,12,4,merge,2015-07-09,2015-07-12,true,R/V Long Ketch,"solid|fg=rgb=""FF60497A"" |bg=rgb=""FF000000"""
2015,July,7,2015,South Float West - 90',South Float West,90,"",84,X,17,19,3,merge,2015-07-17,2015-07-19,true,R/V Long Ketch,"solid|fg=rgb=""FF60497A"" |bg=rgb=""FF000000"""
2015,July,7,2015,South Float West - 90',South Float West,90,"",84,AF,25,25,1,single,2015-07-25,2015-07-25,true,R/V Long Ketch,"solid|fg=rgb=""FF60497A"" |bg=rgb=""FF000000"""
2015,July,7,2015,South Float West - 90',South Float West,90,"",84,AK,30,30,1,single,2015-07-30,2015-07-30,true,OSV Green Ketch,"solid|fg=rgb=""FFFF7E79"" |bg=indexed=""64"""
2015,July,7,2015,South Float East - 90',South Float East,90,"",85,H,1,2,2,merge,2015-07-01,2015-07-02,true,OSV AMBER REEF,"solid|fg=rgb=""FF008000"" |bg=rgb=""FF000000"""
2015,July,7,2015,South Float East - 90',South Float East,90,"",85,T,13,13,1,single,2015-07-13,2015-07-13,true,F/V Silver Reef,"solid|fg=theme=""6"" |bg=indexed=""64"""
2015,July,7,2015,South Float East - 90',South Float East,90,"",85,AC,22,26,5,merge,2015-07-22,2015-07-26,true,OSV AMBER REEF,"solid|fg=rgb=""FF008000"" |bg=rgb=""FF000000"""
2015,August,8,2015,North Pier West - 410',North Pier West,410,"",92,H,1,11,11,merge,2015-08-01,2015-08-11,true,Tug Northern Beacon,"solid|fg=rgb=""FFFFFF00"" |bg=indexed=""64"""
2015,August,8,2015,North Pier West - 410',North Pier West,410,"",92,S,12,19,8,fill_run,2015-08-12,2015-08-19,true,Road race - access limited,"solid|fg=rgb=""FFFFFF00"" |bg=indexed=""64"""
2015,August,8,2015,North Pier West - 410',North Pier West,410,"",92,AA,20,31,12,fill_run,2015-08-20,2015-08-31,true,Tug Northern Beacon,"solid|fg=rgb=""FFFFFF00"" |bg=indexed=""64"""
2015,August,8,2015,North Pier East - 240',North Pier East,240,"",94,I,2,2,1,single,2015-08-02,2015-08-02,true,M/Y High Sextant,"solid|fg=rgb=""FFFF7E79"" |bg=indexed=""64"""
2015,August,8,2015,North Pier East - 240',North Pier East,240,"",94,J,3,3,1,single,2015-08-03,2015-08-03,true,F/V High Skua,"solid|fg=rgb=""FFF0FF63"" |bg=indexed=""64"""
2015,August,8,2015,North Pier East - 240',North Pier East,240,"",94,K,4,6,3,merge,2015-08-04,2015-08-06,true,R/V Bright Current,"solid|fg=theme=""8"" tint=""0.7999816888943144"" |bg=indexed=""64"""
2015,August,8,2015,North Pier East - 240',North Pier East,240,"",94,S,12,14,3,merge,2015-08-12,2015-08-14,true,OSV Golden Ketch,"solid|fg=theme=""4"" tint=""0.5999938962981048"" |bg=indexed=""64"""
2015,August,8,2015,North Pier East - 240',North Pier East,240,"",94,AG,26,27,2,fill_run,2015-08-26,2015-08-27,true,M/V Coral Beacon,"solid|fg=theme=""3"" |bg=indexed=""64"""
2015,August,8,2015,South Float West - 90',South Float West,90,"",96,I,2,2,1,single,2015-08-02,2015-08-02,true,R/V Long Ketch,"solid|fg=rgb=""FF60497A"" |bg=rgb=""FF000000"""
2015,August,8,2015,South Float West - 90',South Float West,90,"",96,K,4,4,1,single,2015-08-04,2015-08-04,true,R/V Long Ketch,"solid|fg=rgb=""FF60497A"" |bg=rgb=""FF000000"""
2015,August,8,2015,South Float West - 90',South Float West,90,"",96,O,8,10,3,merge,2015-08-08,2015-08-10,true,R/V Long Ketch,"solid|fg=rgb=""FF60497A"" |bg=rgb=""FF000000"""
2015,August,8,2015,South Float West - 90',South Float West,90,"",96,U,14,16,3,merge,2015-08-14,2015-08-16,true,S/V High Meridian,"solid|fg=rgb=""FFFF7E79"" |bg=indexed=""64"""
2015,August,8,2015,South Float West - 90',South Float West,90,"",96,X,17,17,1,single,2015-08-17,2015-08-17,true,M/V Bright Cove,"solid|fg=rgb=""FFFFFF00"" |bg=indexed=""64"""
2015,August,8,2015,South Float West - 90',South Float West,90,"",96,Z,19,19,1,single,2015-08-19,2015-08-19,true,M/V Deep Anchor,"solid|fg=rgb=""FFFFFF00"" |bg=indexed=""64"""
2015,August,8,2015,South Float West - 90',South Float West,90,"",96,AE,24,25,2,merge,2015-08-24,2015-08-25,true,S/V High Meridian,"solid|fg=rgb=""FFFF7E79"" |bg=indexed=""64"""
2015,August,8,2015,South Float West - 90',South Float West,90,"",96,AL,31,31,1,single,2015-08-31,2015-08-31,true,M/V Coral Horizon,""
2015,August,8,2015,South Float East - 90',South Float East,90,"",97,S,12,13,2,fill_run,2015-08-12,2015-08-13,true,M/Y Wild Ketch,"solid|fg=theme=""9"" tint=""0.5999938962981048"" |bg=indexed=""64"""
2015,August,8,2015,South Float East - 90',South Float East,90,"",97,U,14,25,12,merge,2015-08-14,2015-08-25,true,OSV AMBER REEF,"solid|fg=rgb=""FF008000"" |bg=rgb=""FF000000"""
2015,August,8,2015,North Finger Piers:,North Finger Piers,"",North Finger Piers:,98,U,14,14,1,single,2015-08-14,2015-08-14,true,Touch and go,""
2015,September,9,2015,North Pier West - 410',North Pier West,410,"",105,H,1,3,3,merge,2015-09-01,2015-09-03,true,Tug Coral Reef,"solid|fg=rgb=""FFFFC000"" |bg=indexed=""64"""
2015,September,9,2015,North Pier West - 410',North Pier West,410,"",105,T,13,20,8,fill_run,2015-09-13,2015-09-20,true,Tug Northern Beacon,"solid|fg=rgb=""FFFFFF00"" |bg=indexed=""64"""
2015,September,9,2015,North Pier West - 410',North Pier West,410,"",105,AB,21,30,10,merge,2015-09-21,2015-09-30,true,R/V GOLDEN COMPASS,"solid|fg=rgb=""FF4F81BD"" |bg=rgb=""FF000000"""
2015,September,9,2015,North Pier East - 240',North Pier East,240,"",107,Z,19,27,9,merge,2015-09-19,2015-09-27,true,M/V Coral Lantern,"solid|fg=theme=""6"" |bg=indexed=""64"""
2015,September,9,2015,South Float West - 90',South Float West,90,"",109,J,3,3,1,single,2015-09-03,2015-09-03,true,R/V Long Ketch,"solid|fg=rgb=""FF60497A"" |bg=rgb=""FF000000"""
2015,September,9,2015,South Float West - 90',South Float West,90,"",109,P,9,9,1,single,2015-09-09,2015-09-09,true,M/V Deep Anchor,"solid|fg=rgb=""FFFFFF00"" |bg=indexed=""64"""
2015,September,9,2015,South Float West - 90',South Float West,90,"",109,U,14,16,3,merge,2015-09-14,2015-09-16,true,S/V Golden Anchor,"solid|fg=theme=""8"" tint=""-0.249977111117893"" |bg=indexed=""64"""
2015,September,9,2015,South Float West - 90',South Float West,90,"",109,Z,19,20,2,repeat,2015-09-19,2015-09-20,true,R/V Long Ketch,"solid|fg=rgb=""FF60497A"" |bg=rgb=""FF000000"""
2015,September,9,2015,South Float West - 90',South Float West,90,"",109,AF,25,25,1,single,2015-09-25,2015-09-25,true,R/V Long Ketch,"solid|fg=rgb=""FF60497A"" |bg=rgb=""FF000000"""
2015,September,9,2015,South Float West - 90',South Float West,90,"",109,AI,28,28,1,single,2015-09-28,2015-09-28,true,R/V Long Ketch,"solid|fg=rgb=""FF60497A"" |bg=rgb=""FF000000"""
2015,September,9,2015,South Float West - 90',South Float West,90,"",109,AK,30,30,1,single,2015-09-30,2015-09-30,true,R/V Long Ketch,"solid|fg=rgb=""FF60497A"" |bg=rgb=""FF000000"""
2015,September,9,2015,South Float East - 90',South Float East,90,"",110,K,4,26,23,fill_run,2015-09-04,2015-09-26,true,OSV AMBER REEF,"solid|fg=rgb=""FF008000"" |bg=rgb=""FF000000"""
2015,October,10,2015,North Pier West - 410',North Pier West,410,"",117,K,4,14,11,merge,2015-10-04,2015-10-14,true,R/V GOLDEN COMPASS,"solid|fg=rgb=""FF4F81BD"" |bg=rgb=""FF000000"""
2015,October,10,2015,North Pier West - 410',North Pier West,410,"",117,Z,19,26,8,merge,2015-10-19,2015-10-26,true,R/V GOLDEN COMPASS,"solid|fg=rgb=""FF4F81BD"" |bg=rgb=""FF000000"""
2015,October,10,2015,North Pier East - 240',North Pier East,240,"",119,U,14,20,7,merge,2015-10-14,2015-10-20,true,M/V Coral Lantern,"solid|fg=theme=""6"" |bg=indexed=""64"""
2015,October,10,2015,Inner Channel - 55',Inner Channel,55,"",120,B,-5,-5,1,single,"","",false,R/V Golden Horizon,""
2015,October,10,2015,Inner Channel - 55',Inner Channel,55,"",120,K,4,4,1,single,2015-10-04,2015-10-04,true,R/V Grey Wind,""
2015,October,10,2015,Inner Channel - 55',Inner Channel,55,"",120,L,5,5,1,single,2015-10-05,2015-10-05,true,R/V Salt Current,""
2015,October,10,2015,Inner Channel - 55',Inner Channel,55,"",120,M,6,6,1,single,2015-10-06,2015-10-06,true,R/V Grey Wind,""
2015,October,10,2015,Inner Channel - 55',Inner Channel,55,"",120,S,12,12,1,single,2015-10-12,2015-10-12,true,F/V Western Meridian,""
2015,October,10,2015,Inner Channel - 55',Inner Channel,55,"",120,T,13,13,1,single,2015-10-13,2015-10-13,true,Tug Silver Tern,""
2015,October,10,2015,Inner Channel - 55',Inner Channel,55,"",120,U,14,14,1,single,2015-10-14,2015-10-14,true,Barge Grey Dory,""
2015,October,10,2015,Inner Channel - 55',Inner Channel,55,"",120,AA,20,20,1,single,2015-10-20,2015-10-20,true,F/V Western Meridian,""
2015,October,10,2015,Inner Channel - 55',Inner Channel,55,"",120,AF,25,25,1,single,2015-10-25,2015-10-25,true,M/Y Golden Kestrel,""
2015,October,10,2015,Inner Channel - 55',Inner Channel,55,"",120,AH,27,27,1,single,2015-10-27,2015-10-27,true,Barge Grey Dory,""
2015,October,10,2015,South Float West - 90',South Float West,90,"",121,K,4,6,3,merge,2015-10-04,2015-10-06,true,R/V Long Ketch,"solid|fg=rgb=""FF60497A"" |bg=rgb=""FF000000"""
2015,October,10,2015,South Float West - 90',South Float West,90,"",121,S,12,14,3,repeat,2015-10-12,2015-10-14,true,R/V Long Ketch,"solid|fg=rgb=""FF60497A"" |bg=rgb=""FF000000"""
2015,October,10,2015,South Float West - 90',South Float West,90,"",121,AA,20,20,1,single,2015-10-20,2015-10-20,true,R/V Long Ketch,"solid|fg=rgb=""FF60497A"" |bg=rgb=""FF000000"""
2015,October,10,2015,South Float West - 90',South Float West,90,"",121,AF,25,25,1,single,2015-10-25,2015-10-25,true,R/V Long Ketch,"solid|fg=rgb=""FF60497A"" |bg=rgb=""FF000000"""
2015,October,10,2015,South Float West - 90',South Float West,90,"",121,AH,27,27,1,single,2015-10-27,2015-10-27,true,R/V Long Ketch,"solid|fg=rgb=""FF60497A"" |bg=rgb=""FF000000"""
2015,October,10,2015,South Float East - 90',South Float East,90,"",122,J,3,5,3,merge,2015-10-03,2015-10-05,true,OSV AMBER REEF,"solid|fg=rgb=""FF008000"" |bg=rgb=""FF000000"""
2015,November,11,2015,North Pier West - 410',North Pier West,410,"",129,K,4,17,14,merge,2015-11-04,2015-11-17,true,R/V GOLDEN COMPASS,"solid|fg=rgb=""FF4F81BD"" |bg=rgb=""FF000000"""
2015,November,11,2015,North Pier West - 410',North Pier West,410,"",129,Z,19,30,12,merge,2015-11-19,2015-11-30,true,R/V GOLDEN COMPASS,"solid|fg=rgb=""FF4F81BD"" |bg=rgb=""FF000000"""
2015,November,11,2015,North Pier East - 240',North Pier East,240,"",131,M,6,7,2,fill_run,2015-11-06,2015-11-07,true,F/V Far Sound,"solid|fg=rgb=""FF92D050"" |bg=indexed=""64"""
2015,November,11,2015,North Pier East - 240',North Pier East,240,"",131,O,8,9,2,merge,2015-11-08,2015-11-09,true,F/V SALT FATHOM,"solid|fg=theme=""4"" tint=""0.3999755851924192"" |bg=indexed=""64"""
2015,November,11,2015,Inner Channel - 55',Inner Channel,55,"",132,B,-5,-5,1,single,"","",false,R/V Golden Horizon,""
2015,November,11,2015,Inner Channel - 55',Inner Channel,55,"",132,L,5,5,1,single,2015-11-05,2015-11-05,true,OSV Bright Ledge,""
2015,November,11,2015,South Float West - 90',South Float West,90,"",133,R,11,11,1,single,2015-11-11,2015-11-11,true,R/V Long Ketch,"solid|fg=rgb=""FF60497A"" |bg=rgb=""FF000000"""
2015,November,11,2015,South Float East - 90',South Float East,90,"",134,I,2,16,15,merge,2015-11-02,2015-11-16,true,OSV AMBER REEF,"solid|fg=rgb=""FF008000"" |bg=rgb=""FF000000"""
2015,December,12,2015,North Pier West - 410',North Pier West,410,"",141,J,3,18,16,fill_run,2015-12-03,2015-12-18,true,R/V GOLDEN COMPASS,"solid|fg=rgb=""FF4F81BD"" |bg=rgb=""FF000000"""
2015,December,12,2015,North Pier East - 240',North Pier East,240,"",143,K,4,5,2,merge,2015-12-04,2015-12-05,true,S/V Salt Beacon,"solid|fg=rgb=""FFFFFF00"" |bg=indexed=""64"""
2015,December,12,2015,North Pier East - 240',North Pier East,240,"",143,AJ,29,29,1,single,2015-12-29,2015-12-29,true,R/V Quiet Strand,"solid|fg=rgb=""FFFFFF00"" |bg=indexed=""64"""
2015,December,12,2015,Inner Channel - 55',Inner Channel,55,"",144,B,-5,-5,1,single,"","",false,R/V Golden Horizon,""
2016,January,1,2016,North Pier West - 410',North Pier West,410,"",9,U,19,26,8,merge,2016-01-19,2016-01-26,true,F/V Green Reef,"solid|fg=rgb=""FF942093"" |bg=indexed=""64"""
2016,February,2,2016,North Pier West - 410',North Pier West,410,"",21,I,7,9,3,merge,2016-02-07,2016-02-09,true,OS/V Golden Osprey,"solid|fg=theme=""9"" tint=""-0.249977111117893"" |bg=indexed=""64"""
2016,February,2,2016,North Pier West - 410',North Pier West,410,"",21,V,20,22,3,merge,2016-02-20,2016-02-22,true,F/V SALT FATHOM,"solid|fg=rgb=""FF942093"" |bg=indexed=""64"""
2016,February,2,2016,North Pier East - 240',North Pier East,240,"",23,G,5,7,3,fill_run,2016-02-05,2016-02-07,true,M/V Golden Drift,"solid|fg=rgb=""FFFF7E79"" |bg=indexed=""64"""
2016,February,2,2016,North Pier East - 240',North Pier East,240,"",23,L,10,18,9,merge,2016-02-10,2016-02-18,true,F/V Western Gannet,"solid|fg=rgb=""FFFFFF00"" |bg=indexed=""64"""
2016,February,2,2016,North Pier East - 240',North Pier East,240,"",23,Z,24,27,4,merge,2016-02-24,2016-02-27,true,M/V Wild Compass,"solid|fg=rgb=""FF0432FF"" |bg=indexed=""64"""
2016,February,2,2016,North Pier East - 240',North Pier East,240,"",23,AF,30,30,1,merge,"","",false,Touch and go,""
2016,March,3,2016,North Pier West - 410',North Pier West,410,"",33,C,1,3,3,merge,2016-03-01,2016-03-03,true,M/V Golden Drift,"solid|fg=rgb=""FFFF7E79"" |bg=indexed=""64"""
2016,March,3,2016,North Pier West - 410',North Pier West,410,"",33,O,13,17,5,merge,2016-03-13,2016-03-17,true,F/V SALT FATHOM,"solid|fg=rgb=""FF942093"" |bg=indexed=""64"""
2016,March,3,2016,North Pier West - 410',North Pier West,410,"",33,T,18,18,1,single,2016-03-18,2016-03-18,true,Tug Far Meridian,"solid|fg=rgb=""FFFFC000"" |bg=indexed=""64"""
2016,March,3,2016,North Pier West - 410',North Pier West,410,"",33,Z,24,31,8,merge,2016-03-24,2016-03-31,true,R/V GOLDEN COMPASS,"solid|fg=rgb=""FF4F81BD"" |bg=rgb=""FF000000"""
2016,March,3,2016,North Pier East - 240',North Pier East,240,"",35,C,1,8,8,merge,2016-03-01,2016-03-08,true,M/V Wild Compass,"solid|fg=rgb=""FF0432FF"" |bg=indexed=""64"""
2016,March,3,2016,North Pier East - 240',North Pier East,240,"",35,O,13,15,3,merge,2016-03-13,2016-03-15,true,F/V Silver Lantern,"solid|fg=theme=""4"" tint=""0.7999816888943144"" |bg=indexed=""64"""
2016,March,3,2016,North Pier East - 240',North Pier East,240,"",35,T,18,19,2,merge,2016-03-18,2016-03-19,true,F/V Silver Lantern,"solid|fg=theme=""4"" tint=""0.7999816888943144"" |bg=indexed=""64"""
2016,March,3,2016,North Pier East - 240',North Pier East,240,"",35,Y,23,23,1,single,2016-03-23,2016-03-23,true,Barge Silver Voyager,""
2016,April,4,2016,North Pier West - 410',North Pier West,410,"",45,F,4,4,1,single,2016-04-04,2016-04-04,true,R/V GOLDEN COMPASS,"solid|fg=rgb=""FF4F81BD"" |bg=rgb=""FF000000"""
2016,April,4,2016,North Pier West - 410',North Pier West,410,"",45,O,13,15,3,merge,2016-04-13,2016-04-15,true,R/V GOLDEN COMPASS,"solid|fg=rgb=""FF4F81BD"" |bg=rgb=""FF000000"""
2016,April,4,2016,North Pier West - 410',North Pier West,410,"",45,U,19,20,2,merge,2016-04-19,2016-04-20,true,F/V SALT FATHOM,"solid|fg=rgb=""FF942093"" |bg=indexed=""64"""
2016,April,4,2016,North Pier Face - 75',North Pier Face,75,"",46,T,18,19,2,merge,2016-04-18,2016-04-19,true,Tug Amber Lantern,"solid|fg=theme=""4"" |bg=rgb=""FF000000"""
2016,April,4,2016,North Pier East - 240',North Pier East,240,"",47,G,5,6,2,merge,2016-04-05,2016-04-06,true,R/V BLUE COVE,"solid|fg=rgb=""FFFFFF00"" |bg=indexed=""64"""
2016,April,4,2016,North Pier East - 240',North Pier East,240,"",47,AA,25,30,6,merge,2016-04-25,2016-04-30,true,R/V GOLDEN COMPASS,"solid|fg=rgb=""FF4F81BD"" |bg=rgb=""FF000000"""
2016,April,4,2016,South Float West - 90',South Float West,90,"",49,C,1,2,2,merge,2016-04-01,2016-04-02,true,R/V Long Ketch,"solid|fg=rgb=""FF60497A"" |bg=rgb=""FF000000"""
2016,April,4,2016,South Float West - 90',South Float West,90,"",49,T,18,18,1,single,2016-04-18,2016-04-18,true,R/V Long Ketch,"solid|fg=rgb=""FF60497A"" |bg=rgb=""FF000000"""
2016,April,4,2016,South Float West - 90',South Float West,90,"",49,W,21,21,1,single,2016-04-21,2016-04-21,true,R/V Long Ketch,"solid|fg=rgb=""FF60497A"" |bg=rgb=""FF000000"""
2016,April,4,2016,South Float West - 90',South Float West,90,"",49,Z,24,25,2,merge,2016-04-24,2016-04-25,true,R/V Long Ketch,"solid|fg=rgb=""FF60497A"" |bg=rgb=""FF000000"""
2016,April,4,2016,South Float East - 90',South Float East,90,"",50,U,19,28,10,fill_run,2016-04-19,2016-04-28,true,OSV AMBER REEF,"solid|fg=rgb=""FF008000"" |bg=rgb=""FF000000"""
2016,April,4,2016,North Finger Piers:,North Finger Piers,"",North Finger Piers:,51,W,21,26,6,fill_run,2016-04-21,2016-04-26,true,F/V Salt Harbor,"solid|fg=rgb=""FFFFC000"" |bg=indexed=""64"""
2016,May,5,2016,North Pier West - 410',North Pier West,410,"",57,H,6,9,4,merge,2016-05-06,2016-05-09,true,R/V GOLDEN COMPASS,"solid|fg=rgb=""FF4F81BD"" |bg=rgb=""FF000000"""
2016,May,5,2016,North Pier West - 410',North Pier West,410,"",57,V,20,21,2,merge,2016-05-20,2016-05-21,true,Departs 0600,"solid|fg=rgb=""FFFFFF00"" |bg=indexed=""64"""
2016,May,5,2016,North Pier West - 410',North Pier West,410,"",57,AA,25,31,7,merge,2016-05-25,2016-05-31,true,R/V GOLDEN COMPASS,"solid|fg=rgb=""FF4F81BD"" |bg=rgb=""FF000000"""
2016,May,5,2016,South Float West - 90',South Float West,90,"",61,C,1,3,3,merge,2016-05-01,2016-05-03,true,R/V Long Ketch,"solid|fg=rgb=""FF60497A"" |bg=rgb=""FF000000"""
2016,May,5,2016,South Float West - 90',South Float West,90,"",61,I,7,8,2,merge,2016-05-07,2016-05-08,true,R/V Long Ketch,"solid|fg=rgb=""FF60497A"" |bg=rgb=""FF000000"""
2016,May,5,2016,South Float West - 90',South Float West,90,"",61,L,10,17,8,merge,2016-05-10,2016-05-17,true,R/V Long Ketch,"solid|fg=rgb=""FF60497A"" |bg=rgb=""FF000000"""
2016,May,5,2016,South Float West - 90',South Float West,90,"",61,X,22,22,1,single,2016-05-22,2016-05-22,true,R/V Long Ketch,"solid|fg=rgb=""FF60497A"" |bg=rgb=""FF000000"""
2016,May,5,2016,South Float West - 90',South Float West,90,"",61,AE,29,29,1,single,2016-05-29,2016-05-29,true,R/V Long Ketch,"solid|fg=rgb=""FF60497A"" |bg=rgb=""FF000000"""
2016,May,5,2016,South Float West - 90',South Float West,90,"",61,AG,31,31,1,single,2016-05-31,2016-05-31,true,R/V Long Ketch,"solid|fg=rgb=""FF60497A"" |bg=rgb=""FF000000"""
2016,May,5,2016,South Float West - 90',South Float West,90,"",61,AH,32,32,1,single,"","",false,M/V Bright Lantern,"solid|fg=theme=""5"" |bg=indexed=""64"""
2016,May,5,2016,South Float East - 90',South Float East,90,"",62,C,1,21,21,merge,2016-05-01,2016-05-21,true,OSV AMBER REEF,"solid|fg=rgb=""FF008000"" |bg=rgb=""FF000000"""
2016,May,5,2016,South Float East - 90',South Float East,90,"",62,AD,28,31,4,merge,2016-05-28,2016-05-31,true,OSV AMBER REEF,"solid|fg=rgb=""FF008000"" |bg=rgb=""FF000000"""
2016,May,5,2016,North Finger Piers:,North Finger Piers,"",North Finger Piers:,63,I,7,7,1,single,2016-05-07,2016-05-07,true,M/V GOLDEN STRAND,""
2016,May,5,2016,North Finger Piers:,North Finger Piers,"",North Finger Piers:,63,Y,23,29,7,merge,2016-05-23,2016-05-29,true,Tug Grey Voyager,"solid|fg=rgb=""FFFFFF00"" |bg=indexed=""64"""
2016,June,6,2016,North Pier West - 410',North Pier West,410,"",69,F,4,5,2,merge,2016-06-04,2016-06-05,true,R/V GOLDEN COMPASS,"solid|fg=rgb=""FF4F81BD"" |bg=rgb=""FF000000"""
2016,June,6,2016,North Pier West - 410',North Pier West,410,"",69,P,14,19,6,merge,2016-06-14,2016-06-19,true,Tug Salt Tide,"solid|fg=theme=""9"" |bg=indexed=""64"""
2016,June,6,2016,North Pier East - 240',North Pier East,240,"",71,Z,24,24,1,single,2016-06-24,2016-06-24,true,S/V High Meridian,"solid|fg=theme=""8"" tint=""0.3999755851924192"" |bg=indexed=""64"""
2016,June,6,2016,South Float West - 90',South Float West,90,"",73,D,2,4,3,merge,2016-06-02,2016-06-04,true,R/V Long Ketch,"solid|fg=rgb=""FF60497A"" |bg=rgb=""FF000000"""
2016,June,6,2016,South Float West - 90',South Float West,90,"",73,K,9,9,1,single,2016-06-09,2016-06-09,true,Tug Amber Horizon,"solid|fg=theme=""8"" tint=""0.7999816888943144"" |bg=indexed=""64"""
2016,June,6,2016,South Float West - 90',South Float West,90,"",73,L,10,10,1,single,2016-06-10,2016-06-10,true,R/V Long Ketch,"solid|fg=rgb=""FF60497A"" |bg=rgb=""FF000000"""
2016,June,6,2016,South Float West - 90',South Float West,90,"",73,O,13,13,1,single,2016-06-13,2016-06-13,true,R/V Long Ketch,"solid|fg=rgb=""FF60497A"" |bg=rgb=""FF000000"""
2016,June,6,2016,South Float West - 90',South Float West,90,"",73,R,16,16,1,single,2016-06-16,2016-06-16,true,M/V Bright Cove,""
2016,June,6,2016,South Float West - 90',South Float West,90,"",73,V,20,22,3,merge,2016-06-20,2016-06-22,true,S/V High Meridian,"solid|fg=theme=""8"" tint=""0.3999755851924192"" |bg=indexed=""64"""
2016,June,6,2016,South Float West - 90',South Float West,90,"",73,Y,23,24,2,merge,2016-06-23,2016-06-24,true,R/V Long Ketch,"solid|fg=rgb=""FF60497A"" |bg=rgb=""FF000000"""
2016,June,6,2016,South Float East - 90',South Float East,90,"",74,C,1,4,4,merge,2016-06-01,2016-06-04,true,OSV AMBER REEF,"solid|fg=rgb=""FF008000"" |bg=rgb=""FF000000"""
2016,June,6,2016,South Float East - 90',South Float East,90,"",74,J,8,18,11,fill_run,2016-06-08,2016-06-18,true,OSV AMBER REEF,"solid|fg=rgb=""FF008000"" |bg=rgb=""FF000000"""
2016,June,6,2016,South Float East - 90',South Float East,90,"",74,Z,24,29,6,fill_run,2016-06-24,2016-06-29,true,OSV AMBER REEF,"solid|fg=rgb=""FF008000"" |bg=rgb=""FF000000"""
2016,June,6,2016,North Finger Piers:,North Finger Piers,"",North Finger Piers:,75,P,14,14,1,single,2016-06-14,2016-06-14,true,M/V Silver Dory,""
2016,June,6,2016,North Finger Piers:,North Finger Piers,"",North Finger Piers:,75,S,17,17,1,single,2016-06-17,2016-06-17,true,S/V Golden Anchor,"solid|fg=theme=""5"" tint=""0.3999755851924192"" |bg=indexed=""64"""
2016,June,6,2016,North Finger Piers:,North Finger Piers,"",North Finger Piers:,75,W,21,21,1,single,2016-06-21,2016-06-21,true,Fueling,""
2016,July,7,2016,North Pier West - 410',North Pier West,410,"",81,C,1,2,2,merge,2016-07-01,2016-07-02,true,Tug Salt Tide,"solid|fg=theme=""9"" |bg=indexed=""64"""
2016,July,7,2016,North Pier West - 410',North Pier West,410,"",81,F,4,7,4,merge,2016-07-04,2016-07-07,true,Tug Salt Tide,"solid|fg=theme=""9"" |bg=indexed=""64"""
2016,July,7,2016,North Pier West - 410',North Pier West,410,"",81,AC,27,29,3,merge,2016-07-27,2016-07-29,true,R/V Green Star,"solid|fg=rgb=""FFFF7E79"" |bg=indexed=""64"""
2016,July,7,2016,North Pier West - 410',North Pier West,410,"",81,AF,30,31,2,merge,2016-07-30,2016-07-31,true,Tug Salt Tide,"solid|fg=theme=""9"" |bg=indexed=""64"""
2016,July,7,2016,North Pier Face - 75',North Pier Face,75,"",82,AG,31,31,1,single,2016-07-31,2016-07-31,true,R/V Green Star,"solid|fg=rgb=""FFFF7E79"" |bg=indexed=""64"""
2016,July,7,2016,North Pier East - 240',North Pier East,240,"",83,C,1,7,7,merge,2016-07-01,2016-07-07,true,R/V Green Star,"solid|fg=rgb=""FFFF7E79"" |bg=indexed=""64"""
2016,July,7,2016,North Pier East - 240',North Pier East,240,"",83,J,8,12,5,merge,2016-07-08,2016-07-12,true,F/V SALT FATHOM,"solid|fg=rgb=""FF942093"" |bg=indexed=""64"""
2016,July,7,2016,North Pier East - 240',North Pier East,240,"",83,T,18,22,5,merge,2016-07-18,2016-07-22,true,R/V Bright Current,"solid|fg=rgb=""FF76D6FF"" |bg=indexed=""64"""
2016,July,7,2016,North Pier East - 240',North Pier East,240,"",83,AG,31,31,1,single,2016-07-31,2016-07-31,true,F/V Bright Ketch,"solid|fg=rgb=""FF92D050"" |bg=indexed=""64"""
2016,July,7,2016,South Float West - 90',South Float West,90,"",85,D,2,3,2,merge,2016-07-02,2016-07-03,true,M/Y Wild Ketch,"solid|fg=rgb=""FFFFFF00"" |bg=indexed=""64"""
2016,July,7,2016,South Float West - 90',South Float West,90,"",85,K,9,10,2,merge,2016-07-09,2016-07-10,true,R/V Long Ketch,"solid|fg=rgb=""FF60497A"" |bg=rgb=""FF000000"""
2016,July,7,2016,South Float West - 90',South Float West,90,"",85,M,11,12,2,merge,2016-07-11,2016-07-12,true,R/V Long Ketch,"solid|fg=rgb=""FF60497A"" |bg=rgb=""FF000000"""
2016,July,7,2016,South Float West - 90',South Float West,90,"",85,O,13,13,1,single,2016-07-13,2016-07-13,true,F/V Swift Horizon,"solid|fg=rgb=""FF76D6FF"" |bg=indexed=""64"""
2016,July,7,2016,South Float West - 90',South Float West,90,"",85,P,14,15,2,fill_run,2016-07-14,2016-07-15,true,S/V Bright Sextant,"solid|fg=rgb=""FFFFFF00"" |bg=indexed=""64"""
2016,July,7,2016,South Float West - 90',South Float West,90,"",85,R,16,18,3,merge,2016-07-16,2016-07-18,true,R/V Long Ketch,"solid|fg=rgb=""FF60497A"" |bg=rgb=""FF000000"""
2016,July,7,2016,South Float West - 90',South Float West,90,"",85,AA,25,26,2,merge,2016-07-25,2016-07-26,true,R/V Long Ketch,"solid|fg=rgb=""FF60497A"" |bg=rgb=""FF000000"""
2016,July,7,2016,South Float West - 90',South Float West,90,"",85,AE,29,29,1,single,2016-07-29,2016-07-29,true,R/V Blue Kestrel,"solid|fg=rgb=""FFFFFF00"" |bg=indexed=""64"""
2016,July,7,2016,South Float West - 90',South Float West,90,"",85,AF,30,31,2,merge,2016-07-30,2016-07-31,true,R/V Green Star,"solid|fg=rgb=""FFFF7E79"" |bg=indexed=""64"""
2016,July,7,2016,South Float East - 90',South Float East,90,"",86,C,1,1,1,single,2016-07-01,2016-07-01,true,OSV AMBER REEF,"solid|fg=rgb=""FF008000"" |bg=rgb=""FF000000"""
2016,July,7,2016,South Float East - 90',South Float East,90,"",86,G,5,8,4,merge,2016-07-05,2016-07-08,true,S/V High Meridian,"solid|fg=theme=""8"" tint=""0.3999755851924192"" |bg=indexed=""64"""
2016,July,7,2016,South Float East - 90',South Float East,90,"",86,K,9,14,6,merge,2016-07-09,2016-07-14,true,OSV AMBER REEF,"solid|fg=rgb=""FF008000"" |bg=rgb=""FF000000"""
2016,July,7,2016,South Float East - 90',South Float East,90,"",86,Z,24,31,8,merge,2016-07-24,2016-07-31,true,OSV AMBER REEF,"solid|fg=rgb=""FF008000"" |bg=rgb=""FF000000"""
2016,July,7,2016,North Finger Piers:,North Finger Piers,"",North Finger Piers:,87,K,9,15,7,merge,2016-07-09,2016-07-15,true,S/V High Marlin,"solid|fg=theme=""6"" tint=""0.5999938962981048"" |bg=indexed=""64"""
2016,July,7,2016,North Finger Piers:,North Finger Piers,"",North Finger Piers:,87,AB,26,26,1,single,2016-07-26,2016-07-26,true,R/V Northern Horizon,"solid|fg=rgb=""FFFFFF00"" |bg=indexed=""64"""
2016,August,8,2016,North Pier West - 410',North Pier West,410,"",93,C,1,4,4,merge,2016-08-01,2016-08-04,true,Tug Salt Tide,"solid|fg=theme=""9"" |bg=indexed=""64"""
2016,August,8,2016,North Pier West - 410',North Pier West,410,"",93,W,21,21,1,single,2016-08-21,2016-08-21,true,R/V Blue Anchor,"solid|fg=rgb=""FF92D050"" |bg=indexed=""64"""
2016,August,8,2016,North Pier West - 410',North Pier West,410,"",93,X,22,22,1,single,2016-08-22,2016-08-22,true,S/Y Far Harbor,"solid|fg=theme=""5"" tint=""0.3999755851924192"" |bg=indexed=""64"""
2016,August,8,2016,North Pier West - 410',North Pier West,410,"",93,AA,25,25,1,single,2016-08-25,2016-08-25,true,R/V Blue Anchor,"solid|fg=rgb=""FF92D050"" |bg=indexed=""64"""
2016,August,8,2016,North Pier West - 410',North Pier West,410,"",93,AB,26,26,1,single,2016-08-26,2016-08-26,true,F/V SALT FATHOM,"solid|fg=rgb=""FF7030A0"" |bg=indexed=""64"""
2016,August,8,2016,North Pier Face - 75',North Pier Face,75,"",94,C,1,3,3,merge,2016-08-01,2016-08-03,true,R/V Green Star,"solid|fg=rgb=""FFFF7E79"" |bg=indexed=""64"""
2016,August,8,2016,North Pier East - 240',North Pier East,240,"",95,J,8,11,4,merge,2016-08-08,2016-08-11,true,Tug Salt Tide,"solid|fg=theme=""9"" |bg=indexed=""64"""
2016,August,8,2016,North Pier East - 240',North Pier East,240,"",95,N,12,13,2,merge,2016-08-12,2016-08-13,true,R/V Green Star,"solid|fg=rgb=""FFFF7E79"" |bg=indexed=""64"""
2016,August,8,2016,North Pier East - 240',North Pier East,240,"",95,Q,15,20,6,merge,2016-08-15,2016-08-20,true,Barge Clear Ledge,"solid|fg=rgb=""FF005493"" |bg=indexed=""64"""
2016,August,8,2016,North Pier East - 240',North Pier East,240,"",95,AC,27,30,4,merge,2016-08-27,2016-08-30,true,R/V Green Star,"solid|fg=rgb=""FFFF7E79"" |bg=indexed=""64"""
2016,August,8,2016,South Float West - 90',South Float West,90,"",97,C,1,2,2,merge,2016-08-01,2016-08-02,true,R/V Long Ketch,"solid|fg=rgb=""FF60497A"" |bg=rgb=""FF000000"""
2016,August,8,2016,South Float West - 90',South Float West,90,"",97,G,5,6,2,merge,2016-08-05,2016-08-06,true,R/V Long Ketch,"solid|fg=rgb=""FF60497A"" |bg=rgb=""FF000000"""
2016,August,8,2016,South Float West - 90',South Float West,90,"",97,J,8,8,1,single,2016-08-08,2016-08-08,true,R/V Long Ketch,"solid|fg=rgb=""FF60497A"" |bg=rgb=""FF000000"""
2016,August,8,2016,South Float West - 90',South Float West,90,"",97,L,10,10,1,single,2016-08-10,2016-08-10,true,M/Y Wild Anchor,"solid|fg=rgb=""FF76D6FF"" |bg=indexed=""64"""
2016,August,8,2016,South Float West - 90',South Float West,90,"",97,O,13,13,1,single,2016-08-13,2016-08-13,true,R/V Long Ketch,"solid|fg=rgb=""FF60497A"" |bg=rgb=""FF000000"""
2016,August,8,2016,South Float East - 90',South Float East,90,"",98,E,3,4,2,merge,2016-08-03,2016-08-04,true,OSV AMBER REEF,"solid|fg=rgb=""FF008000"" |bg=rgb=""FF000000"""
2016,August,8,2016,South Float East - 90',South Float East,90,"",98,N,12,19,8,merge,2016-08-12,2016-08-19,true,OSV AMBER REEF,"solid|fg=rgb=""FF008000"" |bg=rgb=""FF000000"""
2016,August,8,2016,North Finger Piers:,North Finger Piers,"",North Finger Piers:,99,C,1,31,31,merge,2016-08-01,2016-08-31,true,Barge Deep Tern,"solid|fg=theme=""3"" |bg=indexed=""64"""
2016,August,8,2016,Small craft slips (institution boats),Small craft slips (institution boats),"",North Finger Piers:,100,R,16,16,1,single,2016-08-16,2016-08-16,true,M/Y Green Horizon,""
2016,September,9,2016,North Pier West - 410',North Pier West,410,"",106,G,5,11,7,merge,2016-09-05,2016-09-11,true,Tug Salt Tide,"solid|fg=theme=""9"" |bg=indexed=""64"""
2016,September,9,2016,North Pier West - 410',North Pier West,410,"",106,AF,30,30,1,single,2016-09-30,2016-09-30,true,Tug Salt Tide,"solid|fg=theme=""9"" |bg=indexed=""64"""
2016,September,9,2016,North Pier East - 240',North Pier East,240,"",108,D,2,2,1,single,2016-09-02,2016-09-02,true,R/V Blue Anchor,"solid|fg=rgb=""FF92D050"" |bg=indexed=""64"""
2016,September,9,2016,North Pier East - 240',North Pier East,240,"",108,L,10,10,1,single,2016-09-10,2016-09-10,true,R/V Blue Anchor,"solid|fg=rgb=""FF92D050"" |bg=indexed=""64"""
2016,September,9,2016,North Pier East - 240',North Pier East,240,"",108,AE,29,29,1,single,2016-09-29,2016-09-29,true,F/V Swift Fathom,"solid|fg=rgb=""FF945200"" |bg=indexed=""64"""
2016,September,9,2016,South Float West - 90',South Float West,90,"",110,F,4,4,1,single,2016-09-04,2016-09-04,true,R/V Long Ketch,"solid|fg=rgb=""FF60497A"" |bg=rgb=""FF000000"""
2016,September,9,2016,South Float West - 90',South Float West,90,"",110,G,5,6,2,fill_run,2016-09-05,2016-09-06,true,R/V Blue Star,"solid|fg=rgb=""FF002060"" |bg=indexed=""64"""
2016,September,9,2016,South Float West - 90',South Float West,90,"",110,I,7,7,1,single,2016-09-07,2016-09-07,true,S/V Salt Anchor,"solid|fg=theme=""2"" tint=""-0.09997863704336681"" |bg=indexed=""64"""
2016,September,9,2016,South Float West - 90',South Float West,90,"",110,O,13,14,2,merge,2016-09-13,2016-09-14,true,R/V Long Ketch,"solid|fg=rgb=""FF60497A"" |bg=rgb=""FF000000"""
2016,September,9,2016,South Float West - 90',South Float West,90,"",110,Q,15,17,3,merge,2016-09-15,2016-09-17,true,R/V Blue Star,"solid|fg=rgb=""FF002060"" |bg=indexed=""64"""
2016,September,9,2016,South Float West - 90',South Float West,90,"",110,T,18,20,3,merge,2016-09-18,2016-09-20,true,R/V Blue Star,"solid|fg=rgb=""FF002060"" |bg=indexed=""64"""
2016,September,9,2016,South Float West - 90',South Float West,90,"",110,W,21,21,1,single,2016-09-21,2016-09-21,true,R/V Long Ketch,"solid|fg=rgb=""FF60497A"" |bg=rgb=""FF000000"""
2016,September,9,2016,South Float West - 90',South Float West,90,"",110,X,22,23,2,fill_run,2016-09-22,2016-09-23,true,R/V Blue Star,"solid|fg=rgb=""FF002060"" |bg=indexed=""64"""
2016,September,9,2016,South Float West - 90',South Float West,90,"",110,Z,24,24,1,single,2016-09-24,2016-09-24,true,R/V Long Ketch,"solid|fg=rgb=""FF60497A"" |bg=rgb=""FF000000"""
2016,September,9,2016,South Float East - 90',South Float East,90,"",111,F,4,26,23,merge,2016-09-04,2016-09-26,true,OSV AMBER REEF,"solid|fg=rgb=""FF008000"" |bg=rgb=""FF000000"""
2016,September,9,2016,North Finger Piers:,North Finger Piers,"",North Finger Piers:,112,C,1,11,11,fill_run,2016-09-01,2016-09-11,true,Barge Deep Tern,"solid|fg=theme=""3"" |bg=indexed=""64"""
2016,October,10,2016,North Pier West - 410',North Pier West,410,"",118,C,1,4,4,merge,2016-10-01,2016-10-04,true,Tug Salt Tide,"solid|fg=theme=""9"" |bg=indexed=""64"""
2016,October,10,2016,North Pier West - 410',North Pier West,410,"",118,G,5,5,1,single,2016-10-05,2016-10-05,true,F/V Swift Fathom,"solid|fg=rgb=""FF945200"" |bg=indexed=""64"""
2016,October,10,2016,North Pier West - 410',North Pier West,410,"",118,H,6,6,1,single,2016-10-06,2016-10-06,true,Tug Western Lantern,"solid|fg=theme=""3"" |bg=indexed=""64"""
2016,October,10,2016,North Pier West - 410',North Pier West,410,"",118,J,8,9,2,merge,2016-10-08,2016-10-09,true,R/V Blue Anchor,"solid|fg=rgb=""FF92D050"" |bg=indexed=""64"""
2016,October,10,2016,North Pier West - 410',North Pier West,410,"",118,L,10,15,6,merge,2016-10-10,2016-10-15,true,Tug Salt Tide,"solid|fg=theme=""9"" |bg=indexed=""64"""
2016,October,10,2016,North Pier West - 410',North Pier West,410,"",118,AG,31,31,1,single,2016-10-31,2016-10-31,true,Tug Salt Tide,"solid|fg=theme=""9"" |bg=indexed=""64"""
2016,October,10,2016,North Pier East - 240',North Pier East,240,"",120,F,4,5,2,merge,2016-10-04,2016-10-05,true,R/V Blue Anchor,"solid|fg=rgb=""FF92D050"" |bg=indexed=""64"""
2016,October,10,2016,North Pier East - 240',North Pier East,240,"",120,I,7,8,2,merge,2016-10-07,2016-10-08,true,Tug Coral Reef,"solid|fg=rgb=""FFFFC000"" |bg=indexed=""64"""
2016,October,10,2016,North Pier East - 240',North Pier East,240,"",120,AE,29,31,3,merge,2016-10-29,2016-10-31,true,F/V Grey Gannet,"solid|fg=theme=""2"" |bg=indexed=""64"""
2016,October,10,2016,Inner Channel - 55',Inner Channel,55,"",121,B,0,0,1,single,"","",false,R/V Golden Horizon,""
2016,October,10,2016,South Float West - 90',South Float West,90,"",122,D,2,17,16,merge,2016-10-02,2016-10-17,true,R/V Blue Star,"solid|fg=rgb=""FF002060"" |bg=indexed=""64"""
2016,October,10,2016,South Float West - 90',South Float West,90,"",122,Y,23,24,2,merge,2016-10-23,2016-10-24,true,R/V Long Ketch,"solid|fg=rgb=""FF60497A"" |bg=rgb=""FF000000"""
2016,October,10,2016,South Float East - 90',South Float East,90,"",123,G,5,8,4,merge,2016-10-05,2016-10-08,true,OSV AMBER REEF,"solid|fg=rgb=""FF008000"" |bg=rgb=""FF000000"""
2016,October,10,2016,South Float East - 90',South Float East,90,"",123,N,12,12,1,single,2016-10-12,2016-10-12,true,R/V Long Ketch,"solid|fg=rgb=""FF60497A"" |bg=rgb=""FF000000"""
2016,October,10,2016,South Float East - 90',South Float East,90,"",123,P,14,15,2,merge,2016-10-14,2016-10-15,true,R/V Long Ketch,"solid|fg=rgb=""FF60497A"" |bg=rgb=""FF000000"""
2016,October,10,2016,South Float East - 90',South Float East,90,"",123,V,20,21,2,fill_run,2016-10-20,2016-10-21,true,R/V Long Ketch,"solid|fg=rgb=""FF60497A"" |bg=rgb=""FF000000"""
2016,November,11,2016,North Pier West - 410',North Pier West,410,"",130,D,2,3,2,merge,2016-11-02,2016-11-03,true,Tug Salt Tide,"solid|fg=theme=""9"" |bg=indexed=""64"""
2016,November,11,2016,North Pier West - 410',North Pier West,410,"",130,G,5,15,11,fill_run,2016-11-05,2016-11-15,true,Utility work on pier face,"solid|fg=rgb=""FFFFFF00"" |bg=indexed=""64"""
2016,November,11,2016,North Pier West - 410',North Pier West,410,"",130,S,17,24,8,merge,2016-11-17,2016-11-24,true,R/V GOLDEN COMPASS,"solid|fg=rgb=""FF4F81BD"" |bg=rgb=""FF000000"""
2016,November,11,2016,North Pier East - 240',North Pier East,240,"",132,E,3,4,2,merge,2016-11-03,2016-11-04,true,F/V Grey Gannet,"solid|fg=theme=""2"" |bg=indexed=""64"""
2016,November,11,2016,North Pier East - 240',North Pier East,240,"",132,G,5,8,4,merge,2016-11-05,2016-11-08,true,Tug Golden Sound,"solid|fg=rgb=""FF005493"" |bg=indexed=""64"""
2016,November,11,2016,North Pier East - 240',North Pier East,240,"",132,O,13,16,4,merge,2016-11-13,2016-11-16,true,Tug Golden Sound,"solid|fg=rgb=""FF005493"" |bg=indexed=""64"""
2016,November,11,2016,South Float West - 90',South Float West,90,"",134,C,1,4,4,merge,2016-11-01,2016-11-04,true,S/V High Meridian,"solid|fg=rgb=""FFFF7E79"" |bg=indexed=""64"""
2016,November,11,2016,South Float West - 90',South Float West,90,"",134,H,6,6,1,single,2016-11-06,2016-11-06,true,R/V Long Ketch,"solid|fg=rgb=""FF60497A"" |bg=rgb=""FF000000"""
2016,November,11,2016,South Float East - 90',South Float East,90,"",135,C,1,13,13,merge,2016-11-01,2016-11-13,true,OSV AMBER REEF,"solid|fg=rgb=""FF008000"" |bg=rgb=""FF000000"""
2016,November,11,2016,North Finger Piers:,North Finger Piers,"",North Finger Piers:,136,E,3,3,1,single,2016-11-03,2016-11-03,true,R/V Grey Lantern,""
2016,December,12,2016,North Pier West - 410',North Pier West,410,"",142,V,20,28,9,merge,2016-12-20,2016-12-28,true,R/V GOLDEN COMPASS,"solid|fg=rgb=""FF4F81BD"" |bg=rgb=""FF000000"""
2017,January,1,2017,North Pier West - 410',North Pier West,410,"",8,E,3,12,10,merge,2017-01-03,2017-01-12,true,R/V GOLDEN COMPASS,"solid|fg=rgb=""FF4F81BD"" |bg=rgb=""FF000000"""
2017,February,2,2017,North Pier East - 240',North Pier East,240,"",22,T,18,19,2,fill_run,2017-02-18,2017-02-19,true,M/V Clear Current,"solid|fg=rgb=""FF942093"" |bg=indexed=""64"""
2017,March,3,2017,North Pier West - 410',North Pier West,410,"",32,U,19,24,6,merge,2017-03-19,2017-03-24,true,R/V GOLDEN COMPASS,"solid|fg=rgb=""FF4F81BD"" |bg=rgb=""FF000000"""
2017,March,3,2017,North Pier East - 240',North Pier East,240,"",34,T,18,21,4,merge,2017-03-18,2017-03-21,true,Tug Golden Sound,"solid|fg=rgb=""FF005493"" |bg=indexed=""64"""
2017,April,4,2017,North Pier West - 410',North Pier West,410,"",44,H,6,8,3,merge,2017-04-06,2017-04-08,true,R/V GOLDEN COMPASS,"solid|fg=rgb=""FF4F81BD"" |bg=rgb=""FF000000"""
2017,April,4,2017,North Pier West - 410',North Pier West,410,"",44,T,18,22,5,merge,2017-04-18,2017-04-22,true,R/V GOLDEN COMPASS,"solid|fg=rgb=""FF4F81BD"" |bg=rgb=""FF000000"""
2017,April,4,2017,North Pier West - 410',North Pier West,410,"",44,AC,27,28,2,merge,2017-04-27,2017-04-28,true,Tug Salt Tide,"solid|fg=theme=""9"" |bg=indexed=""64"""
2017,April,4,2017,North Pier East - 240',North Pier East,240,"",46,AE,29,30,2,merge,2017-04-29,2017-04-30,true,R/V GOLDEN COMPASS,"solid|fg=rgb=""FF4F81BD"" |bg=rgb=""FF000000"""
2017,April,4,2017,South Float West - 90',South Float West,90,"",48,E,3,3,1,single,2017-04-03,2017-04-03,true,R/V Long Ketch,"solid|fg=rgb=""FF60497A"" |bg=rgb=""FF000000"""
2017,April,4,2017,South Float West - 90',South Float West,90,"",48,Z,24,24,1,single,2017-04-24,2017-04-24,true,R/V Long Ketch,"solid|fg=rgb=""FF60497A"" |bg=rgb=""FF000000"""
2017,April,4,2017,South Float West - 90',South Float West,90,"",48,AD,28,29,2,merge,2017-04-28,2017-04-29,true,R/V Long Ketch,"solid|fg=rgb=""FF60497A"" |bg=rgb=""FF000000"""
2017,April,4,2017,South Float East - 90',South Float East,90,"",49,Q,15,30,16,merge,2017-04-15,2017-04-30,true,OSV AMBER REEF,"solid|fg=rgb=""FF008000"" |bg=rgb=""FF000000"""
2017,May,5,2017,North Pier West - 410',North Pier West,410,"",56,E,3,11,9,merge,2017-05-03,2017-05-11,true,Tug Salt Tide,"solid|fg=theme=""9"" |bg=indexed=""64"""
2017,May,5,2017,North Pier West - 410',North Pier West,410,"",56,AA,25,25,1,single,2017-05-25,2017-05-25,true,M/V GREY COMPASS,""
2017,May,5,2017,North Pier East - 240',North Pier East,240,"",58,G,5,11,7,merge,2017-05-05,2017-05-11,true,R/V GOLDEN COMPASS,"solid|fg=rgb=""FF4F81BD"" |bg=rgb=""FF000000"""
2017,May,5,2017,South Float West - 90',South Float West,90,"",60,F,4,6,3,merge,2017-05-04,2017-05-06,true,R/V Long Ketch,"solid|fg=rgb=""FF60497A"" |bg=rgb=""FF000000"""
2017,May,5,2017,South Float West - 90',South Float West,90,"",60,L,10,10,1,single,2017-05-10,2017-05-10,true,R/V Long Ketch,""
2017,May,5,2017,South Float West - 90',South Float West,90,"",60,N,12,12,1,single,2017-05-12,2017-05-12,true,R/V Long Ketch,"solid|fg=rgb=""FF60497A"" |bg=rgb=""FF000000"""
2017,May,5,2017,South Float West - 90',South Float West,90,"",60,S,17,17,1,single,2017-05-17,2017-05-17,true,R/V Long Ketch,""
2017,May,5,2017,South Float West - 90',South Float West,90,"",60,Z,24,25,2,repeat,2017-05-24,2017-05-25,true,R/V Long Ketch,"solid|fg=rgb=""FF60497A"" |bg=rgb=""FF000000"""
2017,May,5,2017,South Float East - 90',South Float East,90,"",61,E,3,27,25,merge,2017-05-03,2017-05-27,true,OSV AMBER REEF,"solid|fg=rgb=""FF008000"" |bg=rgb=""FF000000"""
2017,May,5,2017,Small craft slips (institution boats),Small craft slips (institution boats),"",North Finger Piers:,65,D,2,6,5,merge,2017-05-02,2017-05-06,true,Float rebuild - no usage permitted,"solid|fg=rgb=""FFFFFF00"" |bg=rgb=""FF000000"""
2017,June,6,2017,North Pier West - 410',North Pier West,410,"",68,D,2,7,6,merge,2017-06-02,2017-06-07,true,Tug Salt Tide,"solid|fg=theme=""9"" |bg=indexed=""64"""
2017,June,6,2017,North Pier West - 410',North Pier West,410,"",68,AF,30,30,1,single,2017-06-30,2017-06-30,true,R/V GOLDEN COMPASS,"solid|fg=rgb=""FF4F81BD"" |bg=rgb=""FF000000"""
2017,June,6,2017,North Pier East - 240',North Pier East,240,"",70,D,2,4,3,merge,2017-06-02,2017-06-04,true,S/V Quiet Beacon,"solid|fg=theme=""4"" tint=""0.3999755851924192"" |bg=indexed=""64"""
2017,June,6,2017,North Pier East - 240',North Pier East,240,"",70,G,5,11,7,merge,2017-06-05,2017-06-11,true,R/V GOLDEN COMPASS,"solid|fg=rgb=""FF4F81BD"" |bg=rgb=""FF000000"""
2017,June,6,2017,North Pier East - 240',North Pier East,240,"",70,X,22,30,9,merge,2017-06-22,2017-06-30,true,M/V Long Cove,"solid|fg=rgb=""FFFF0000"" |bg=indexed=""64"""
2017,June,6,2017,North Pier East - 240',North Pier East,240,"",70,AG,31,31,1,single,"","",false,Barge Bright Tern,""
2017,June,6,2017,South Float West - 90',South Float West,90,"",72,C,1,2,2,merge,2017-06-01,2017-06-02,true,R/V Long Ketch,"solid|fg=rgb=""FF60497A"" |bg=rgb=""FF000000"""
2017,June,6,2017,South Float West - 90',South Float West,90,"",72,F,4,4,1,single,2017-06-04,2017-06-04,true,R/V Long Ketch,"solid|fg=rgb=""FF60497A"" |bg=rgb=""FF000000"""
2017,June,6,2017,South Float West - 90',South Float West,90,"",72,J,8,8,1,single,2017-06-08,2017-06-08,true,R/V Long Ketch,"solid|fg=rgb=""FF60497A"" |bg=rgb=""FF000000"""
2017,June,6,2017,South Float West - 90',South Float West,90,"",72,L,10,10,1,single,2017-06-10,2017-06-10,true,Tug Swift Ledge,"solid|fg=theme=""0"" tint=""-0.3499862666707358"" |bg=indexed=""64"""
2017,June,6,2017,South Float West - 90',South Float West,90,"",72,N,12,12,1,single,2017-06-12,2017-06-12,true,R/V Long Ketch,"solid|fg=rgb=""FF60497A"" |bg=rgb=""FF000000"""
2017,June,6,2017,South Float West - 90',South Float West,90,"",72,Y,23,23,1,single,2017-06-23,2017-06-23,true,R/V Long Ketch,"solid|fg=rgb=""FF60497A"" |bg=rgb=""FF000000"""
2017,June,6,2017,South Float West - 90',South Float West,90,"",72,AA,25,25,1,single,2017-06-25,2017-06-25,true,R/V Long Ketch,"solid|fg=rgb=""FF60497A"" |bg=rgb=""FF000000"""
2017,June,6,2017,South Float East - 90',South Float East,90,"",73,C,1,3,3,merge,2017-06-01,2017-06-03,true,OSV AMBER REEF,"solid|fg=rgb=""FF008000"" |bg=rgb=""FF000000"""
2017,June,6,2017,South Float East - 90',South Float East,90,"",73,G,5,5,1,single,2017-06-05,2017-06-05,true,R/V Blue Star,"solid|fg=theme=""2"" |bg=indexed=""64"""
2017,June,6,2017,South Float East - 90',South Float East,90,"",73,L,10,18,9,merge,2017-06-10,2017-06-18,true,OSV AMBER REEF,"solid|fg=rgb=""FF008000"" |bg=rgb=""FF000000"""
2017,June,6,2017,South Float East - 90',South Float East,90,"",73,U,19,30,12,merge,2017-06-19,2017-06-30,true,OSV AMBER REEF,"solid|fg=rgb=""FF008000"" |bg=rgb=""FF000000"""
2017,June,6,2017,North Finger Piers:,North Finger Piers,"",North Finger Piers:,74,I,7,7,1,single,2017-06-07,2017-06-07,true,Fueling @0800,""
2017,June,6,2017,North Finger Piers:,North Finger Piers,"",North Finger Piers:,74,AC,27,27,1,single,2017-06-27,2017-06-27,true,Student tour,"solid|fg=theme=""0"" tint=""-0.3499862666707358"" |bg=indexed=""64"""
2017,June,6,2017,Small craft slips (institution boats),Small craft slips (institution boats),"",North Finger Piers:,77,K,9,9,1,single,2017-06-09,2017-06-09,true,Film crew on dock,"solid|fg=rgb=""FFFFFF00"" |bg=indexed=""64"""
2017,June,6,2017,Small craft slips (institution boats),Small craft slips (institution boats),"",North Finger Piers:,77,Q,15,15,1,single,2017-06-15,2017-06-15,true,R/V Swift Star,"solid|fg=rgb=""FFFFFF00"" |bg=indexed=""64"""
2017,July,7,2017,North Pier West - 410',North Pier West,410,"",80,D,2,8,7,merge,2017-07-02,2017-07-08,true,R/V GOLDEN COMPASS,"solid|fg=rgb=""FF4F81BD"" |bg=rgb=""FF000000"""
2017,July,7,2017,North Pier West - 410',North Pier West,410,"",80,R,16,16,1,single,2017-07-16,2017-07-16,true,OSV Far Tide,"solid|fg=theme=""4"" tint=""0.3999755851924192"" |bg=indexed=""64"""
2017,July,7,2017,North Pier West - 410',North Pier West,410,"",80,Z,24,25,2,merge,2017-07-24,2017-07-25,true,R/V GOLDEN COMPASS,"solid|fg=rgb=""FF4F81BD"" |bg=rgb=""FF000000"""
2017,July,7,2017,North Pier Face - 75',North Pier Face,75,"",81,C,1,2,2,fill_run,2017-07-01,2017-07-02,true,Bunkering,"solid|fg=rgb=""FFD9D9D9"" |bg=rgb=""FF000000"""
2017,July,7,2017,North Pier Face - 75',North Pier Face,75,"",81,E,3,31,29,fill_run,2017-07-03,2017-07-31,true,Provisioning,"solid|fg=rgb=""FFD9D9D9"" |bg=rgb=""FF000000"""
2017,July,7,2017,North Pier East - 240',North Pier East,240,"",82,F,4,6,3,fill_run,2017-07-04,2017-07-06,true,M/V Long Cove,"solid|fg=rgb=""FFFF0000"" |bg=indexed=""64"""
2017,July,7,2017,North Pier East - 240',North Pier East,240,"",82,V,20,20,1,single,2017-07-20,2017-07-20,true,OS/V Silver Skua,"solid|fg=theme=""4"" tint=""0.7999816888943144"" |bg=indexed=""64"""
2017,July,7,2017,North Pier East - 240',North Pier East,240,"",82,Y,23,25,3,merge,2017-07-23,2017-07-25,true,Tug Golden Sound,"solid|fg=rgb=""FF005493"" |bg=indexed=""64"""
2017,July,7,2017,South Float West - 90',South Float West,90,"",84,D,2,3,2,repeat,2017-07-02,2017-07-03,true,R/V Long Ketch,"solid|fg=rgb=""FF60497A"" |bg=rgb=""FF000000"""
2017,July,7,2017,South Float West - 90',South Float West,90,"",84,G,5,5,1,single,2017-07-05,2017-07-05,true,M/V Blue Strand,"solid|fg=rgb=""FFFFFF00"" |bg=indexed=""64"""
2017,July,7,2017,South Float West - 90',South Float West,90,"",84,I,7,7,1,single,2017-07-07,2017-07-07,true,R/V Long Ketch,"solid|fg=rgb=""FF60497A"" |bg=rgb=""FF000000"""
2017,July,7,2017,South Float West - 90',South Float West,90,"",84,J,8,8,1,single,2017-07-08,2017-07-08,true,S/V Salt Anchor,"solid|fg=rgb=""FFFFFF00"" |bg=indexed=""64"""
2017,July,7,2017,South Float West - 90',South Float West,90,"",84,M,11,11,1,single,2017-07-11,2017-07-11,true,R/V Long Ketch,""
2017,July,7,2017,South Float West - 90',South Float West,90,"",84,P,14,15,2,repeat,2017-07-14,2017-07-15,true,R/V Long Ketch,"solid|fg=rgb=""FF60497A"" |bg=rgb=""FF000000"""
2017,July,7,2017,South Float West - 90',South Float West,90,"",84,S,17,17,1,single,2017-07-17,2017-07-17,true,R/V Long Ketch,"solid|fg=rgb=""FF60497A"" |bg=rgb=""FF000000"""
2017,July,7,2017,South Float West - 90',South Float West,90,"",84,T,18,18,1,single,2017-07-18,2017-07-18,true,S/V Northern Fathom,"solid|fg=rgb=""FFFFFF00"" |bg=indexed=""64"""
2017,July,7,2017,South Float West - 90',South Float West,90,"",84,Z,24,24,1,single,2017-07-24,2017-07-24,true,R/V Long Ketch,"solid|fg=rgb=""FF60497A"" |bg=rgb=""FF000000"""
2017,July,7,2017,South Float West - 90',South Float West,90,"",84,AE,29,30,2,merge,2017-07-29,2017-07-30,true,R/V Long Ketch,"solid|fg=rgb=""FF60497A"" |bg=rgb=""FF000000"""
2017,July,7,2017,South Float East - 90',South Float East,90,"",85,C,1,2,2,merge,2017-07-01,2017-07-02,true,OSV AMBER REEF,"solid|fg=rgb=""FF008000"" |bg=rgb=""FF000000"""
2017,July,7,2017,South Float East - 90',South Float East,90,"",85,K,9,18,10,merge,2017-07-09,2017-07-18,true,OSV AMBER REEF,"solid|fg=rgb=""FF008000"" |bg=rgb=""FF000000"""
2017,July,7,2017,South Float East - 90',South Float East,90,"",85,X,22,24,3,merge,2017-07-22,2017-07-24,true,S/V SWIFT BEACON,"solid|fg=rgb=""FFFFFF00"" |bg=indexed=""64"""
2017,July,7,2017,South Float East - 90',South Float East,90,"",85,AB,26,31,6,merge,2017-07-26,2017-07-31,true,OSV AMBER REEF,"solid|fg=rgb=""FF008000"" |bg=rgb=""FF000000"""
2017,July,7,2017,North Finger Piers:,North Finger Piers,"",North Finger Piers:,86,D,2,2,1,single,2017-07-02,2017-07-02,true,Arrives AM,""
2017,July,7,2017,South Float East - 90',South Float East,90,"",88,M,11,15,5,fill_run,2017-07-11,2017-07-15,true,Utility work on pier face,"solid|fg=rgb=""FFFFFF00"" |bg=indexed=""64"""
2017,July,7,2017,Small craft slips (institution boats),Small craft slips (institution boats),"",North Finger Piers:,89,K,9,9,1,single,2017-07-09,2017-07-09,true,Safety training (RIBs),"solid|fg=rgb=""FFFFFF00"" |bg=indexed=""64"""
2017,July,7,2017,Small craft slips (institution boats),Small craft slips (institution boats),"",North Finger Piers:,89,M,11,12,2,fill_run,2017-07-11,2017-07-12,true,Student tour,"solid|fg=rgb=""FFFFFF00"" |bg=indexed=""64"""
2017,July,7,2017,Small craft slips (institution boats),Small craft slips (institution boats),"",North Finger Piers:,89,S,17,17,1,single,2017-07-17,2017-07-17,true,Holiday,"solid|fg=rgb=""FFFFFF00"" |bg=indexed=""64"""
2017,August,8,2017,North Pier West - 410',North Pier West,410,"",92,M,11,15,5,merge,2017-08-11,2017-08-15,true,F/V Western Osprey,"solid|fg=rgb=""FF942093"" |bg=indexed=""64"""
2017,August,8,2017,North Pier West - 410',North Pier West,410,"",92,U,19,23,5,merge,2017-08-19,2017-08-23,true,R/V GOLDEN COMPASS,"solid|fg=rgb=""FF4F81BD"" |bg=rgb=""FF000000"""
2017,August,8,2017,North Pier West - 410',North Pier West,410,"",92,AF,30,31,2,fill_run,2017-08-30,2017-08-31,true,R/V GOLDEN COMPASS,"solid|fg=rgb=""FF4F81BD"" |bg=rgb=""FF000000"""
2017,August,8,2017,North Pier Face - 75',North Pier Face,75,"",93,N,12,31,20,fill_run,2017-08-12,2017-08-31,true,Bunker barge,"solid|fg=rgb=""FFD9D9D9"" |bg=rgb=""FF000000"""
2017,August,8,2017,North Pier East - 240',North Pier East,240,"",94,N,12,17,6,merge,2017-08-12,2017-08-17,true,R/V GOLDEN COMPASS,"solid|fg=rgb=""FF4F81BD"" |bg=rgb=""FF000000"""
2017,August,8,2017,North Pier East - 240',North Pier East,240,"",94,W,21,26,6,merge,2017-08-21,2017-08-26,true,F/V SALT FATHOM,"solid|fg=rgb=""FF942093"" |bg=indexed=""64"""
2017,August,8,2017,South Float West - 90',South Float West,90,"",96,I,7,7,1,single,2017-08-07,2017-08-07,true,R/V Long Ketch,"solid|fg=rgb=""FF60497A"" |bg=rgb=""FF000000"""
2017,August,8,2017,South Float West - 90',South Float West,90,"",96,K,9,9,1,single,2017-08-09,2017-08-09,true,R/V Long Ketch,"solid|fg=rgb=""FF60497A"" |bg=rgb=""FF000000"""
2017,August,8,2017,South Float West - 90',South Float West,90,"",96,O,13,13,1,single,2017-08-13,2017-08-13,true,R/V Long Ketch,"solid|fg=rgb=""FF60497A"" |bg=rgb=""FF000000"""
2017,August,8,2017,South Float West - 90',South Float West,90,"",96,W,21,22,2,merge,2017-08-21,2017-08-22,true,S/V Golden Anchor,"solid|fg=rgb=""FF945200"" |bg=indexed=""64"""
2017,August,8,2017,South Float West - 90',South Float West,90,"",96,AB,26,27,2,merge,2017-08-26,2017-08-27,true,R/V Long Fathom,"solid|fg=rgb=""FFFFFF00"" |bg=indexed=""64"""
2017,August,8,2017,South Float East - 90',South Float East,90,"",97,F,4,8,5,merge,2017-08-04,2017-08-08,true,OSV AMBER REEF,"solid|fg=rgb=""FF008000"" |bg=rgb=""FF000000"""
2017,August,8,2017,South Float East - 90',South Float East,90,"",97,O,13,21,9,merge,2017-08-13,2017-08-21,true,OSV AMBER REEF,"solid|fg=rgb=""FF008000"" |bg=rgb=""FF000000"""
2017,August,8,2017,South Float East - 90',South Float East,90,"",97,X,22,22,1,single,2017-08-22,2017-08-22,true,R/V Long Ketch,"solid|fg=rgb=""FF60497A"" |bg=rgb=""FF000000"""
2017,August,8,2017,South Float East - 90',South Float East,90,"",97,AD,28,31,4,merge,2017-08-28,2017-08-31,true,OSV AMBER REEF,"solid|fg=rgb=""FF008000"" |bg=rgb=""FF000000"""
2017,September,9,2017,North Pier West - 410',North Pier West,410,"",105,C,1,7,7,merge,2017-09-01,2017-09-07,true,R/V GOLDEN COMPASS,"solid|fg=rgb=""FF4F81BD"" |bg=rgb=""FF000000"""
2017,September,9,2017,North Pier West - 410',North Pier West,410,"",105,P,14,14,1,single,2017-09-14,2017-09-14,true,ETA 1200,"solid|fg=theme=""4"" tint=""0.5999938962981048"" |bg=indexed=""64"""
2017,September,9,2017,North Pier West - 410',North Pier West,410,"",105,X,22,23,2,merge,2017-09-22,2017-09-23,true,R/V GOLDEN COMPASS,"solid|fg=rgb=""FF4F81BD"" |bg=rgb=""FF000000"""
2017,September,9,2017,North Pier East - 240',North Pier East,240,"",107,T,18,21,4,merge,2017-09-18,2017-09-21,true,Tug Golden Sound,"solid|fg=rgb=""FF005493"" |bg=indexed=""64"""
2017,September,9,2017,North Pier East - 240',North Pier East,240,"",107,AE,29,29,1,single,2017-09-29,2017-09-29,true,OSV Silver Gannet,"solid|fg=rgb=""FFFFFF00"" |bg=indexed=""64"""
2017,September,9,2017,South Float West - 90',South Float West,90,"",109,N,12,12,1,single,2017-09-12,2017-09-12,true,ETA 1200,"solid|fg=theme=""4"" tint=""0.5999938962981048"" |bg=indexed=""64"""
2017,September,9,2017,South Float West - 90',South Float West,90,"",109,O,13,13,1,single,2017-09-13,2017-09-13,true,M/Y Swift Drift,"solid|fg=rgb=""FFFFFF00"" |bg=indexed=""64"""
2017,September,9,2017,South Float West - 90',South Float West,90,"",109,P,14,15,2,merge,2017-09-14,2017-09-15,true,R/V Long Ketch,"solid|fg=rgb=""FF60497A"" |bg=rgb=""FF000000"""
2017,September,9,2017,South Float West - 90',South Float West,90,"",109,S,17,18,2,merge,2017-09-17,2017-09-18,true,R/V Long Ketch,"solid|fg=rgb=""FF60497A"" |bg=rgb=""FF000000"""
2017,September,9,2017,South Float West - 90',South Float West,90,"",109,Z,24,25,2,merge,2017-09-24,2017-09-25,true,R/V Long Ketch,"solid|fg=rgb=""FF60497A"" |bg=rgb=""FF000000"""
2017,September,9,2017,South Float East - 90',South Float East,90,"",110,I,7,12,6,fill_run,2017-09-07,2017-09-12,true,R/V Blue Star,"solid|fg=theme=""8"" tint=""0.3999755851924192"" |bg=indexed=""64"""
2017,September,9,2017,South Float East - 90',South Float East,90,"",110,O,13,13,1,single,2017-09-13,2017-09-13,true,Touch and go,"solid|fg=rgb=""FFFFFF00"" |bg=indexed=""64"""
2017,September,9,2017,South Float East - 90',South Float East,90,"",110,P,14,14,1,single,2017-09-14,2017-09-14,true,ETA 1200,"solid|fg=theme=""4"" tint=""0.5999938962981048"" |bg=indexed=""64"""
2017,September,9,2017,South Float East - 90',South Float East,90,"",110,Y,23,29,7,fill_run,2017-09-23,2017-09-29,true,OSV AMBER REEF,"solid|fg=rgb=""FF008000"" |bg=rgb=""FF000000"""
2017,September,9,2017,North Finger Piers:,North Finger Piers,"",North Finger Piers:,111,I,7,7,1,single,2017-09-07,2017-09-07,true,Bunker barge,""
2017,September,9,2017,North Finger Piers:,North Finger Piers,"",North Finger Piers:,111,M,11,11,1,single,2017-09-11,2017-09-11,true,Donor reception,"solid|fg=rgb=""FFFFFF00"" |bg=indexed=""64"""
2017,September,9,2017,North Finger Piers:,North Finger Piers,"",North Finger Piers:,111,AB,26,26,1,single,2017-09-26,2017-09-26,true,Wire spooling,""
2017,September,9,2017,Small craft slips (institution boats),Small craft slips (institution boats),"",North Finger Piers:,112,F,4,8,5,merge,2017-09-04,2017-09-08,true,M/V HIGH COVE,"solid|fg=rgb=""FFFFFF00"" |bg=indexed=""64"""
2017,September,9,2017,South Float East - 90',South Float East,90,"",113,K,9,10,2,fill_run,2017-09-09,2017-09-10,true,ETD PM,"solid|fg=rgb=""FFFF0000"" |bg=indexed=""64"""
2017,September,9,2017,Small craft slips (institution boats),Small craft slips (institution boats),"",North Finger Piers:,114,C,1,10,10,merge,2017-09-01,2017-09-10,true,R/V Silver Petrel,"solid|fg=rgb=""FFFFFF00"" |bg=indexed=""64"""
2017,September,9,2017,Small craft slips (institution boats),Small craft slips (institution boats),"",North Finger Piers:,114,R,16,16,1,single,2017-09-16,2017-09-16,true,Bunker barge,""
2017,September,9,2017,Small craft slips (institution boats),Small craft slips (institution boats),"",North Finger Piers:,114,S,17,17,1,single,2017-09-17,2017-09-17,true,Community sail day,"solid|fg=rgb=""FFFFFF00"" |bg=indexed=""64"""
2017,October,10,2017,North Pier West - 410',North Pier West,410,"",117,G,5,8,4,fill_run,2017-10-05,2017-10-08,true,R/V GOLDEN COMPASS,"solid|fg=rgb=""FF4F81BD"" |bg=rgb=""FF000000"""
2017,October,10,2017,North Pier West - 410',North Pier West,410,"",117,V,20,21,2,merge,2017-10-20,2017-10-21,true,R/V GOLDEN COMPASS,"solid|fg=rgb=""FF4F81BD"" |bg=rgb=""FF000000"""
2017,October,10,2017,North Pier West - 410',North Pier West,410,"",117,Y,23,27,5,merge,2017-10-23,2017-10-27,true,R/V GOLDEN COMPASS,"solid|fg=rgb=""FF4F81BD"" |bg=rgb=""FF000000"""
2017,October,10,2017,North Pier East - 240',North Pier East,240,"",119,D,2,4,3,fill_run,2017-10-02,2017-10-04,true,OSV AMBER REEF,"solid|fg=rgb=""FF008000"" |bg=rgb=""FF000000"""
2017,October,10,2017,North Pier East - 240',North Pier East,240,"",119,K,9,11,3,merge,2017-10-09,2017-10-11,true,R/V Swift Current,"solid|fg=theme=""9"" tint=""-0.249977111117893"" |bg=indexed=""64"""
2017,October,10,2017,Inner Channel - 55',Inner Channel,55,"",120,B,0,0,1,single,"","",false,R/V Golden Horizon,""
2017,October,10,2017,South Float West - 90',South Float West,90,"",121,C,1,2,2,merge,2017-10-01,2017-10-02,true,R/V Long Ketch,"solid|fg=rgb=""FF60497A"" |bg=rgb=""FF000000"""
2017,October,10,2017,South Float West - 90',South Float West,90,"",121,F,4,5,2,merge,2017-10-04,2017-10-05,true,R/V Long Ketch,"solid|fg=rgb=""FF60497A"" |bg=rgb=""FF000000"""
2017,October,10,2017,South Float West - 90',South Float West,90,"",121,J,8,8,1,single,2017-10-08,2017-10-08,true,R/V Long Ketch,"solid|fg=rgb=""FF60497A"" |bg=rgb=""FF000000"""
2017,October,10,2017,South Float West - 90',South Float West,90,"",121,Q,15,15,1,single,2017-10-15,2017-10-15,true,R/V Long Ketch,"solid|fg=rgb=""FF60497A"" |bg=rgb=""FF000000"""
2017,October,10,2017,South Float East - 90',South Float East,90,"",122,D,2,2,1,single,2017-10-02,2017-10-02,true,OSV AMBER REEF,"solid|fg=rgb=""FF008000"" |bg=rgb=""FF000000"""
2017,October,10,2017,South Float East - 90',South Float East,90,"",122,G,5,10,6,fill_run,2017-10-05,2017-10-10,true,OSV AMBER REEF,"solid|fg=rgb=""FF008000"" |bg=rgb=""FF000000"""
2017,October,10,2017,South Float East - 90',South Float East,90,"",122,N,12,14,3,merge,2017-10-12,2017-10-14,true,R/V High Horizon,"solid|fg=rgb=""FF945200"" |bg=indexed=""64"""
2017,October,10,2017,North Finger Piers:,North Finger Piers,"",North Finger Piers:,123,F,4,4,1,single,2017-10-04,2017-10-04,true,Water/slops pumping,""
2017,October,10,2017,North Finger Piers:,North Finger Piers,"",North Finger Piers:,123,K,9,9,1,single,2017-10-09,2017-10-09,true,Load equipment,""
2017,October,10,2017,North Finger Piers:,North Finger Piers,"",North Finger Piers:,123,L,10,14,5,fill_run,2017-10-10,2017-10-14,true,Holiday,"solid|fg=rgb=""FFFFFF00"" |bg=indexed=""64"""
2017,October,10,2017,North Finger Piers:,North Finger Piers,"",North Finger Piers:,123,S,17,22,6,merge,2017-10-17,2017-10-22,true,Barge Bright Osprey,"solid|fg=theme=""7"" |bg=indexed=""64"""
2017,October,10,2017,North Finger Piers:,North Finger Piers,"",North Finger Piers:,123,AF,30,30,1,single,2017-10-30,2017-10-30,true,Fueling @0800,"solid|fg=rgb=""FFC00000"" |bg=indexed=""64"""
2017,October,10,2017,Small craft slips (institution boats),Small craft slips (institution boats),"",North Finger Piers:,126,S,17,17,1,single,2017-10-17,2017-10-17,true,Fueling,""
2017,November,11,2017,North Pier West - 410',North Pier West,410,"",129,I,7,8,2,merge,2017-11-07,2017-11-08,true,R/V GOLDEN COMPASS,"solid|fg=rgb=""FF4F81BD"" |bg=rgb=""FF000000"""
2017,November,11,2017,North Pier West - 410',North Pier West,410,"",129,S,17,28,12,merge,2017-11-17,2017-11-28,true,R/V GOLDEN COMPASS,"solid|fg=rgb=""FF4F81BD"" |bg=rgb=""FF000000"""
2017,November,11,2017,North Pier East - 240',North Pier East,240,"",131,X,22,24,3,merge,2017-11-22,2017-11-24,true,F/V SALT FATHOM,"solid|fg=rgb=""FF942093"" |bg=indexed=""64"""
2017,November,11,2017,Inner Channel - 55',Inner Channel,55,"",132,B,0,0,1,single,"","",false,R/V Golden Horizon,""
2017,November,11,2017,South Float West - 90',South Float West,90,"",133,K,9,9,1,single,2017-11-09,2017-11-09,true,R/V Long Ketch,"solid|fg=rgb=""FF60497A"" |bg=rgb=""FF000000"""
2017,November,11,2017,South Float West - 90',South Float West,90,"",133,M,11,11,1,single,2017-11-11,2017-11-11,true,R/V Long Ketch,"solid|fg=rgb=""FF60497A"" |bg=rgb=""FF000000"""
2017,November,11,2017,Small craft slips (institution boats),Small craft slips (institution boats),"",North Finger Piers:,138,X,22,22,1,single,2017-11-22,2017-11-22,true,Fuel truck,""
2017,December,12,2017,North Pier West - 410',North Pier West,410,"",141,C,1,31,31,merge,2017-12-01,2017-12-31,true,R/V GOLDEN COMPASS,"solid|fg=rgb=""FF4F81BD"" |bg=rgb=""FF000000"""
2017,December,12,2017,North Pier East - 240',North Pier East,240,"",143,G,5,7,3,merge,2017-12-05,2017-12-07,true,F/V SALT FATHOM,"solid|fg=rgb=""FF942093"" |bg=indexed=""64"""
2017,December,12,2017,Inner Channel - 55',Inner Channel,55,"",144,B,0,0,1,single,"","",false,R/V Golden Horizon,""
2018,January,1,2018,North Pier West - 410',North Pier West,410,"",9,C,1,13,13,merge,2018-01-01,2018-01-13,true,R/V GOLDEN COMPASS,"solid|fg=rgb=""FF4F81BD"" |bg=rgb=""FF000000"""
2018,January,1,2018,North Pier West - 410',North Pier West,410,"",9,T,18,31,14,fill_run,2018-01-18,2018-01-31,true,R/V GOLDEN COMPASS,"solid|fg=rgb=""FF4F81BD"" |bg=rgb=""FF000000"""
2018,January,1,2018,North Pier East - 240',North Pier East,240,"",11,O,13,25,13,merge,2018-01-13,2018-01-25,true,OSV Far Tide,"solid|fg=theme=""4"" tint=""0.3999755851924192"" |bg=indexed=""64"""
2018,February,2,2018,North Pier West - 410',North Pier West,410,"",21,C,1,28,28,merge,2018-02-01,2018-02-28,true,R/V GOLDEN COMPASS,"solid|fg=rgb=""FF4F81BD"" |bg=rgb=""FF000000"""
2018,February,2,2018,North Pier East - 240',North Pier East,240,"",23,E,3,5,3,merge,2018-02-03,2018-02-05,true,R/V Northern Star,"solid|fg=rgb=""FFFFFF00"" |bg=indexed=""64"""
2018,February,2,2018,North Pier East - 240',North Pier East,240,"",23,J,8,8,1,single,2018-02-08,2018-02-08,true,OSV Quiet Ketch,"solid|fg=rgb=""FFFFFF00"" |bg=indexed=""64"""
2018,March,3,2018,North Pier West - 410',North Pier West,410,"",33,C,1,31,31,merge,2018-03-01,2018-03-31,true,R/V GOLDEN COMPASS,"solid|fg=rgb=""FF4F81BD"" |bg=rgb=""FF000000"""
2018,March,3,2018,North Pier East - 240',North Pier East,240,"",35,D,2,3,2,merge,2018-03-02,2018-03-03,true,R/V Northern Star,"solid|fg=rgb=""FFFFFF00"" |bg=indexed=""64"""
2018,March,3,2018,North Pier East - 240',North Pier East,240,"",35,U,19,20,2,fill_run,2018-03-19,2018-03-20,true,F/V SALT FATHOM,"solid|fg=rgb=""FF942093"" |bg=indexed=""64"""
2018,March,3,2018,North Pier East - 240',North Pier East,240,"",35,Y,23,23,1,single,2018-03-23,2018-03-23,true,Barge Silver Voyager,""
2018,April,4,2018,North Pier West - 410',North Pier West,410,"",45,C,1,12,12,fill_run,2018-04-01,2018-04-12,true,R/V GOLDEN COMPASS,"solid|fg=rgb=""FF4F81BD"" |bg=rgb=""FF000000"""
2018,April,4,2018,North Pier West - 410',North Pier West,410,"",45,O,13,17,5,fill_run,2018-04-13,2018-04-17,true,R/V GOLDEN COMPASS,"solid|fg=rgb=""FF4F81BD"" |bg=rgb=""FF000000"""
2018,April,4,2018,North Pier West - 410',North Pier West,410,"",45,AC,27,30,4,merge,2018-04-27,2018-04-30,true,Tug BLUE FATHOM,"solid|fg=rgb=""FF929000"" |bg=indexed=""64"""
2018,April,4,2018,North Pier East - 240',North Pier East,240,"",47,H,6,7,2,merge,2018-04-06,2018-04-07,true,F/V Salt Ketch,"solid|fg=rgb=""FFFFFF00"" |bg=indexed=""64"""
2018,April,4,2018,North Pier East - 240',North Pier East,240,"",47,U,19,20,2,merge,2018-04-19,2018-04-20,true,Tug BLUE FATHOM,"solid|fg=rgb=""FF929000"" |bg=indexed=""64"""
2018,April,4,2018,North Pier East - 240',North Pier East,240,"",47,AB,26,28,3,fill_run,2018-04-26,2018-04-28,true,M/V NORTHERN HARBOR,"solid|fg=rgb=""FFC00000"" |bg=rgb=""FF000000"""
2018,April,4,2018,South Float West - 90',South Float West,90,"",49,O,13,13,1,single,2018-04-13,2018-04-13,true,R/V Long Ketch,"solid|fg=rgb=""FF60497A"" |bg=rgb=""FF000000"""
2018,April,4,2018,South Float West - 90',South Float West,90,"",49,AC,27,27,1,single,2018-04-27,2018-04-27,true,R/V Long Ketch,"solid|fg=rgb=""FF60497A"" |bg=rgb=""FF000000"""
2018,April,4,2018,North Finger Piers:,North Finger Piers,"",North Finger Piers:,51,W,21,21,1,single,2018-04-21,2018-04-21,true,Fuel truck,"solid|fg=rgb=""FFFFFF00"" |bg=indexed=""64"""
2018,May,5,2018,North Pier West - 410',North Pier West,410,"",57,K,9,14,6,merge,2018-05-09,2018-05-14,true,R/V GOLDEN COMPASS,"solid|fg=rgb=""FF4F81BD"" |bg=rgb=""FF000000"""
2018,May,5,2018,North Pier West - 410',North Pier West,410,"",57,U,19,28,10,merge,2018-05-19,2018-05-28,true,R/V GOLDEN COMPASS,"solid|fg=rgb=""FF4F81BD"" |bg=rgb=""FF000000"""
2018,May,5,2018,North Pier Face - 75',North Pier Face,75,"",58,N,12,13,2,merge,2018-05-12,2018-05-13,true,F/V Salt Ketch,"solid|fg=rgb=""FFFFFF00"" |bg=indexed=""64"""
2018,May,5,2018,North Pier East - 240',North Pier East,240,"",59,C,1,31,31,merge,2018-05-01,2018-05-31,true,M/V NORTHERN HARBOR,"solid|fg=rgb=""FFC00000"" |bg=rgb=""FF000000"""
2018,May,5,2018,Inner Channel - 55',Inner Channel,55,"",60,Z,24,27,4,merge,2018-05-24,2018-05-27,true,R/V Long Horizon,"solid|fg=rgb=""FFFFFF00"" |bg=indexed=""64"""
2018,May,5,2018,South Float West - 90',South Float West,90,"",61,E,3,3,1,single,2018-05-03,2018-05-03,true,R/V Long Ketch,"solid|fg=rgb=""FF60497A"" |bg=rgb=""FF000000"""
2018,May,5,2018,South Float West - 90',South Float West,90,"",61,J,8,10,3,merge,2018-05-08,2018-05-10,true,R/V Long Ketch,"solid|fg=rgb=""FF60497A"" |bg=rgb=""FF000000"""
2018,May,5,2018,South Float West - 90',South Float West,90,"",61,Q,15,16,2,merge,2018-05-15,2018-05-16,true,R/V Long Ketch,"solid|fg=rgb=""FF60497A"" |bg=rgb=""FF000000"""
2018,May,5,2018,South Float West - 90',South Float West,90,"",61,Z,24,24,1,single,2018-05-24,2018-05-24,true,R/V Long Ketch,""
2018,May,5,2018,South Float East - 90',South Float East,90,"",62,K,9,26,18,fill_run,2018-05-09,2018-05-26,true,OSV AMBER REEF,"solid|fg=rgb=""FF008000"" |bg=rgb=""FF000000"""
2018,May,5,2018,North Finger Piers:,North Finger Piers,"",North Finger Piers:,63,AF,30,30,1,single,2018-05-30,2018-05-30,true,Fueling @0800,"solid|fg=rgb=""FFFFFF00"" |bg=indexed=""64"""
2018,June,6,2018,North Pier West - 410',North Pier West,410,"",69,D,2,3,2,fill_run,2018-06-02,2018-06-03,true,Bunker barge,"solid|fg=rgb=""FF4F81BD"" |bg=rgb=""FF000000"""
2018,June,6,2018,North Pier West - 410',North Pier West,410,"",69,F,4,7,4,fill_run,2018-06-04,2018-06-07,true,R/V GOLDEN COMPASS,"solid|fg=rgb=""FF4F81BD"" |bg=rgb=""FF000000"""
2018,June,6,2018,North Pier West - 410',North Pier West,410,"",69,AD,28,30,3,merge,2018-06-28,2018-06-30,true,M/V NORTHERN HARBOR,"solid|fg=rgb=""FFC00000"" |bg=rgb=""FF000000"""
2018,June,6,2018,North Pier East - 240',North Pier East,240,"",71,H,6,11,6,fill_run,2018-06-06,2018-06-11,true,M/V NORTHERN HARBOR,"solid|fg=rgb=""FFC00000"" |bg=rgb=""FF000000"""
2018,June,6,2018,North Pier East - 240',North Pier East,240,"",71,T,18,21,4,fill_run,2018-06-18,2018-06-21,true,F/V Coral Marlin,"solid|fg=rgb=""FF942093"" |bg=indexed=""64"""
2018,June,6,2018,North Pier East - 240',North Pier East,240,"",71,AC,27,29,3,merge,2018-06-27,2018-06-29,true,F/V Coral Marlin,"solid|fg=rgb=""FF942093"" |bg=indexed=""64"""
2018,June,6,2018,South Float West - 90',South Float West,90,"",73,G,5,5,1,single,2018-06-05,2018-06-05,true,Departure 0800,"solid|fg=rgb=""FFFFFF00"" |bg=indexed=""64"""
2018,June,6,2018,South Float West - 90',South Float West,90,"",73,L,10,10,1,single,2018-06-10,2018-06-10,true,R/V Long Ketch,"solid|fg=rgb=""FF60497A"" |bg=rgb=""FF000000"""
2018,June,6,2018,South Float West - 90',South Float West,90,"",73,AA,25,25,1,single,2018-06-25,2018-06-25,true,R/V Long Ketch,"solid|fg=rgb=""FF60497A"" |bg=rgb=""FF000000"""
2018,June,6,2018,South Float East - 90',South Float East,90,"",74,H,6,12,7,fill_run,2018-06-06,2018-06-12,true,OSV AMBER REEF,"solid|fg=rgb=""FF008000"" |bg=rgb=""FF000000"""
2018,June,6,2018,South Float East - 90',South Float East,90,"",74,U,19,26,8,merge,2018-06-19,2018-06-26,true,OSV AMBER REEF,"solid|fg=rgb=""FF008000"" |bg=rgb=""FF000000"""
2018,June,6,2018,Small craft slips (institution boats),Small craft slips (institution boats),"",North Finger Piers:,77,Y,23,23,1,single,2018-06-23,2018-06-23,true,Bunkering,"solid|fg=rgb=""FFFFFF00"" |bg=indexed=""64"""
2018,June,6,2018,Small craft slips (institution boats),Small craft slips (institution boats),"",North Finger Piers:,77,AG,31,31,1,single,"","",false,Bunkering 1000,"solid|fg=rgb=""FFFFFF00"" |bg=indexed=""64"""
2018,July,7,2018,North Pier West - 410',North Pier West,410,"",81,C,1,2,2,fill_run,2018-07-01,2018-07-02,true,M/V NORTHERN HARBOR,"solid|fg=rgb=""FFC00000"" |bg=rgb=""FF000000"""
2018,July,7,2018,North Pier West - 410',North Pier West,410,"",81,I,7,7,1,single,2018-07-07,2018-07-07,true,OSV Green Cove,"solid|fg=theme=""6"" |bg=indexed=""64"""
2018,July,7,2018,North Pier West - 410',North Pier West,410,"",81,N,12,13,2,fill_run,2018-07-12,2018-07-13,true,M/V Deep Beacon,"solid|fg=theme=""6"" |bg=indexed=""64"""
2018,July,7,2018,North Pier West - 410',North Pier West,410,"",81,Z,24,27,4,fill_run,2018-07-24,2018-07-27,true,M/V NORTHERN HARBOR,"solid|fg=rgb=""FFC00000"" |bg=rgb=""FF000000"""
2018,July,7,2018,North Pier West - 410',North Pier West,410,"",81,AD,28,30,3,merge,2018-07-28,2018-07-30,true,Tug BLUE FATHOM,"solid|fg=rgb=""FF929000"" |bg=indexed=""64"""
2018,July,7,2018,North Pier West - 410',North Pier West,410,"",81,AG,31,31,1,single,2018-07-31,2018-07-31,true,OSV Green Current,"solid|fg=rgb=""FFFFFF00"" |bg=indexed=""64"""
2018,July,7,2018,North Pier East - 240',North Pier East,240,"",83,AF,30,30,1,single,2018-07-30,2018-07-30,true,R/V Amber Anchor,"solid|fg=rgb=""FFF0FF63"" |bg=indexed=""64"""
2018,July,7,2018,South Float West - 90',South Float West,90,"",85,C,1,1,1,single,2018-07-01,2018-07-01,true,R/V Long Ketch,"solid|fg=rgb=""FF60497A"" |bg=rgb=""FF000000"""
2018,July,7,2018,South Float West - 90',South Float West,90,"",85,J,8,8,1,single,2018-07-08,2018-07-08,true,R/V Long Ketch,"solid|fg=rgb=""FF60497A"" |bg=rgb=""FF000000"""
2018,July,7,2018,South Float West - 90',South Float West,90,"",85,L,10,10,1,single,2018-07-10,2018-07-10,true,R/V Long Ketch,""
2018,July,7,2018,South Float West - 90',South Float West,90,"",85,O,13,13,1,single,2018-07-13,2018-07-13,true,R/V Long Ketch,"solid|fg=rgb=""FF60497A"" |bg=rgb=""FF000000"""
2018,July,7,2018,South Float West - 90',South Float West,90,"",85,Q,15,15,1,single,2018-07-15,2018-07-15,true,R/V Long Ketch,"solid|fg=rgb=""FF60497A"" |bg=rgb=""FF000000"""
2018,July,7,2018,South Float West - 90',South Float West,90,"",85,V,20,20,1,single,2018-07-20,2018-07-20,true,S/V Swift Marlin,"solid|fg=rgb=""FFFFFF00"" |bg=indexed=""64"""
2018,July,7,2018,South Float West - 90',South Float West,90,"",85,X,22,22,1,single,2018-07-22,2018-07-22,true,R/V Long Ketch,"solid|fg=rgb=""FF60497A"" |bg=rgb=""FF000000"""
2018,July,7,2018,South Float West - 90',South Float West,90,"",85,AE,29,29,1,single,2018-07-29,2018-07-29,true,R/V Long Ketch,"solid|fg=rgb=""FF60497A"" |bg=rgb=""FF000000"""
2018,July,7,2018,South Float West - 90',South Float West,90,"",85,AF,30,30,1,single,2018-07-30,2018-07-30,true,M/V Western Horizon,"solid|fg=rgb=""FFF0FF63"" |bg=indexed=""64"""
2018,July,7,2018,South Float East - 90',South Float East,90,"",86,C,1,2,2,merge,2018-07-01,2018-07-02,true,OSV AMBER REEF,"solid|fg=rgb=""FF008000"" |bg=rgb=""FF000000"""
2018,July,7,2018,South Float East - 90',South Float East,90,"",86,K,9,18,10,merge,2018-07-09,2018-07-18,true,OSV AMBER REEF,"solid|fg=rgb=""FF008000"" |bg=rgb=""FF000000"""
2018,July,7,2018,South Float East - 90',South Float East,90,"",86,AA,25,31,7,merge,2018-07-25,2018-07-31,true,OSV AMBER REEF,"solid|fg=rgb=""FF008000"" |bg=rgb=""FF000000"""
2018,August,8,2018,North Pier West - 410',North Pier West,410,"",93,D,2,5,4,merge,2018-08-02,2018-08-05,true,R/V High Horizon,"solid|fg=rgb=""FF945200"" |bg=indexed=""64"""
2018,August,8,2018,North Pier East - 240',North Pier East,240,"",95,E,3,4,2,fill_run,2018-08-03,2018-08-04,true,Tug BLUE FATHOM,"solid|fg=rgb=""FF929000"" |bg=indexed=""64"""
2018,August,8,2018,North Pier East - 240',North Pier East,240,"",95,N,12,14,3,fill_run,2018-08-12,2018-08-14,true,Tug BLUE FATHOM,"solid|fg=rgb=""FF929000"" |bg=indexed=""64"""
2018,August,8,2018,North Pier East - 240',North Pier East,240,"",95,U,19,20,2,fill_run,2018-08-19,2018-08-20,true,Tug BLUE FATHOM,"solid|fg=rgb=""FF929000"" |bg=indexed=""64"""
2018,August,8,2018,South Float West - 90',South Float West,90,"",97,E,3,3,1,single,2018-08-03,2018-08-03,true,R/V Long Ketch,"solid|fg=rgb=""FF60497A"" |bg=rgb=""FF000000"""
2018,August,8,2018,South Float West - 90',South Float West,90,"",97,G,5,5,1,single,2018-08-05,2018-08-05,true,R/V Long Ketch,"solid|fg=rgb=""FF60497A"" |bg=rgb=""FF000000"""
2018,August,8,2018,South Float West - 90',South Float West,90,"",97,K,9,9,1,single,2018-08-09,2018-08-09,true,R/V Long Ketch,"solid|fg=rgb=""FF60497A"" |bg=rgb=""FF000000"""
2018,August,8,2018,South Float West - 90',South Float West,90,"",97,U,19,19,1,single,2018-08-19,2018-08-19,true,R/V Long Ketch,"solid|fg=rgb=""FF60497A"" |bg=rgb=""FF000000"""
2018,August,8,2018,South Float East - 90',South Float East,90,"",98,C,1,5,5,merge,2018-08-01,2018-08-05,true,OSV AMBER REEF,"solid|fg=rgb=""FF008000"" |bg=rgb=""FF000000"""
2018,August,8,2018,South Float East - 90',South Float East,90,"",98,N,12,17,6,merge,2018-08-12,2018-08-17,true,OSV AMBER REEF,"solid|fg=rgb=""FF008000"" |bg=rgb=""FF000000"""
2018,September,9,2018,North Pier East - 240',North Pier East,240,"",108,F,4,14,11,merge,2018-09-04,2018-09-14,true,R/V GOLDEN COMPASS,"solid|fg=rgb=""FF4F81BD"" |bg=rgb=""FF000000"""
2018,September,9,2018,North Pier East - 240',North Pier East,240,"",108,U,19,25,7,merge,2018-09-19,2018-09-25,true,R/V GOLDEN COMPASS,"solid|fg=rgb=""FF4F81BD"" |bg=rgb=""FF000000"""
2018,September,9,2018,South Float West - 90',South Float West,90,"",110,G,5,5,1,single,2018-09-05,2018-09-05,true,M/Y Silver Ketch,"solid|fg=theme=""4"" |bg=indexed=""64"""
2018,September,9,2018,South Float West - 90',South Float West,90,"",110,K,9,9,1,single,2018-09-09,2018-09-09,true,R/V Long Ketch,"solid|fg=rgb=""FF60497A"" |bg=rgb=""FF000000"""
2018,September,9,2018,South Float West - 90',South Float West,90,"",110,U,19,20,2,merge,2018-09-19,2018-09-20,true,R/V Long Ketch,"solid|fg=rgb=""FF60497A"" |bg=rgb=""FF000000"""
2018,September,9,2018,South Float East - 90',South Float East,90,"",111,R,16,17,2,merge,2018-09-16,2018-09-17,true,M/Y Silver Ketch,"solid|fg=theme=""4"" |bg=indexed=""64"""
2018,October,10,2018,North Pier West - 410',North Pier West,410,"",118,T,18,21,4,merge,2018-10-18,2018-10-21,true,R/V GOLDEN COMPASS,"solid|fg=rgb=""FF4F81BD"" |bg=rgb=""FF000000"""
2018,October,10,2018,North Pier West - 410',North Pier West,410,"",118,AB,26,31,6,merge,2018-10-26,2018-10-31,true,R/V GOLDEN COMPASS,"solid|fg=rgb=""FF4F81BD"" |bg=rgb=""FF000000"""
2018,October,10,2018,North Pier East - 240',North Pier East,240,"",120,N,12,19,8,fill_run,2018-10-12,2018-10-19,true,R/V Quiet Osprey,"solid|fg=rgb=""FFFFFF00"" |bg=indexed=""64"""
2018,October,10,2018,Inner Channel - 55',Inner Channel,55,"",121,B,0,0,1,single,"","",false,R/V Golden Horizon,""
2018,October,10,2018,South Float East - 90',South Float East,90,"",123,D,2,11,10,merge,2018-10-02,2018-10-11,true,OSV AMBER REEF,"solid|fg=rgb=""FF008000"" |bg=rgb=""FF000000"""
2018,November,11,2018,Inner Channel - 55',Inner Channel,55,"",133,B,0,0,1,single,"","",false,R/V Golden Horizon,""
2018,December,12,2018,North Pier West - 410',North Pier West,410,"",142,C,1,31,31,merge,2018-12-01,2018-12-31,true,R/V GOLDEN COMPASS,"solid|fg=rgb=""FF4F81BD"" |bg=rgb=""FF000000"""
2018,December,12,2018,Inner Channel - 55',Inner Channel,55,"",145,B,0,0,1,single,"","",false,R/V Golden Horizon,""
2019,January,1,2019,North Pier West - 410',North Pier West,410,"",9,C,1,13,13,merge,2019-01-01,2019-01-13,true,R/V GOLDEN COMPASS,"solid|fg=rgb=""FF4F81BD"" |bg=rgb=""FF000000"""
2019,January,1,2019,North Pier West - 410',North Pier West,410,"",9,T,18,31,14,fill_run,2019-01-18,2019-01-31,true,R/V GOLDEN COMPASS,"solid|fg=rgb=""FF4F81BD"" |bg=rgb=""FF000000"""
2019,January,1,2019,North Pier East - 240',North Pier East,240,"",11,S,17,17,1,single,2019-01-17,2019-01-17,true,OSV Far Tide,"solid|fg=theme=""4"" tint=""0.3999755851924192"" |bg=indexed=""64"""
2019,February,2,2019,North Pier West - 410',North Pier West,410,"",21,C,1,28,28,merge,2019-02-01,2019-02-28,true,R/V GOLDEN COMPASS,"solid|fg=rgb=""FF4F81BD"" |bg=rgb=""FF000000"""
2019,February,2,2019,North Pier East - 240',North Pier East,240,"",23,I,7,9,3,merge,2019-02-07,2019-02-09,true,R/V Northern Star,"solid|fg=rgb=""FFFFFF00"" |bg=indexed=""64"""
2019,February,2,2019,North Pier East - 240',North Pier East,240,"",23,N,12,12,1,single,2019-02-12,2019-02-12,true,OSV Quiet Ketch,"solid|fg=rgb=""FFFFFF00"" |bg=indexed=""64"""
2019,March,3,2019,North Pier West - 410',North Pier West,410,"",33,C,1,31,31,merge,2019-03-01,2019-03-31,true,R/V GOLDEN COMPASS,"solid|fg=rgb=""FF4F81BD"" |bg=rgb=""FF000000"""
2019,March,3,2019,North Pier East - 240',North Pier East,240,"",35,H,6,7,2,merge,2019-03-06,2019-03-07,true,R/V Northern Star,"solid|fg=rgb=""FFFFFF00"" |bg=indexed=""64"""
2019,March,3,2019,North Pier East - 240',North Pier East,240,"",35,Y,23,24,2,fill_run,2019-03-23,2019-03-24,true,F/V SALT FATHOM,"solid|fg=rgb=""FF942093"" |bg=indexed=""64"""
2019,March,3,2019,North Pier East - 240',North Pier East,240,"",35,AC,27,27,1,single,2019-03-27,2019-03-27,true,Barge Silver Voyager,""
2019,April,4,2019,North Pier West - 410',North Pier West,410,"",45,C,1,12,12,fill_run,2019-04-01,2019-04-12,true,R/V GOLDEN COMPASS,"solid|fg=rgb=""FF4F81BD"" |bg=rgb=""FF000000"""
2019,April,4,2019,North Pier West - 410',North Pier West,410,"",45,O,13,17,5,fill_run,2019-04-13,2019-04-17,true,R/V GOLDEN COMPASS,"solid|fg=rgb=""FF4F81BD"" |bg=rgb=""FF000000"""
2019,April,4,2019,North Pier West - 410',North Pier West,410,"",45,AC,27,30,4,merge,2019-04-27,2019-04-30,true,Tug BLUE FATHOM,"solid|fg=rgb=""FF929000"" |bg=indexed=""64"""
2019,April,4,2019,North Pier East - 240',North Pier East,240,"",47,N,12,13,2,merge,2019-04-12,2019-04-13,true,F/V Salt Ketch,"solid|fg=rgb=""FFFFFF00"" |bg=indexed=""64"""
2019,April,4,2019,North Pier East - 240',North Pier East,240,"",47,AA,25,26,2,merge,2019-04-25,2019-04-26,true,Tug BLUE FATHOM,"solid|fg=rgb=""FF929000"" |bg=indexed=""64"""
2019,April,4,2019,South Float West - 90',South Float West,90,"",49,P,14,14,1,single,2019-04-14,2019-04-14,true,R/V Long Ketch,"solid|fg=rgb=""FF60497A"" |bg=rgb=""FF000000"""
2019,April,4,2019,South Float West - 90',South Float West,90,"",49,AD,28,28,1,single,2019-04-28,2019-04-28,true,R/V Long Ketch,"solid|fg=rgb=""FF60497A"" |bg=rgb=""FF000000"""
2019,May,5,2019,North Pier West - 410',North Pier West,410,"",57,M,11,16,6,merge,2019-05-11,2019-05-16,true,R/V GOLDEN COMPASS,"solid|fg=rgb=""FF4F81BD"" |bg=rgb=""FF000000"""
2019,May,5,2019,North Pier West - 410',North Pier West,410,"",57,W,21,30,10,merge,2019-05-21,2019-05-30,true,R/V GOLDEN COMPASS,"solid|fg=rgb=""FF4F81BD"" |bg=rgb=""FF000000"""
2019,May,5,2019,South Float West - 90',South Float West,90,"",61,E,3,3,1,single,2019-05-03,2019-05-03,true,R/V Long Ketch,"solid|fg=rgb=""FF60497A"" |bg=rgb=""FF000000"""
2019,May,5,2019,South Float West - 90',South Float West,90,"",61,J,8,10,3,merge,2019-05-08,2019-05-10,true,R/V Long Ketch,"solid|fg=rgb=""FF60497A"" |bg=rgb=""FF000000"""
2019,May,5,2019,South Float West - 90',South Float West,90,"",61,Q,15,16,2,merge,2019-05-15,2019-05-16,true,R/V Long Ketch,"solid|fg=rgb=""FF60497A"" |bg=rgb=""FF000000"""
2019,May,5,2019,South Float West - 90',South Float West,90,"",61,Z,24,24,1,single,2019-05-24,2019-05-24,true,R/V Long Ketch,""
2019,May,5,2019,South Float East - 90',South Float East,90,"",62,M,11,29,19,merge,2019-05-11,2019-05-29,true,OSV AMBER REEF,"solid|fg=rgb=""FF008000"" |bg=rgb=""FF000000"""
2019,June,6,2019,North Pier West - 410',North Pier West,410,"",69,F,4,10,7,merge,2019-06-04,2019-06-10,true,R/V GOLDEN COMPASS,"solid|fg=rgb=""FF4F81BD"" |bg=rgb=""FF000000"""
2019,June,6,2019,North Pier East - 240',North Pier East,240,"",71,R,16,19,4,merge,2019-06-16,2019-06-19,true,F/V Coral Marlin,"solid|fg=rgb=""FF942093"" |bg=indexed=""64"""
2019,June,6,2019,South Float West - 90',South Float West,90,"",73,F,4,4,1,single,2019-06-04,2019-06-04,true,R/V Long Ketch,"solid|fg=rgb=""FF60497A"" |bg=rgb=""FF000000"""
2019,June,6,2019,South Float West - 90',South Float West,90,"",73,U,19,19,1,single,2019-06-19,2019-06-19,true,R/V Long Ketch,"solid|fg=rgb=""FF60497A"" |bg=rgb=""FF000000"""
2019,June,6,2019,South Float East - 90',South Float East,90,"",74,D,2,12,11,merge,2019-06-02,2019-06-12,true,OSV AMBER REEF,"solid|fg=rgb=""FF008000"" |bg=rgb=""FF000000"""
2019,June,6,2019,South Float East - 90',South Float East,90,"",74,U,19,26,8,merge,2019-06-19,2019-06-26,true,OSV AMBER REEF,"solid|fg=rgb=""FF008000"" |bg=rgb=""FF000000"""
2019,July,7,2019,North Pier West - 410',North Pier West,410,"",81,AB,26,28,3,merge,2019-07-26,2019-07-28,true,Tug BLUE FATHOM,"solid|fg=rgb=""FF929000"" |bg=indexed=""64"""
2019,July,7,2019,South Float West - 90',South Float West,90,"",85,E,3,3,1,single,2019-07-03,2019-07-03,true,R/V Long Ketch,"solid|fg=rgb=""FF60497A"" |bg=rgb=""FF000000"""
2019,July,7,2019,South Float West - 90',South Float West,90,"",85,L,10,10,1,single,2019-07-10,2019-07-10,true,R/V Long Ketch,"solid|fg=rgb=""FF60497A"" |bg=rgb=""FF000000"""
2019,July,7,2019,South Float West - 90',South Float West,90,"",85,N,12,12,1,single,2019-07-12,2019-07-12,true,R/V Long Ketch,""
2019,July,7,2019,South Float West - 90',South Float West,90,"",85,Q,15,15,1,single,2019-07-15,2019-07-15,true,R/V Long Ketch,"solid|fg=rgb=""FF60497A"" |bg=rgb=""FF000000"""
2019,July,7,2019,South Float West - 90',South Float West,90,"",85,S,17,17,1,single,2019-07-17,2019-07-17,true,R/V Long Ketch,"solid|fg=rgb=""FF60497A"" |bg=rgb=""FF000000"""
2019,July,7,2019,South Float West - 90',South Float West,90,"",85,Z,24,24,1,single,2019-07-24,2019-07-24,true,R/V Long Ketch,"solid|fg=rgb=""FF60497A"" |bg=rgb=""FF000000"""
2019,July,7,2019,South Float West - 90',South Float West,90,"",85,AG,31,31,1,single,2019-07-31,2019-07-31,true,R/V Long Ketch,"solid|fg=rgb=""FF60497A"" |bg=rgb=""FF000000"""
2019,July,7,2019,South Float East - 90',South Float East,90,"",86,C,1,2,2,merge,2019-07-01,2019-07-02,true,OSV AMBER REEF,"solid|fg=rgb=""FF008000"" |bg=rgb=""FF000000"""
2019,July,7,2019,South Float East - 90',South Float East,90,"",86,K,9,18,10,merge,2019-07-09,2019-07-18,true,OSV AMBER REEF,"solid|fg=rgb=""FF008000"" |bg=rgb=""FF000000"""
2019,July,7,2019,South Float East - 90',South Float East,90,"",86,AA,25,31,7,merge,2019-07-25,2019-07-31,true,OSV AMBER REEF,"solid|fg=rgb=""FF008000"" |bg=rgb=""FF000000"""
2019,August,8,2019,North Pier East - 240',North Pier East,240,"",95,V,20,22,3,merge,2019-08-20,2019-08-22,true,Tug BLUE FATHOM,"solid|fg=rgb=""FF929000"" |bg=indexed=""64"""
2019,August,8,2019,South Float East - 90',South Float East,90,"",98,G,5,9,5,merge,2019-08-05,2019-08-09,true,OSV AMBER REEF,"solid|fg=rgb=""FF008000"" |bg=rgb=""FF000000"""
2019,August,8,2019,South Float East - 90',South Float East,90,"",98,R,16,21,6,merge,2019-08-16,2019-08-21,true,OSV AMBER REEF,"solid|fg=rgb=""FF008000"" |bg=rgb=""FF000000"""
2019,September,9,2019,North Pier West - 410',North Pier West,410,"",106,E,3,13,11,merge,2019-09-03,2019-09-13,true,R/V GOLDEN COMPASS,"solid|fg=rgb=""FF4F81BD"" |bg=rgb=""FF000000"""
2019,September,9,2019,North Pier West - 410',North Pier West,410,"",106,T,18,24,7,merge,2019-09-18,2019-09-24,true,R/V GOLDEN COMPASS,"solid|fg=rgb=""FF4F81BD"" |bg=rgb=""FF000000"""
2019,October,10,2019,North Pier West - 410',North Pier West,410,"",118,S,17,20,4,merge,2019-10-17,2019-10-20,true,R/V GOLDEN COMPASS,"solid|fg=rgb=""FF4F81BD"" |bg=rgb=""FF000000"""
2019,October,10,2019,North Pier West - 410',North Pier West,410,"",118,AA,25,30,6,merge,2019-10-25,2019-10-30,true,R/V GOLDEN COMPASS,"solid|fg=rgb=""FF4F81BD"" |bg=rgb=""FF000000"""
2019,October,10,2019,Inner Channel - 55',Inner Channel,55,"",121,B,0,0,1,single,"","",false,R/V Golden Horizon,""
2019,October,10,2019,South Float East - 90',South Float East,90,"",123,C,1,10,10,merge,2019-10-01,2019-10-10,true,OSV AMBER REEF,"solid|fg=rgb=""FF008000"" |bg=rgb=""FF000000"""
2019,November,11,2019,Inner Channel - 55',Inner Channel,55,"",133,B,0,0,1,single,"","",false,R/V Golden Horizon,""
2019,December,12,2019,North Pier East - 240',North Pier East,240,"",144,C,1,31,31,merge,2019-12-01,2019-12-31,true,R/V GOLDEN COMPASS,"solid|fg=rgb=""FF4F81BD"" |bg=rgb=""FF000000"""
2019,December,12,2019,Inner Channel - 55',Inner Channel,55,"",145,B,0,0,1,single,"","",false,R/V Golden Horizon,""
